source_row,movimiento,repeticion_id,ventana,fold
0,000,000_0001,1,2
1,000,000_0001,2,2
2,000,000_0001,3,2
3,000,000_0001,4,2
4,000,000_0001,5,2
5,000,000_0001,6,2
6,000,000_0001,7,2
7,000,000_0001,8,2
8,000,000_0002,1,1
9,000,000_0002,2,1
10,000,000_0002,3,1
11,000,000_0002,4,1
12,000,000_0002,5,1
13,000,000_0002,6,1
14,000,000_0002,7,1
15,000,000_0002,8,1
16,000,000_0003,1,5
17,000,000_0003,2,5
18,000,000_0003,3,5
19,000,000_0003,4,5
20,000,000_0003,5,5
21,000,000_0003,6,5
22,000,000_0003,7,5
23,000,000_0003,8,5
24,000,000_0004,1,4
25,000,000_0004,2,4
26,000,000_0004,3,4
27,000,000_0004,4,4
28,000,000_0004,5,4
29,000,000_0004,6,4
30,000,000_0004,7,4
31,000,000_0004,8,4
32,000,000_0005,1,3
33,000,000_0005,2,3
34,000,000_0005,3,3
35,000,000_0005,4,3
36,000,000_0005,5,3
37,000,000_0005,6,3
38,000,000_0005,7,3
39,000,000_0005,8,3
40,000,000_0006,1,2
41,000,000_0006,2,2
42,000,000_0006,3,2
43,000,000_0006,4,2
44,000,000_0006,5,2
45,000,000_0006,6,2
46,000,000_0006,7,2
47,000,000_0006,8,2
48,000,000_0007,1,1
49,000,000_0007,2,1
50,000,000_0007,3,1
51,000,000_0007,4,1
52,000,000_0007,5,1
53,000,000_0007,6,1
54,000,000_0007,7,1
55,000,000_0007,8,1
56,000,000_0008,1,5
57,000,000_0008,2,5
58,000,000_0008,3,5
59,000,000_0008,4,5
60,000,000_0008,5,5
61,000,000_0008,6,5
62,000,000_0008,7,5
63,000,000_0008,8,5
64,000,000_0009,1,4
65,000,000_0009,2,4
66,000,000_0009,3,4
67,000,000_0009,4,4
68,000,000_0009,5,4
69,000,000_0009,6,4
70,000,000_0009,7,4
71,000,000_0009,8,4
72,000,000_0010,1,3
73,000,000_0010,2,3
74,000,000_0010,3,3
75,000,000_0010,4,3
76,000,000_0010,5,3
77,000,000_0010,6,3
78,000,000_0010,7,3
79,000,000_0010,8,3
80,000,000_0011,1,2
81,000,000_0011,2,2
82,000,000_0011,3,2
83,000,000_0011,4,2
84,000,000_0011,5,2
85,000,000_0011,6,2
86,000,000_0011,7,2
87,000,000_0011,8,2
88,000,000_0012,1,1
89,000,000_0012,2,1
90,000,000_0012,3,1
91,000,000_0012,4,1
92,000,000_0012,5,1
93,000,000_0012,6,1
94,000,000_0012,7,1
95,000,000_0012,8,1
96,000,000_0013,1,5
97,000,000_0013,2,5
98,000,000_0013,3,5
99,000,000_0013,4,5
100,000,000_0013,5,5
101,000,000_0013,6,5
102,000,000_0013,7,5
103,000,000_0013,8,5
104,000,000_0014,1,4
105,000,000_0014,2,4
106,000,000_0014,3,4
107,000,000_0014,4,4
108,000,000_0014,5,4
109,000,000_0014,6,4
110,000,000_0014,7,4
111,000,000_0014,8,4
112,000,000_0015,1,3
113,000,000_0015,2,3
114,000,000_0015,3,3
115,000,000_0015,4,3
116,000,000_0015,5,3
117,000,000_0015,6,3
118,000,000_0015,7,3
119,000,000_0015,8,3
120,000,000_0016,1,2
121,000,000_0016,2,2
122,000,000_0016,3,2
123,000,000_0016,4,2
124,000,000_0016,5,2
125,000,000_0016,6,2
126,000,000_0016,7,2
127,000,000_0016,8,2
128,000,000_0017,1,1
129,000,000_0017,2,1
130,000,000_0017,3,1
131,000,000_0017,4,1
132,000,000_0017,5,1
133,000,000_0017,6,1
134,000,000_0017,7,1
135,000,000_0017,8,1
136,000,000_0018,1,5
137,000,000_0018,2,5
138,000,000_0018,3,5
139,000,000_0018,4,5
140,000,000_0018,5,5
141,000,000_0018,6,5
142,000,000_0018,7,5
143,000,000_0018,8,5
144,000,000_0019,1,4
145,000,000_0019,2,4
146,000,000_0019,3,4
147,000,000_0019,4,4
148,000,000_0019,5,4
149,000,000_0019,6,4
150,000,000_0019,7,4
151,000,000_0019,8,4
152,000,000_0020,1,3
153,000,000_0020,2,3
154,000,000_0020,3,3
155,000,000_0020,4,3
156,000,000_0020,5,3
157,000,000_0020,6,3
158,000,000_0020,7,3
159,000,000_0020,8,3
160,000,000_0021,1,2
161,000,000_0021,2,2
162,000,000_0021,3,2
163,000,000_0021,4,2
164,000,000_0021,5,2
165,000,000_0021,6,2
166,000,000_0021,7,2
167,000,000_0021,8,2
168,000,000_0022,1,1
169,000,000_0022,2,1
170,000,000_0022,3,1
171,000,000_0022,4,1
172,000,000_0022,5,1
173,000,000_0022,6,1
174,000,000_0022,7,1
175,000,000_0022,8,1
176,000,000_0023,1,5
177,000,000_0023,2,5
178,000,000_0023,3,5
179,000,000_0023,4,5
180,000,000_0023,5,5
181,000,000_0023,6,5
182,000,000_0023,7,5
183,000,000_0023,8,5
184,000,000_0024,1,4
185,000,000_0024,2,4
186,000,000_0024,3,4
187,000,000_0024,4,4
188,000,000_0024,5,4
189,000,000_0024,6,4
190,000,000_0024,7,4
191,000,000_0024,8,4
192,000,000_0025,1,3
193,000,000_0025,2,3
194,000,000_0025,3,3
195,000,000_0025,4,3
196,000,000_0025,5,3
197,000,000_0025,6,3
198,000,000_0025,7,3
199,000,000_0025,8,3
200,000,000_0026,1,2
201,000,000_0026,2,2
202,000,000_0026,3,2
203,000,000_0026,4,2
204,000,000_0026,5,2
205,000,000_0026,6,2
206,000,000_0026,7,2
207,000,000_0026,8,2
208,000,000_0027,1,1
209,000,000_0027,2,1
210,000,000_0027,3,1
211,000,000_0027,4,1
212,000,000_0027,5,1
213,000,000_0027,6,1
214,000,000_0027,7,1
215,000,000_0027,8,1
216,000,000_0028,1,5
217,000,000_0028,2,5
218,000,000_0028,3,5
219,000,000_0028,4,5
220,000,000_0028,5,5
221,000,000_0028,6,5
222,000,000_0028,7,5
223,000,000_0028,8,5
224,000,000_0029,1,4
225,000,000_0029,2,4
226,000,000_0029,3,4
227,000,000_0029,4,4
228,000,000_0029,5,4
229,000,000_0029,6,4
230,000,000_0029,7,4
231,000,000_0029,8,4
232,000,000_0030,1,3
233,000,000_0030,2,3
234,000,000_0030,3,3
235,000,000_0030,4,3
236,000,000_0030,5,3
237,000,000_0030,6,3
238,000,000_0030,7,3
239,000,000_0030,8,3
240,000,000_0031,1,2
241,000,000_0031,2,2
242,000,000_0031,3,2
243,000,000_0031,4,2
244,000,000_0031,5,2
245,000,000_0031,6,2
246,000,000_0031,7,2
247,000,000_0031,8,2
248,000,000_0032,1,1
249,000,000_0032,2,1
250,000,000_0032,3,1
251,000,000_0032,4,1
252,000,000_0032,5,1
253,000,000_0032,6,1
254,000,000_0032,7,1
255,000,000_0032,8,1
256,000,000_0033,1,5
257,000,000_0033,2,5
258,000,000_0033,3,5
259,000,000_0033,4,5
260,000,000_0033,5,5
261,000,000_0033,6,5
262,000,000_0033,7,5
263,000,000_0033,8,5
264,000,000_0034,1,4
265,000,000_0034,2,4
266,000,000_0034,3,4
267,000,000_0034,4,4
268,000,000_0034,5,4
269,000,000_0034,6,4
270,000,000_0034,7,4
271,000,000_0034,8,4
272,000,000_0035,1,3
273,000,000_0035,2,3
274,000,000_0035,3,3
275,000,000_0035,4,3
276,000,000_0035,5,3
277,000,000_0035,6,3
278,000,000_0035,7,3
279,000,000_0035,8,3
280,000,000_0036,1,2
281,000,000_0036,2,2
282,000,000_0036,3,2
283,000,000_0036,4,2
284,000,000_0036,5,2
285,000,000_0036,6,2
286,000,000_0036,7,2
287,000,000_0036,8,2
288,000,000_0037,1,1
289,000,000_0037,2,1
290,000,000_0037,3,1
291,000,000_0037,4,1
292,000,000_0037,5,1
293,000,000_0037,6,1
294,000,000_0037,7,1
295,000,000_0037,8,1
296,000,000_0038,1,5
297,000,000_0038,2,5
298,000,000_0038,3,5
299,000,000_0038,4,5
300,000,000_0038,5,5
301,000,000_0038,6,5
302,000,000_0038,7,5
303,000,000_0038,8,5
304,000,000_0039,1,4
305,000,000_0039,2,4
306,000,000_0039,3,4
307,000,000_0039,4,4
308,000,000_0039,5,4
309,000,000_0039,6,4
310,000,000_0039,7,4
311,000,000_0039,8,4
312,000,000_0040,1,3
313,000,000_0040,2,3
314,000,000_0040,3,3
315,000,000_0040,4,3
316,000,000_0040,5,3
317,000,000_0040,6,3
318,000,000_0040,7,3
319,000,000_0040,8,3
320,000,000_0041,1,2
321,000,000_0041,2,2
322,000,000_0041,3,2
323,000,000_0041,4,2
324,000,000_0041,5,2
325,000,000_0041,6,2
326,000,000_0041,7,2
327,000,000_0041,8,2
328,000,000_0042,1,1
329,000,000_0042,2,1
330,000,000_0042,3,1
331,000,000_0042,4,1
332,000,000_0042,5,1
333,000,000_0042,6,1
334,000,000_0042,7,1
335,000,000_0042,8,1
336,000,000_0043,1,5
337,000,000_0043,2,5
338,000,000_0043,3,5
339,000,000_0043,4,5
340,000,000_0043,5,5
341,000,000_0043,6,5
342,000,000_0043,7,5
343,000,000_0043,8,5
344,000,000_0044,1,4
345,000,000_0044,2,4
346,000,000_0044,3,4
347,000,000_0044,4,4
348,000,000_0044,5,4
349,000,000_0044,6,4
350,000,000_0044,7,4
351,000,000_0044,8,4
352,000,000_0045,1,3
353,000,000_0045,2,3
354,000,000_0045,3,3
355,000,000_0045,4,3
356,000,000_0045,5,3
357,000,000_0045,6,3
358,000,000_0045,7,3
359,000,000_0045,8,3
360,000,000_0046,1,2
361,000,000_0046,2,2
362,000,000_0046,3,2
363,000,000_0046,4,2
364,000,000_0046,5,2
365,000,000_0046,6,2
366,000,000_0046,7,2
367,000,000_0046,8,2
368,000,000_0047,1,1
369,000,000_0047,2,1
370,000,000_0047,3,1
371,000,000_0047,4,1
372,000,000_0047,5,1
373,000,000_0047,6,1
374,000,000_0047,7,1
375,000,000_0047,8,1
376,000,000_0048,1,5
377,000,000_0048,2,5
378,000,000_0048,3,5
379,000,000_0048,4,5
380,000,000_0048,5,5
381,000,000_0048,6,5
382,000,000_0048,7,5
383,000,000_0048,8,5
384,000,000_0049,1,4
385,000,000_0049,2,4
386,000,000_0049,3,4
387,000,000_0049,4,4
388,000,000_0049,5,4
389,000,000_0049,6,4
390,000,000_0049,7,4
391,000,000_0049,8,4
392,000,000_0050,1,3
393,000,000_0050,2,3
394,000,000_0050,3,3
395,000,000_0050,4,3
396,000,000_0050,5,3
397,000,000_0050,6,3
398,000,000_0050,7,3
399,000,000_0050,8,3
400,000,000_0051,1,2
401,000,000_0051,2,2
402,000,000_0051,3,2
403,000,000_0051,4,2
404,000,000_0051,5,2
405,000,000_0051,6,2
406,000,000_0051,7,2
407,000,000_0051,8,2
408,000,000_0052,1,1
409,000,000_0052,2,1
410,000,000_0052,3,1
411,000,000_0052,4,1
412,000,000_0052,5,1
413,000,000_0052,6,1
414,000,000_0052,7,1
415,000,000_0052,8,1
416,000,000_0053,1,5
417,000,000_0053,2,5
418,000,000_0053,3,5
419,000,000_0053,4,5
420,000,000_0053,5,5
421,000,000_0053,6,5
422,000,000_0053,7,5
423,000,000_0053,8,5
424,000,000_0054,1,4
425,000,000_0054,2,4
426,000,000_0054,3,4
427,000,000_0054,4,4
428,000,000_0054,5,4
429,000,000_0054,6,4
430,000,000_0054,7,4
431,000,000_0054,8,4
432,000,000_0055,1,3
433,000,000_0055,2,3
434,000,000_0055,3,3
435,000,000_0055,4,3
436,000,000_0055,5,3
437,000,000_0055,6,3
438,000,000_0055,7,3
439,000,000_0055,8,3
440,000,000_0056,1,2
441,000,000_0056,2,2
442,000,000_0056,3,2
443,000,000_0056,4,2
444,000,000_0056,5,2
445,000,000_0056,6,2
446,000,000_0056,7,2
447,000,000_0056,8,2
448,000,000_0057,1,1
449,000,000_0057,2,1
450,000,000_0057,3,1
451,000,000_0057,4,1
452,000,000_0057,5,1
453,000,000_0057,6,1
454,000,000_0057,7,1
455,000,000_0057,8,1
456,000,000_0058,1,5
457,000,000_0058,2,5
458,000,000_0058,3,5
459,000,000_0058,4,5
460,000,000_0058,5,5
461,000,000_0058,6,5
462,000,000_0058,7,5
463,000,000_0058,8,5
464,000,000_0059,1,4
465,000,000_0059,2,4
466,000,000_0059,3,4
467,000,000_0059,4,4
468,000,000_0059,5,4
469,000,000_0059,6,4
470,000,000_0059,7,4
471,000,000_0059,8,4
472,000,000_0060,1,3
473,000,000_0060,2,3
474,000,000_0060,3,3
475,000,000_0060,4,3
476,000,000_0060,5,3
477,000,000_0060,6,3
478,000,000_0060,7,3
479,000,000_0060,8,3
480,000,000_0061,1,2
481,000,000_0061,2,2
482,000,000_0061,3,2
483,000,000_0061,4,2
484,000,000_0061,5,2
485,000,000_0061,6,2
486,000,000_0061,7,2
487,000,000_0061,8,2
488,000,000_0062,1,1
489,000,000_0062,2,1
490,000,000_0062,3,1
491,000,000_0062,4,1
492,000,000_0062,5,1
493,000,000_0062,6,1
494,000,000_0062,7,1
495,000,000_0062,8,1
496,000,000_0063,1,5
497,000,000_0063,2,5
498,000,000_0063,3,5
499,000,000_0063,4,5
500,000,000_0063,5,5
501,000,000_0063,6,5
502,000,000_0063,7,5
503,000,000_0063,8,5
504,000,000_0064,1,4
505,000,000_0064,2,4
506,000,000_0064,3,4
507,000,000_0064,4,4
508,000,000_0064,5,4
509,000,000_0064,6,4
510,000,000_0064,7,4
511,000,000_0064,8,4
512,000,000_0065,1,3
513,000,000_0065,2,3
514,000,000_0065,3,3
515,000,000_0065,4,3
516,000,000_0065,5,3
517,000,000_0065,6,3
518,000,000_0065,7,3
519,000,000_0065,8,3
520,000,000_0066,1,2
521,000,000_0066,2,2
522,000,000_0066,3,2
523,000,000_0066,4,2
524,000,000_0066,5,2
525,000,000_0066,6,2
526,000,000_0066,7,2
527,000,000_0066,8,2
528,000,000_0067,1,1
529,000,000_0067,2,1
530,000,000_0067,3,1
531,000,000_0067,4,1
532,000,000_0067,5,1
533,000,000_0067,6,1
534,000,000_0067,7,1
535,000,000_0067,8,1
536,000,000_0068,1,5
537,000,000_0068,2,5
538,000,000_0068,3,5
539,000,000_0068,4,5
540,000,000_0068,5,5
541,000,000_0068,6,5
542,000,000_0068,7,5
543,000,000_0068,8,5
544,000,000_0069,1,4
545,000,000_0069,2,4
546,000,000_0069,3,4
547,000,000_0069,4,4
548,000,000_0069,5,4
549,000,000_0069,6,4
550,000,000_0069,7,4
551,000,000_0069,8,4
552,000,000_0070,1,3
553,000,000_0070,2,3
554,000,000_0070,3,3
555,000,000_0070,4,3
556,000,000_0070,5,3
557,000,000_0070,6,3
558,000,000_0070,7,3
559,000,000_0070,8,3
560,000,000_0071,1,2
561,000,000_0071,2,2
562,000,000_0071,3,2
563,000,000_0071,4,2
564,000,000_0071,5,2
565,000,000_0071,6,2
566,000,000_0071,7,2
567,000,000_0071,8,2
568,000,000_0072,1,1
569,000,000_0072,2,1
570,000,000_0072,3,1
571,000,000_0072,4,1
572,000,000_0072,5,1
573,000,000_0072,6,1
574,000,000_0072,7,1
575,000,000_0072,8,1
576,000,000_0073,1,5
577,000,000_0073,2,5
578,000,000_0073,3,5
579,000,000_0073,4,5
580,000,000_0073,5,5
581,000,000_0073,6,5
582,000,000_0073,7,5
583,000,000_0073,8,5
584,000,000_0074,1,4
585,000,000_0074,2,4
586,000,000_0074,3,4
587,000,000_0074,4,4
588,000,000_0074,5,4
589,000,000_0074,6,4
590,000,000_0074,7,4
591,000,000_0074,8,4
592,000,000_0075,1,3
593,000,000_0075,2,3
594,000,000_0075,3,3
595,000,000_0075,4,3
596,000,000_0075,5,3
597,000,000_0075,6,3
598,000,000_0075,7,3
599,000,000_0075,8,3
600,000,000_0076,1,2
601,000,000_0076,2,2
602,000,000_0076,3,2
603,000,000_0076,4,2
604,000,000_0076,5,2
605,000,000_0076,6,2
606,000,000_0076,7,2
607,000,000_0076,8,2
608,000,000_0077,1,1
609,000,000_0077,2,1
610,000,000_0077,3,1
611,000,000_0077,4,1
612,000,000_0077,5,1
613,000,000_0077,6,1
614,000,000_0077,7,1
615,000,000_0077,8,1
616,000,000_0078,1,5
617,000,000_0078,2,5
618,000,000_0078,3,5
619,000,000_0078,4,5
620,000,000_0078,5,5
621,000,000_0078,6,5
622,000,000_0078,7,5
623,000,000_0078,8,5
624,000,000_0079,1,4
625,000,000_0079,2,4
626,000,000_0079,3,4
627,000,000_0079,4,4
628,000,000_0079,5,4
629,000,000_0079,6,4
630,000,000_0079,7,4
631,000,000_0079,8,4
632,000,000_0080,1,3
633,000,000_0080,2,3
634,000,000_0080,3,3
635,000,000_0080,4,3
636,000,000_0080,5,3
637,000,000_0080,6,3
638,000,000_0080,7,3
639,000,000_0080,8,3
640,000,000_0081,1,2
641,000,000_0081,2,2
642,000,000_0081,3,2
643,000,000_0081,4,2
644,000,000_0081,5,2
645,000,000_0081,6,2
646,000,000_0081,7,2
647,000,000_0081,8,2
648,000,000_0082,1,1
649,000,000_0082,2,1
650,000,000_0082,3,1
651,000,000_0082,4,1
652,000,000_0082,5,1
653,000,000_0082,6,1
654,000,000_0082,7,1
655,000,000_0082,8,1
656,000,000_0083,1,5
657,000,000_0083,2,5
658,000,000_0083,3,5
659,000,000_0083,4,5
660,000,000_0083,5,5
661,000,000_0083,6,5
662,000,000_0083,7,5
663,000,000_0083,8,5
664,000,000_0084,1,4
665,000,000_0084,2,4
666,000,000_0084,3,4
667,000,000_0084,4,4
668,000,000_0084,5,4
669,000,000_0084,6,4
670,000,000_0084,7,4
671,000,000_0084,8,4
672,000,000_0085,1,3
673,000,000_0085,2,3
674,000,000_0085,3,3
675,000,000_0085,4,3
676,000,000_0085,5,3
677,000,000_0085,6,3
678,000,000_0085,7,3
679,000,000_0085,8,3
680,000,000_0086,1,2
681,000,000_0086,2,2
682,000,000_0086,3,2
683,000,000_0086,4,2
684,000,000_0086,5,2
685,000,000_0086,6,2
686,000,000_0086,7,2
687,000,000_0086,8,2
688,000,000_0087,1,1
689,000,000_0087,2,1
690,000,000_0087,3,1
691,000,000_0087,4,1
692,000,000_0087,5,1
693,000,000_0087,6,1
694,000,000_0087,7,1
695,000,000_0087,8,1
696,000,000_0088,1,5
697,000,000_0088,2,5
698,000,000_0088,3,5
699,000,000_0088,4,5
700,000,000_0088,5,5
701,000,000_0088,6,5
702,000,000_0088,7,5
703,000,000_0088,8,5
704,000,000_0089,1,4
705,000,000_0089,2,4
706,000,000_0089,3,4
707,000,000_0089,4,4
708,000,000_0089,5,4
709,000,000_0089,6,4
710,000,000_0089,7,4
711,000,000_0089,8,4
712,000,000_0090,1,3
713,000,000_0090,2,3
714,000,000_0090,3,3
715,000,000_0090,4,3
716,000,000_0090,5,3
717,000,000_0090,6,3
718,000,000_0090,7,3
719,000,000_0090,8,3
720,000,000_0091,1,2
721,000,000_0091,2,2
722,000,000_0091,3,2
723,000,000_0091,4,2
724,000,000_0091,5,2
725,000,000_0091,6,2
726,000,000_0091,7,2
727,000,000_0091,8,2
728,000,000_0092,1,1
729,000,000_0092,2,1
730,000,000_0092,3,1
731,000,000_0092,4,1
732,000,000_0092,5,1
733,000,000_0092,6,1
734,000,000_0092,7,1
735,000,000_0092,8,1
736,000,000_0093,1,5
737,000,000_0093,2,5
738,000,000_0093,3,5
739,000,000_0093,4,5
740,000,000_0093,5,5
741,000,000_0093,6,5
742,000,000_0093,7,5
743,000,000_0093,8,5
744,000,000_0094,1,4
745,000,000_0094,2,4
746,000,000_0094,3,4
747,000,000_0094,4,4
748,000,000_0094,5,4
749,000,000_0094,6,4
750,000,000_0094,7,4
751,000,000_0094,8,4
752,000,000_0095,1,3
753,000,000_0095,2,3
754,000,000_0095,3,3
755,000,000_0095,4,3
756,000,000_0095,5,3
757,000,000_0095,6,3
758,000,000_0095,7,3
759,000,000_0095,8,3
760,000,000_0096,1,2
761,000,000_0096,2,2
762,000,000_0096,3,2
763,000,000_0096,4,2
764,000,000_0096,5,2
765,000,000_0096,6,2
766,000,000_0096,7,2
767,000,000_0096,8,2
768,000,000_0097,1,1
769,000,000_0097,2,1
770,000,000_0097,3,1
771,000,000_0097,4,1
772,000,000_0097,5,1
773,000,000_0097,6,1
774,000,000_0097,7,1
775,000,000_0097,8,1
776,000,000_0098,1,5
777,000,000_0098,2,5
778,000,000_0098,3,5
779,000,000_0098,4,5
780,000,000_0098,5,5
781,000,000_0098,6,5
782,000,000_0098,7,5
783,000,000_0098,8,5
784,000,000_0099,1,4
785,000,000_0099,2,4
786,000,000_0099,3,4
787,000,000_0099,4,4
788,000,000_0099,5,4
789,000,000_0099,6,4
790,000,000_0099,7,4
791,000,000_0099,8,4
792,000,000_0100,1,3
793,000,000_0100,2,3
794,000,000_0100,3,3
795,000,000_0100,4,3
796,000,000_0100,5,3
797,000,000_0100,6,3
798,000,000_0100,7,3
799,000,000_0100,8,3
800,000,000_0101,1,2
801,000,000_0101,2,2
802,000,000_0101,3,2
803,000,000_0101,4,2
804,000,000_0101,5,2
805,000,000_0101,6,2
806,000,000_0101,7,2
807,000,000_0101,8,2
808,000,000_0102,1,1
809,000,000_0102,2,1
810,000,000_0102,3,1
811,000,000_0102,4,1
812,000,000_0102,5,1
813,000,000_0102,6,1
814,000,000_0102,7,1
815,000,000_0102,8,1
816,000,000_0103,1,5
817,000,000_0103,2,5
818,000,000_0103,3,5
819,000,000_0103,4,5
820,000,000_0103,5,5
821,000,000_0103,6,5
822,000,000_0103,7,5
823,000,000_0103,8,5
824,000,000_0104,1,4
825,000,000_0104,2,4
826,000,000_0104,3,4
827,000,000_0104,4,4
828,000,000_0104,5,4
829,000,000_0104,6,4
830,000,000_0104,7,4
831,000,000_0104,8,4
832,000,000_0105,1,3
833,000,000_0105,2,3
834,000,000_0105,3,3
835,000,000_0105,4,3
836,000,000_0105,5,3
837,000,000_0105,6,3
838,000,000_0105,7,3
839,000,000_0105,8,3
840,000,000_0106,1,2
841,000,000_0106,2,2
842,000,000_0106,3,2
843,000,000_0106,4,2
844,000,000_0106,5,2
845,000,000_0106,6,2
846,000,000_0106,7,2
847,000,000_0106,8,2
848,000,000_0107,1,1
849,000,000_0107,2,1
850,000,000_0107,3,1
851,000,000_0107,4,1
852,000,000_0107,5,1
853,000,000_0107,6,1
854,000,000_0107,7,1
855,000,000_0107,8,1
856,000,000_0108,1,5
857,000,000_0108,2,5
858,000,000_0108,3,5
859,000,000_0108,4,5
860,000,000_0108,5,5
861,000,000_0108,6,5
862,000,000_0108,7,5
863,000,000_0108,8,5
864,000,000_0109,1,4
865,000,000_0109,2,4
866,000,000_0109,3,4
867,000,000_0109,4,4
868,000,000_0109,5,4
869,000,000_0109,6,4
870,000,000_0109,7,4
871,000,000_0109,8,4
872,000,000_0110,1,3
873,000,000_0110,2,3
874,000,000_0110,3,3
875,000,000_0110,4,3
876,000,000_0110,5,3
877,000,000_0110,6,3
878,000,000_0110,7,3
879,000,000_0110,8,3
880,000,000_0111,1,2
881,000,000_0111,2,2
882,000,000_0111,3,2
883,000,000_0111,4,2
884,000,000_0111,5,2
885,000,000_0111,6,2
886,000,000_0111,7,2
887,000,000_0111,8,2
888,000,000_0112,1,1
889,000,000_0112,2,1
890,000,000_0112,3,1
891,000,000_0112,4,1
892,000,000_0112,5,1
893,000,000_0112,6,1
894,000,000_0112,7,1
895,000,000_0112,8,1
896,000,000_0113,1,5
897,000,000_0113,2,5
898,000,000_0113,3,5
899,000,000_0113,4,5
900,000,000_0113,5,5
901,000,000_0113,6,5
902,000,000_0113,7,5
903,000,000_0113,8,5
904,000,000_0114,1,4
905,000,000_0114,2,4
906,000,000_0114,3,4
907,000,000_0114,4,4
908,000,000_0114,5,4
909,000,000_0114,6,4
910,000,000_0114,7,4
911,000,000_0114,8,4
912,000,000_0115,1,3
913,000,000_0115,2,3
914,000,000_0115,3,3
915,000,000_0115,4,3
916,000,000_0115,5,3
917,000,000_0115,6,3
918,000,000_0115,7,3
919,000,000_0115,8,3
920,000,000_0116,1,2
921,000,000_0116,2,2
922,000,000_0116,3,2
923,000,000_0116,4,2
924,000,000_0116,5,2
925,000,000_0116,6,2
926,000,000_0116,7,2
927,000,000_0116,8,2
928,000,000_0117,1,1
929,000,000_0117,2,1
930,000,000_0117,3,1
931,000,000_0117,4,1
932,000,000_0117,5,1
933,000,000_0117,6,1
934,000,000_0117,7,1
935,000,000_0117,8,1
936,000,000_0118,1,5
937,000,000_0118,2,5
938,000,000_0118,3,5
939,000,000_0118,4,5
940,000,000_0118,5,5
941,000,000_0118,6,5
942,000,000_0118,7,5
943,000,000_0118,8,5
944,000,000_0119,1,4
945,000,000_0119,2,4
946,000,000_0119,3,4
947,000,000_0119,4,4
948,000,000_0119,5,4
949,000,000_0119,6,4
950,000,000_0119,7,4
951,000,000_0119,8,4
952,000,000_0120,1,3
953,000,000_0120,2,3
954,000,000_0120,3,3
955,000,000_0120,4,3
956,000,000_0120,5,3
957,000,000_0120,6,3
958,000,000_0120,7,3
959,000,000_0120,8,3
960,000,000_0121,1,2
961,000,000_0121,2,2
962,000,000_0121,3,2
963,000,000_0121,4,2
964,000,000_0121,5,2
965,000,000_0121,6,2
966,000,000_0121,7,2
967,000,000_0121,8,2
968,000,000_0122,1,1
969,000,000_0122,2,1
970,000,000_0122,3,1
971,000,000_0122,4,1
972,000,000_0122,5,1
973,000,000_0122,6,1
974,000,000_0122,7,1
975,000,000_0122,8,1
976,000,000_0123,1,5
977,000,000_0123,2,5
978,000,000_0123,3,5
979,000,000_0123,4,5
980,000,000_0123,5,5
981,000,000_0123,6,5
982,000,000_0123,7,5
983,000,000_0123,8,5
984,000,000_0124,1,4
985,000,000_0124,2,4
986,000,000_0124,3,4
987,000,000_0124,4,4
988,000,000_0124,5,4
989,000,000_0124,6,4
990,000,000_0124,7,4
991,000,000_0124,8,4
992,000,000_0125,1,3
993,000,000_0125,2,3
994,000,000_0125,3,3
995,000,000_0125,4,3
996,000,000_0125,5,3
997,000,000_0125,6,3
998,000,000_0125,7,3
999,000,000_0125,8,3
1000,000,000_0126,1,2
1001,000,000_0126,2,2
1002,000,000_0126,3,2
1003,000,000_0126,4,2
1004,000,000_0126,5,2
1005,000,000_0126,6,2
1006,000,000_0126,7,2
1007,000,000_0126,8,2
1008,000,000_0127,1,1
1009,000,000_0127,2,1
1010,000,000_0127,3,1
1011,000,000_0127,4,1
1012,000,000_0127,5,1
1013,000,000_0127,6,1
1014,000,000_0127,7,1
1015,000,000_0127,8,1
1016,000,000_0128,1,5
1017,000,000_0128,2,5
1018,000,000_0128,3,5
1019,000,000_0128,4,5
1020,000,000_0128,5,5
1021,000,000_0128,6,5
1022,000,000_0128,7,5
1023,000,000_0128,8,5
1024,000,000_0129,1,4
1025,000,000_0129,2,4
1026,000,000_0129,3,4
1027,000,000_0129,4,4
1028,000,000_0129,5,4
1029,000,000_0129,6,4
1030,000,000_0129,7,4
1031,000,000_0129,8,4
1032,000,000_0130,1,3
1033,000,000_0130,2,3
1034,000,000_0130,3,3
1035,000,000_0130,4,3
1036,000,000_0130,5,3
1037,000,000_0130,6,3
1038,000,000_0130,7,3
1039,000,000_0130,8,3
1040,000,000_0131,1,2
1041,000,000_0131,2,2
1042,000,000_0131,3,2
1043,000,000_0131,4,2
1044,000,000_0131,5,2
1045,000,000_0131,6,2
1046,000,000_0131,7,2
1047,000,000_0131,8,2
1048,000,000_0132,1,1
1049,000,000_0132,2,1
1050,000,000_0132,3,1
1051,000,000_0132,4,1
1052,000,000_0132,5,1
1053,000,000_0132,6,1
1054,000,000_0132,7,1
1055,000,000_0132,8,1
1056,000,000_0133,1,5
1057,000,000_0133,2,5
1058,000,000_0133,3,5
1059,000,000_0133,4,5
1060,000,000_0133,5,5
1061,000,000_0133,6,5
1062,000,000_0133,7,5
1063,000,000_0133,8,5
1064,000,000_0134,1,4
1065,000,000_0134,2,4
1066,000,000_0134,3,4
1067,000,000_0134,4,4
1068,000,000_0134,5,4
1069,000,000_0134,6,4
1070,000,000_0134,7,4
1071,000,000_0134,8,4
1072,000,000_0135,1,3
1073,000,000_0135,2,3
1074,000,000_0135,3,3
1075,000,000_0135,4,3
1076,000,000_0135,5,3
1077,000,000_0135,6,3
1078,000,000_0135,7,3
1079,000,000_0135,8,3
1080,000,000_0136,1,2
1081,000,000_0136,2,2
1082,000,000_0136,3,2
1083,000,000_0136,4,2
1084,000,000_0136,5,2
1085,000,000_0136,6,2
1086,000,000_0136,7,2
1087,000,000_0136,8,2
1088,000,000_0137,1,1
1089,000,000_0137,2,1
1090,000,000_0137,3,1
1091,000,000_0137,4,1
1092,000,000_0137,5,1
1093,000,000_0137,6,1
1094,000,000_0137,7,1
1095,000,000_0137,8,1
1096,000,000_0138,1,5
1097,000,000_0138,2,5
1098,000,000_0138,3,5
1099,000,000_0138,4,5
1100,000,000_0138,5,5
1101,000,000_0138,6,5
1102,000,000_0138,7,5
1103,000,000_0138,8,5
1104,000,000_0139,1,4
1105,000,000_0139,2,4
1106,000,000_0139,3,4
1107,000,000_0139,4,4
1108,000,000_0139,5,4
1109,000,000_0139,6,4
1110,000,000_0139,7,4
1111,000,000_0139,8,4
1112,000,000_0140,1,3
1113,000,000_0140,2,3
1114,000,000_0140,3,3
1115,000,000_0140,4,3
1116,000,000_0140,5,3
1117,000,000_0140,6,3
1118,000,000_0140,7,3
1119,000,000_0140,8,3
1120,000,000_0141,1,2
1121,000,000_0141,2,2
1122,000,000_0141,3,2
1123,000,000_0141,4,2
1124,000,000_0141,5,2
1125,000,000_0141,6,2
1126,000,000_0141,7,2
1127,000,000_0141,8,2
1128,000,000_0142,1,1
1129,000,000_0142,2,1
1130,000,000_0142,3,1
1131,000,000_0142,4,1
1132,000,000_0142,5,1
1133,000,000_0142,6,1
1134,000,000_0142,7,1
1135,000,000_0142,8,1
1136,000,000_0143,1,5
1137,000,000_0143,2,5
1138,000,000_0143,3,5
1139,000,000_0143,4,5
1140,000,000_0143,5,5
1141,000,000_0143,6,5
1142,000,000_0143,7,5
1143,000,000_0143,8,5
1144,000,000_0144,1,4
1145,000,000_0144,2,4
1146,000,000_0144,3,4
1147,000,000_0144,4,4
1148,000,000_0144,5,4
1149,000,000_0144,6,4
1150,000,000_0144,7,4
1151,000,000_0144,8,4
1152,000,000_0145,1,3
1153,000,000_0145,2,3
1154,000,000_0145,3,3
1155,000,000_0145,4,3
1156,000,000_0145,5,3
1157,000,000_0145,6,3
1158,000,000_0145,7,3
1159,000,000_0145,8,3
1160,000,000_0146,1,2
1161,000,000_0146,2,2
1162,000,000_0146,3,2
1163,000,000_0146,4,2
1164,000,000_0146,5,2
1165,000,000_0146,6,2
1166,000,000_0146,7,2
1167,000,000_0146,8,2
1168,000,000_0147,1,1
1169,000,000_0147,2,1
1170,000,000_0147,3,1
1171,000,000_0147,4,1
1172,000,000_0147,5,1
1173,000,000_0147,6,1
1174,000,000_0147,7,1
1175,000,000_0147,8,1
1176,000,000_0148,1,5
1177,000,000_0148,2,5
1178,000,000_0148,3,5
1179,000,000_0148,4,5
1180,000,000_0148,5,5
1181,000,000_0148,6,5
1182,000,000_0148,7,5
1183,000,000_0148,8,5
1184,000,000_0149,1,4
1185,000,000_0149,2,4
1186,000,000_0149,3,4
1187,000,000_0149,4,4
1188,000,000_0149,5,4
1189,000,000_0149,6,4
1190,000,000_0149,7,4
1191,000,000_0149,8,4
1192,000,000_0150,1,3
1193,000,000_0150,2,3
1194,000,000_0150,3,3
1195,000,000_0150,4,3
1196,000,000_0150,5,3
1197,000,000_0150,6,3
1198,000,000_0150,7,3
1199,000,000_0150,8,3
1200,000,000_0151,1,2
1201,000,000_0151,2,2
1202,000,000_0151,3,2
1203,000,000_0151,4,2
1204,000,000_0151,5,2
1205,000,000_0151,6,2
1206,000,000_0151,7,2
1207,000,000_0151,8,2
1208,000,000_0152,1,1
1209,000,000_0152,2,1
1210,000,000_0152,3,1
1211,000,000_0152,4,1
1212,000,000_0152,5,1
1213,000,000_0152,6,1
1214,000,000_0152,7,1
1215,000,000_0152,8,1
1216,000,000_0153,1,5
1217,000,000_0153,2,5
1218,000,000_0153,3,5
1219,000,000_0153,4,5
1220,000,000_0153,5,5
1221,000,000_0153,6,5
1222,000,000_0153,7,5
1223,000,000_0153,8,5
1224,000,000_0154,1,4
1225,000,000_0154,2,4
1226,000,000_0154,3,4
1227,000,000_0154,4,4
1228,000,000_0154,5,4
1229,000,000_0154,6,4
1230,000,000_0154,7,4
1231,000,000_0154,8,4
1232,000,000_0155,1,3
1233,000,000_0155,2,3
1234,000,000_0155,3,3
1235,000,000_0155,4,3
1236,000,000_0155,5,3
1237,000,000_0155,6,3
1238,000,000_0155,7,3
1239,000,000_0155,8,3
1240,000,000_0156,1,2
1241,000,000_0156,2,2
1242,000,000_0156,3,2
1243,000,000_0156,4,2
1244,000,000_0156,5,2
1245,000,000_0156,6,2
1246,000,000_0156,7,2
1247,000,000_0156,8,2
1248,000,000_0157,1,1
1249,000,000_0157,2,1
1250,000,000_0157,3,1
1251,000,000_0157,4,1
1252,000,000_0157,5,1
1253,000,000_0157,6,1
1254,000,000_0157,7,1
1255,000,000_0157,8,1
1256,000,000_0158,1,5
1257,000,000_0158,2,5
1258,000,000_0158,3,5
1259,000,000_0158,4,5
1260,000,000_0158,5,5
1261,000,000_0158,6,5
1262,000,000_0158,7,5
1263,000,000_0158,8,5
1264,000,000_0159,1,4
1265,000,000_0159,2,4
1266,000,000_0159,3,4
1267,000,000_0159,4,4
1268,000,000_0159,5,4
1269,000,000_0159,6,4
1270,000,000_0159,7,4
1271,000,000_0159,8,4
1272,000,000_0160,1,3
1273,000,000_0160,2,3
1274,000,000_0160,3,3
1275,000,000_0160,4,3
1276,000,000_0160,5,3
1277,000,000_0160,6,3
1278,000,000_0160,7,3
1279,000,000_0160,8,3
1280,000,000_0161,1,2
1281,000,000_0161,2,2
1282,000,000_0161,3,2
1283,000,000_0161,4,2
1284,000,000_0161,5,2
1285,000,000_0161,6,2
1286,000,000_0161,7,2
1287,000,000_0161,8,2
1288,000,000_0162,1,1
1289,000,000_0162,2,1
1290,000,000_0162,3,1
1291,000,000_0162,4,1
1292,000,000_0162,5,1
1293,000,000_0162,6,1
1294,000,000_0162,7,1
1295,000,000_0162,8,1
1296,000,000_0163,1,5
1297,000,000_0163,2,5
1298,000,000_0163,3,5
1299,000,000_0163,4,5
1300,000,000_0163,5,5
1301,000,000_0163,6,5
1302,000,000_0163,7,5
1303,000,000_0163,8,5
1304,000,000_0164,1,4
1305,000,000_0164,2,4
1306,000,000_0164,3,4
1307,000,000_0164,4,4
1308,000,000_0164,5,4
1309,000,000_0164,6,4
1310,000,000_0164,7,4
1311,000,000_0164,8,4
1312,000,000_0165,1,3
1313,000,000_0165,2,3
1314,000,000_0165,3,3
1315,000,000_0165,4,3
1316,000,000_0165,5,3
1317,000,000_0165,6,3
1318,000,000_0165,7,3
1319,000,000_0165,8,3
1320,000,000_0166,1,2
1321,000,000_0166,2,2
1322,000,000_0166,3,2
1323,000,000_0166,4,2
1324,000,000_0166,5,2
1325,000,000_0166,6,2
1326,000,000_0166,7,2
1327,000,000_0166,8,2
1328,000,000_0167,1,1
1329,000,000_0167,2,1
1330,000,000_0167,3,1
1331,000,000_0167,4,1
1332,000,000_0167,5,1
1333,000,000_0167,6,1
1334,000,000_0167,7,1
1335,000,000_0167,8,1
1336,000,000_0168,1,5
1337,000,000_0168,2,5
1338,000,000_0168,3,5
1339,000,000_0168,4,5
1340,000,000_0168,5,5
1341,000,000_0168,6,5
1342,000,000_0168,7,5
1343,000,000_0168,8,5
1344,000,000_0169,1,4
1345,000,000_0169,2,4
1346,000,000_0169,3,4
1347,000,000_0169,4,4
1348,000,000_0169,5,4
1349,000,000_0169,6,4
1350,000,000_0169,7,4
1351,000,000_0169,8,4
1352,000,000_0170,1,3
1353,000,000_0170,2,3
1354,000,000_0170,3,3
1355,000,000_0170,4,3
1356,000,000_0170,5,3
1357,000,000_0170,6,3
1358,000,000_0170,7,3
1359,000,000_0170,8,3
1360,000,000_0171,1,2
1361,000,000_0171,2,2
1362,000,000_0171,3,2
1363,000,000_0171,4,2
1364,000,000_0171,5,2
1365,000,000_0171,6,2
1366,000,000_0171,7,2
1367,000,000_0171,8,2
1368,000,000_0172,1,1
1369,000,000_0172,2,1
1370,000,000_0172,3,1
1371,000,000_0172,4,1
1372,000,000_0172,5,1
1373,000,000_0172,6,1
1374,000,000_0172,7,1
1375,000,000_0172,8,1
1376,000,000_0173,1,5
1377,000,000_0173,2,5
1378,000,000_0173,3,5
1379,000,000_0173,4,5
1380,000,000_0173,5,5
1381,000,000_0173,6,5
1382,000,000_0173,7,5
1383,000,000_0173,8,5
1384,000,000_0174,1,4
1385,000,000_0174,2,4
1386,000,000_0174,3,4
1387,000,000_0174,4,4
1388,000,000_0174,5,4
1389,000,000_0174,6,4
1390,000,000_0174,7,4
1391,000,000_0174,8,4
1392,000,000_0175,1,3
1393,000,000_0175,2,3
1394,000,000_0175,3,3
1395,000,000_0175,4,3
1396,000,000_0175,5,3
1397,000,000_0175,6,3
1398,000,000_0175,7,3
1399,000,000_0175,8,3
1400,000,000_0176,1,2
1401,000,000_0176,2,2
1402,000,000_0176,3,2
1403,000,000_0176,4,2
1404,000,000_0176,5,2
1405,000,000_0176,6,2
1406,000,000_0176,7,2
1407,000,000_0176,8,2
1408,000,000_0177,1,1
1409,000,000_0177,2,1
1410,000,000_0177,3,1
1411,000,000_0177,4,1
1412,000,000_0177,5,1
1413,000,000_0177,6,1
1414,000,000_0177,7,1
1415,000,000_0177,8,1
1416,000,000_0178,1,5
1417,000,000_0178,2,5
1418,000,000_0178,3,5
1419,000,000_0178,4,5
1420,000,000_0178,5,5
1421,000,000_0178,6,5
1422,000,000_0178,7,5
1423,000,000_0178,8,5
1424,000,000_0179,1,4
1425,000,000_0179,2,4
1426,000,000_0179,3,4
1427,000,000_0179,4,4
1428,000,000_0179,5,4
1429,000,000_0179,6,4
1430,000,000_0179,7,4
1431,000,000_0179,8,4
1432,000,000_0180,1,3
1433,000,000_0180,2,3
1434,000,000_0180,3,3
1435,000,000_0180,4,3
1436,000,000_0180,5,3
1437,000,000_0180,6,3
1438,000,000_0180,7,3
1439,000,000_0180,8,3
1440,000,000_0181,1,2
1441,000,000_0181,2,2
1442,000,000_0181,3,2
1443,000,000_0181,4,2
1444,000,000_0181,5,2
1445,000,000_0181,6,2
1446,000,000_0181,7,2
1447,000,000_0181,8,2
1448,000,000_0182,1,1
1449,000,000_0182,2,1
1450,000,000_0182,3,1
1451,000,000_0182,4,1
1452,000,000_0182,5,1
1453,000,000_0182,6,1
1454,000,000_0182,7,1
1455,000,000_0182,8,1
1456,000,000_0183,1,5
1457,000,000_0183,2,5
1458,000,000_0183,3,5
1459,000,000_0183,4,5
1460,000,000_0183,5,5
1461,000,000_0183,6,5
1462,000,000_0183,7,5
1463,000,000_0183,8,5
1464,000,000_0184,1,4
1465,000,000_0184,2,4
1466,000,000_0184,3,4
1467,000,000_0184,4,4
1468,000,000_0184,5,4
1469,000,000_0184,6,4
1470,000,000_0184,7,4
1471,000,000_0184,8,4
1472,000,000_0185,1,3
1473,000,000_0185,2,3
1474,000,000_0185,3,3
1475,000,000_0185,4,3
1476,000,000_0185,5,3
1477,000,000_0185,6,3
1478,000,000_0185,7,3
1479,000,000_0185,8,3
1480,000,000_0186,1,2
1481,000,000_0186,2,2
1482,000,000_0186,3,2
1483,000,000_0186,4,2
1484,000,000_0186,5,2
1485,000,000_0186,6,2
1486,000,000_0186,7,2
1487,000,000_0186,8,2
1488,000,000_0187,1,1
1489,000,000_0187,2,1
1490,000,000_0187,3,1
1491,000,000_0187,4,1
1492,000,000_0187,5,1
1493,000,000_0187,6,1
1494,000,000_0187,7,1
1495,000,000_0187,8,1
1496,000,000_0188,1,5
1497,000,000_0188,2,5
1498,000,000_0188,3,5
1499,000,000_0188,4,5
1500,000,000_0188,5,5
1501,000,000_0188,6,5
1502,000,000_0188,7,5
1503,000,000_0188,8,5
1504,000,000_0189,1,4
1505,000,000_0189,2,4
1506,000,000_0189,3,4
1507,000,000_0189,4,4
1508,000,000_0189,5,4
1509,000,000_0189,6,4
1510,000,000_0189,7,4
1511,000,000_0189,8,4
1512,000,000_0190,1,3
1513,000,000_0190,2,3
1514,000,000_0190,3,3
1515,000,000_0190,4,3
1516,000,000_0190,5,3
1517,000,000_0190,6,3
1518,000,000_0190,7,3
1519,000,000_0190,8,3
1520,000,000_0191,1,2
1521,000,000_0191,2,2
1522,000,000_0191,3,2
1523,000,000_0191,4,2
1524,000,000_0191,5,2
1525,000,000_0191,6,2
1526,000,000_0191,7,2
1527,000,000_0191,8,2
1528,000,000_0192,1,1
1529,000,000_0192,2,1
1530,000,000_0192,3,1
1531,000,000_0192,4,1
1532,000,000_0192,5,1
1533,000,000_0192,6,1
1534,000,000_0192,7,1
1535,000,000_0192,8,1
1536,000,000_0193,1,5
1537,000,000_0193,2,5
1538,000,000_0193,3,5
1539,000,000_0193,4,5
1540,000,000_0193,5,5
1541,000,000_0193,6,5
1542,000,000_0193,7,5
1543,000,000_0193,8,5
1544,000,000_0194,1,4
1545,000,000_0194,2,4
1546,000,000_0194,3,4
1547,000,000_0194,4,4
1548,000,000_0194,5,4
1549,000,000_0194,6,4
1550,000,000_0194,7,4
1551,000,000_0194,8,4
1552,000,000_0195,1,3
1553,000,000_0195,2,3
1554,000,000_0195,3,3
1555,000,000_0195,4,3
1556,000,000_0195,5,3
1557,000,000_0195,6,3
1558,000,000_0195,7,3
1559,000,000_0195,8,3
1560,000,000_0196,1,2
1561,000,000_0196,2,2
1562,000,000_0196,3,2
1563,000,000_0196,4,2
1564,000,000_0196,5,2
1565,000,000_0196,6,2
1566,000,000_0196,7,2
1567,000,000_0196,8,2
1568,000,000_0197,1,1
1569,000,000_0197,2,1
1570,000,000_0197,3,1
1571,000,000_0197,4,1
1572,000,000_0197,5,1
1573,000,000_0197,6,1
1574,000,000_0197,7,1
1575,000,000_0197,8,1
1576,000,000_0198,1,5
1577,000,000_0198,2,5
1578,000,000_0198,3,5
1579,000,000_0198,4,5
1580,000,000_0198,5,5
1581,000,000_0198,6,5
1582,000,000_0198,7,5
1583,000,000_0198,8,5
1584,000,000_0199,1,4
1585,000,000_0199,2,4
1586,000,000_0199,3,4
1587,000,000_0199,4,4
1588,000,000_0199,5,4
1589,000,000_0199,6,4
1590,000,000_0199,7,4
1591,000,000_0199,8,4
1592,000,000_0200,1,3
1593,000,000_0200,2,3
1594,000,000_0200,3,3
1595,000,000_0200,4,3
1596,000,000_0200,5,3
1597,000,000_0200,6,3
1598,000,000_0200,7,3
1599,000,000_0200,8,3
1600,000,000_0201,1,2
1601,000,000_0201,2,2
1602,000,000_0201,3,2
1603,000,000_0201,4,2
1604,000,000_0201,5,2
1605,000,000_0201,6,2
1606,000,000_0201,7,2
1607,000,000_0201,8,2
1608,000,000_0202,1,1
1609,000,000_0202,2,1
1610,000,000_0202,3,1
1611,000,000_0202,4,1
1612,000,000_0202,5,1
1613,000,000_0202,6,1
1614,000,000_0202,7,1
1615,000,000_0202,8,1
1616,000,000_0203,1,5
1617,000,000_0203,2,5
1618,000,000_0203,3,5
1619,000,000_0203,4,5
1620,000,000_0203,5,5
1621,000,000_0203,6,5
1622,000,000_0203,7,5
1623,000,000_0203,8,5
1624,000,000_0204,1,4
1625,000,000_0204,2,4
1626,000,000_0204,3,4
1627,000,000_0204,4,4
1628,000,000_0204,5,4
1629,000,000_0204,6,4
1630,000,000_0204,7,4
1631,000,000_0204,8,4
1632,000,000_0205,1,3
1633,000,000_0205,2,3
1634,000,000_0205,3,3
1635,000,000_0205,4,3
1636,000,000_0205,5,3
1637,000,000_0205,6,3
1638,000,000_0205,7,3
1639,000,000_0205,8,3
1640,000,000_0206,1,2
1641,000,000_0206,2,2
1642,000,000_0206,3,2
1643,000,000_0206,4,2
1644,000,000_0206,5,2
1645,000,000_0206,6,2
1646,000,000_0206,7,2
1647,000,000_0206,8,2
1648,000,000_0207,1,1
1649,000,000_0207,2,1
1650,000,000_0207,3,1
1651,000,000_0207,4,1
1652,000,000_0207,5,1
1653,000,000_0207,6,1
1654,000,000_0207,7,1
1655,000,000_0207,8,1
1656,000,000_0208,1,5
1657,000,000_0208,2,5
1658,000,000_0208,3,5
1659,000,000_0208,4,5
1660,000,000_0208,5,5
1661,000,000_0208,6,5
1662,000,000_0208,7,5
1663,000,000_0208,8,5
1664,000,000_0209,1,4
1665,000,000_0209,2,4
1666,000,000_0209,3,4
1667,000,000_0209,4,4
1668,000,000_0209,5,4
1669,000,000_0209,6,4
1670,000,000_0209,7,4
1671,000,000_0209,8,4
1672,000,000_0210,1,3
1673,000,000_0210,2,3
1674,000,000_0210,3,3
1675,000,000_0210,4,3
1676,000,000_0210,5,3
1677,000,000_0210,6,3
1678,000,000_0210,7,3
1679,000,000_0210,8,3
1680,000,000_0211,1,2
1681,000,000_0211,2,2
1682,000,000_0211,3,2
1683,000,000_0211,4,2
1684,000,000_0211,5,2
1685,000,000_0211,6,2
1686,000,000_0211,7,2
1687,000,000_0211,8,2
1688,000,000_0212,1,1
1689,000,000_0212,2,1
1690,000,000_0212,3,1
1691,000,000_0212,4,1
1692,000,000_0212,5,1
1693,000,000_0212,6,1
1694,000,000_0212,7,1
1695,000,000_0212,8,1
1696,000,000_0213,1,5
1697,000,000_0213,2,5
1698,000,000_0213,3,5
1699,000,000_0213,4,5
1700,000,000_0213,5,5
1701,000,000_0213,6,5
1702,000,000_0213,7,5
1703,000,000_0213,8,5
1704,000,000_0214,1,4
1705,000,000_0214,2,4
1706,000,000_0214,3,4
1707,000,000_0214,4,4
1708,000,000_0214,5,4
1709,000,000_0214,6,4
1710,000,000_0214,7,4
1711,000,000_0214,8,4
1712,000,000_0215,1,3
1713,000,000_0215,2,3
1714,000,000_0215,3,3
1715,000,000_0215,4,3
1716,000,000_0215,5,3
1717,000,000_0215,6,3
1718,000,000_0215,7,3
1719,000,000_0215,8,3
1720,000,000_0216,1,2
1721,000,000_0216,2,2
1722,000,000_0216,3,2
1723,000,000_0216,4,2
1724,000,000_0216,5,2
1725,000,000_0216,6,2
1726,000,000_0216,7,2
1727,000,000_0216,8,2
1728,000,000_0217,1,1
1729,000,000_0217,2,1
1730,000,000_0217,3,1
1731,000,000_0217,4,1
1732,000,000_0217,5,1
1733,000,000_0217,6,1
1734,000,000_0217,7,1
1735,000,000_0217,8,1
1736,000,000_0218,1,5
1737,000,000_0218,2,5
1738,000,000_0218,3,5
1739,000,000_0218,4,5
1740,000,000_0218,5,5
1741,000,000_0218,6,5
1742,000,000_0218,7,5
1743,000,000_0218,8,5
1744,000,000_0219,1,4
1745,000,000_0219,2,4
1746,000,000_0219,3,4
1747,000,000_0219,4,4
1748,000,000_0219,5,4
1749,000,000_0219,6,4
1750,000,000_0219,7,4
1751,000,000_0219,8,4
1752,000,000_0220,1,3
1753,000,000_0220,2,3
1754,000,000_0220,3,3
1755,000,000_0220,4,3
1756,000,000_0220,5,3
1757,000,000_0220,6,3
1758,000,000_0220,7,3
1759,000,000_0220,8,3
1760,000,000_0221,1,2
1761,000,000_0221,2,2
1762,000,000_0221,3,2
1763,000,000_0221,4,2
1764,000,000_0221,5,2
1765,000,000_0221,6,2
1766,000,000_0221,7,2
1767,000,000_0221,8,2
1768,000,000_0222,1,1
1769,000,000_0222,2,1
1770,000,000_0222,3,1
1771,000,000_0222,4,1
1772,000,000_0222,5,1
1773,000,000_0222,6,1
1774,000,000_0222,7,1
1775,000,000_0222,8,1
1776,000,000_0223,1,5
1777,000,000_0223,2,5
1778,000,000_0223,3,5
1779,000,000_0223,4,5
1780,000,000_0223,5,5
1781,000,000_0223,6,5
1782,000,000_0223,7,5
1783,000,000_0223,8,5
1784,000,000_0224,1,4
1785,000,000_0224,2,4
1786,000,000_0224,3,4
1787,000,000_0224,4,4
1788,000,000_0224,5,4
1789,000,000_0224,6,4
1790,000,000_0224,7,4
1791,000,000_0224,8,4
1792,000,000_0225,1,3
1793,000,000_0225,2,3
1794,000,000_0225,3,3
1795,000,000_0225,4,3
1796,000,000_0225,5,3
1797,000,000_0225,6,3
1798,000,000_0225,7,3
1799,000,000_0225,8,3
1800,000,000_0226,1,2
1801,000,000_0226,2,2
1802,000,000_0226,3,2
1803,000,000_0226,4,2
1804,000,000_0226,5,2
1805,000,000_0226,6,2
1806,000,000_0226,7,2
1807,000,000_0226,8,2
1808,000,000_0227,1,1
1809,000,000_0227,2,1
1810,000,000_0227,3,1
1811,000,000_0227,4,1
1812,000,000_0227,5,1
1813,000,000_0227,6,1
1814,000,000_0227,7,1
1815,000,000_0227,8,1
1816,000,000_0228,1,5
1817,000,000_0228,2,5
1818,000,000_0228,3,5
1819,000,000_0228,4,5
1820,000,000_0228,5,5
1821,000,000_0228,6,5
1822,000,000_0228,7,5
1823,000,000_0228,8,5
1824,000,000_0229,1,4
1825,000,000_0229,2,4
1826,000,000_0229,3,4
1827,000,000_0229,4,4
1828,000,000_0229,5,4
1829,000,000_0229,6,4
1830,000,000_0229,7,4
1831,000,000_0229,8,4
1832,000,000_0230,1,3
1833,000,000_0230,2,3
1834,000,000_0230,3,3
1835,000,000_0230,4,3
1836,000,000_0230,5,3
1837,000,000_0230,6,3
1838,000,000_0230,7,3
1839,000,000_0230,8,3
1840,000,000_0231,1,2
1841,000,000_0231,2,2
1842,000,000_0231,3,2
1843,000,000_0231,4,2
1844,000,000_0231,5,2
1845,000,000_0231,6,2
1846,000,000_0231,7,2
1847,000,000_0231,8,2
1848,000,000_0232,1,1
1849,000,000_0232,2,1
1850,000,000_0232,3,1
1851,000,000_0232,4,1
1852,000,000_0232,5,1
1853,000,000_0232,6,1
1854,000,000_0232,7,1
1855,000,000_0232,8,1
1856,001,001_0001,1,5
1857,001,001_0001,2,5
1858,001,001_0001,3,5
1859,001,001_0001,4,5
1860,001,001_0001,5,5
1861,001,001_0001,6,5
1862,001,001_0001,7,5
1863,001,001_0001,8,5
1864,001,001_0002,1,4
1865,001,001_0002,2,4
1866,001,001_0002,3,4
1867,001,001_0002,4,4
1868,001,001_0002,5,4
1869,001,001_0002,6,4
1870,001,001_0002,7,4
1871,001,001_0002,8,4
1872,001,001_0003,1,3
1873,001,001_0003,2,3
1874,001,001_0003,3,3
1875,001,001_0003,4,3
1876,001,001_0003,5,3
1877,001,001_0003,6,3
1878,001,001_0003,7,3
1879,001,001_0003,8,3
1880,001,001_0004,1,2
1881,001,001_0004,2,2
1882,001,001_0004,3,2
1883,001,001_0004,4,2
1884,001,001_0004,5,2
1885,001,001_0004,6,2
1886,001,001_0004,7,2
1887,001,001_0004,8,2
1888,001,001_0005,1,1
1889,001,001_0005,2,1
1890,001,001_0005,3,1
1891,001,001_0005,4,1
1892,001,001_0005,5,1
1893,001,001_0005,6,1
1894,001,001_0005,7,1
1895,001,001_0005,8,1
1896,001,001_0006,1,5
1897,001,001_0006,2,5
1898,001,001_0006,3,5
1899,001,001_0006,4,5
1900,001,001_0006,5,5
1901,001,001_0006,6,5
1902,001,001_0006,7,5
1903,001,001_0006,8,5
1904,001,001_0007,1,4
1905,001,001_0007,2,4
1906,001,001_0007,3,4
1907,001,001_0007,4,4
1908,001,001_0007,5,4
1909,001,001_0007,6,4
1910,001,001_0007,7,4
1911,001,001_0007,8,4
1912,001,001_0008,1,3
1913,001,001_0008,2,3
1914,001,001_0008,3,3
1915,001,001_0008,4,3
1916,001,001_0008,5,3
1917,001,001_0008,6,3
1918,001,001_0008,7,3
1919,001,001_0008,8,3
1920,001,001_0009,1,2
1921,001,001_0009,2,2
1922,001,001_0009,3,2
1923,001,001_0009,4,2
1924,001,001_0009,5,2
1925,001,001_0009,6,2
1926,001,001_0009,7,2
1927,001,001_0009,8,2
1928,001,001_0010,1,1
1929,001,001_0010,2,1
1930,001,001_0010,3,1
1931,001,001_0010,4,1
1932,001,001_0010,5,1
1933,001,001_0010,6,1
1934,001,001_0010,7,1
1935,001,001_0010,8,1
1936,001,001_0011,1,5
1937,001,001_0011,2,5
1938,001,001_0011,3,5
1939,001,001_0011,4,5
1940,001,001_0011,5,5
1941,001,001_0011,6,5
1942,001,001_0011,7,5
1943,001,001_0011,8,5
1944,001,001_0012,1,4
1945,001,001_0012,2,4
1946,001,001_0012,3,4
1947,001,001_0012,4,4
1948,001,001_0012,5,4
1949,001,001_0012,6,4
1950,001,001_0012,7,4
1951,001,001_0012,8,4
1952,001,001_0013,1,3
1953,001,001_0013,2,3
1954,001,001_0013,3,3
1955,001,001_0013,4,3
1956,001,001_0013,5,3
1957,001,001_0013,6,3
1958,001,001_0013,7,3
1959,001,001_0013,8,3
1960,001,001_0014,1,2
1961,001,001_0014,2,2
1962,001,001_0014,3,2
1963,001,001_0014,4,2
1964,001,001_0014,5,2
1965,001,001_0014,6,2
1966,001,001_0014,7,2
1967,001,001_0014,8,2
1968,001,001_0015,1,1
1969,001,001_0015,2,1
1970,001,001_0015,3,1
1971,001,001_0015,4,1
1972,001,001_0015,5,1
1973,001,001_0015,6,1
1974,001,001_0015,7,1
1975,001,001_0015,8,1
1976,001,001_0016,1,5
1977,001,001_0016,2,5
1978,001,001_0016,3,5
1979,001,001_0016,4,5
1980,001,001_0016,5,5
1981,001,001_0016,6,5
1982,001,001_0016,7,5
1983,001,001_0016,8,5
1984,001,001_0017,1,4
1985,001,001_0017,2,4
1986,001,001_0017,3,4
1987,001,001_0017,4,4
1988,001,001_0017,5,4
1989,001,001_0017,6,4
1990,001,001_0017,7,4
1991,001,001_0017,8,4
1992,001,001_0018,1,3
1993,001,001_0018,2,3
1994,001,001_0018,3,3
1995,001,001_0018,4,3
1996,001,001_0018,5,3
1997,001,001_0018,6,3
1998,001,001_0018,7,3
1999,001,001_0018,8,3
2000,001,001_0019,1,2
2001,001,001_0019,2,2
2002,001,001_0019,3,2
2003,001,001_0019,4,2
2004,001,001_0019,5,2
2005,001,001_0019,6,2
2006,001,001_0019,7,2
2007,001,001_0019,8,2
2008,001,001_0020,1,1
2009,001,001_0020,2,1
2010,001,001_0020,3,1
2011,001,001_0020,4,1
2012,001,001_0020,5,1
2013,001,001_0020,6,1
2014,001,001_0020,7,1
2015,001,001_0020,8,1
2016,001,001_0021,1,5
2017,001,001_0021,2,5
2018,001,001_0021,3,5
2019,001,001_0021,4,5
2020,001,001_0021,5,5
2021,001,001_0021,6,5
2022,001,001_0021,7,5
2023,001,001_0021,8,5
2024,001,001_0022,1,4
2025,001,001_0022,2,4
2026,001,001_0022,3,4
2027,001,001_0022,4,4
2028,001,001_0022,5,4
2029,001,001_0022,6,4
2030,001,001_0022,7,4
2031,001,001_0022,8,4
2032,001,001_0023,1,3
2033,001,001_0023,2,3
2034,001,001_0023,3,3
2035,001,001_0023,4,3
2036,001,001_0023,5,3
2037,001,001_0023,6,3
2038,001,001_0023,7,3
2039,001,001_0023,8,3
2040,001,001_0024,1,2
2041,001,001_0024,2,2
2042,001,001_0024,3,2
2043,001,001_0024,4,2
2044,001,001_0024,5,2
2045,001,001_0024,6,2
2046,001,001_0024,7,2
2047,001,001_0024,8,2
2048,001,001_0025,1,1
2049,001,001_0025,2,1
2050,001,001_0025,3,1
2051,001,001_0025,4,1
2052,001,001_0025,5,1
2053,001,001_0025,6,1
2054,001,001_0025,7,1
2055,001,001_0025,8,1
2056,001,001_0026,1,5
2057,001,001_0026,2,5
2058,001,001_0026,3,5
2059,001,001_0026,4,5
2060,001,001_0026,5,5
2061,001,001_0026,6,5
2062,001,001_0026,7,5
2063,001,001_0026,8,5
2064,001,001_0027,1,4
2065,001,001_0027,2,4
2066,001,001_0027,3,4
2067,001,001_0027,4,4
2068,001,001_0027,5,4
2069,001,001_0027,6,4
2070,001,001_0027,7,4
2071,001,001_0027,8,4
2072,001,001_0028,1,3
2073,001,001_0028,2,3
2074,001,001_0028,3,3
2075,001,001_0028,4,3
2076,001,001_0028,5,3
2077,001,001_0028,6,3
2078,001,001_0028,7,3
2079,001,001_0028,8,3
2080,001,001_0029,1,2
2081,001,001_0029,2,2
2082,001,001_0029,3,2
2083,001,001_0029,4,2
2084,001,001_0029,5,2
2085,001,001_0029,6,2
2086,001,001_0029,7,2
2087,001,001_0029,8,2
2088,001,001_0030,1,1
2089,001,001_0030,2,1
2090,001,001_0030,3,1
2091,001,001_0030,4,1
2092,001,001_0030,5,1
2093,001,001_0030,6,1
2094,001,001_0030,7,1
2095,001,001_0030,8,1
2096,001,001_0031,1,5
2097,001,001_0031,2,5
2098,001,001_0031,3,5
2099,001,001_0031,4,5
2100,001,001_0031,5,5
2101,001,001_0031,6,5
2102,001,001_0031,7,5
2103,001,001_0031,8,5
2104,001,001_0032,1,4
2105,001,001_0032,2,4
2106,001,001_0032,3,4
2107,001,001_0032,4,4
2108,001,001_0032,5,4
2109,001,001_0032,6,4
2110,001,001_0032,7,4
2111,001,001_0032,8,4
2112,001,001_0033,1,3
2113,001,001_0033,2,3
2114,001,001_0033,3,3
2115,001,001_0033,4,3
2116,001,001_0033,5,3
2117,001,001_0033,6,3
2118,001,001_0033,7,3
2119,001,001_0033,8,3
2120,001,001_0034,1,2
2121,001,001_0034,2,2
2122,001,001_0034,3,2
2123,001,001_0034,4,2
2124,001,001_0034,5,2
2125,001,001_0034,6,2
2126,001,001_0034,7,2
2127,001,001_0034,8,2
2128,001,001_0035,1,1
2129,001,001_0035,2,1
2130,001,001_0035,3,1
2131,001,001_0035,4,1
2132,001,001_0035,5,1
2133,001,001_0035,6,1
2134,001,001_0035,7,1
2135,001,001_0035,8,1
2136,001,001_0036,1,5
2137,001,001_0036,2,5
2138,001,001_0036,3,5
2139,001,001_0036,4,5
2140,001,001_0036,5,5
2141,001,001_0036,6,5
2142,001,001_0036,7,5
2143,001,001_0036,8,5
2144,001,001_0037,1,4
2145,001,001_0037,2,4
2146,001,001_0037,3,4
2147,001,001_0037,4,4
2148,001,001_0037,5,4
2149,001,001_0037,6,4
2150,001,001_0037,7,4
2151,001,001_0037,8,4
2152,001,001_0038,1,3
2153,001,001_0038,2,3
2154,001,001_0038,3,3
2155,001,001_0038,4,3
2156,001,001_0038,5,3
2157,001,001_0038,6,3
2158,001,001_0038,7,3
2159,001,001_0038,8,3
2160,001,001_0039,1,2
2161,001,001_0039,2,2
2162,001,001_0039,3,2
2163,001,001_0039,4,2
2164,001,001_0039,5,2
2165,001,001_0039,6,2
2166,001,001_0039,7,2
2167,001,001_0039,8,2
2168,001,001_0040,1,1
2169,001,001_0040,2,1
2170,001,001_0040,3,1
2171,001,001_0040,4,1
2172,001,001_0040,5,1
2173,001,001_0040,6,1
2174,001,001_0040,7,1
2175,001,001_0040,8,1
2176,001,001_0041,1,5
2177,001,001_0041,2,5
2178,001,001_0041,3,5
2179,001,001_0041,4,5
2180,001,001_0041,5,5
2181,001,001_0041,6,5
2182,001,001_0041,7,5
2183,001,001_0041,8,5
2184,001,001_0042,1,4
2185,001,001_0042,2,4
2186,001,001_0042,3,4
2187,001,001_0042,4,4
2188,001,001_0042,5,4
2189,001,001_0042,6,4
2190,001,001_0042,7,4
2191,001,001_0042,8,4
2192,001,001_0043,1,3
2193,001,001_0043,2,3
2194,001,001_0043,3,3
2195,001,001_0043,4,3
2196,001,001_0043,5,3
2197,001,001_0043,6,3
2198,001,001_0043,7,3
2199,001,001_0043,8,3
2200,001,001_0044,1,2
2201,001,001_0044,2,2
2202,001,001_0044,3,2
2203,001,001_0044,4,2
2204,001,001_0044,5,2
2205,001,001_0044,6,2
2206,001,001_0044,7,2
2207,001,001_0044,8,2
2208,001,001_0045,1,1
2209,001,001_0045,2,1
2210,001,001_0045,3,1
2211,001,001_0045,4,1
2212,001,001_0045,5,1
2213,001,001_0045,6,1
2214,001,001_0045,7,1
2215,001,001_0045,8,1
2216,001,001_0046,1,5
2217,001,001_0046,2,5
2218,001,001_0046,3,5
2219,001,001_0046,4,5
2220,001,001_0046,5,5
2221,001,001_0046,6,5
2222,001,001_0046,7,5
2223,001,001_0046,8,5
2224,001,001_0047,1,4
2225,001,001_0047,2,4
2226,001,001_0047,3,4
2227,001,001_0047,4,4
2228,001,001_0047,5,4
2229,001,001_0047,6,4
2230,001,001_0047,7,4
2231,001,001_0047,8,4
2232,001,001_0048,1,3
2233,001,001_0048,2,3
2234,001,001_0048,3,3
2235,001,001_0048,4,3
2236,001,001_0048,5,3
2237,001,001_0048,6,3
2238,001,001_0048,7,3
2239,001,001_0048,8,3
2240,001,001_0049,1,2
2241,001,001_0049,2,2
2242,001,001_0049,3,2
2243,001,001_0049,4,2
2244,001,001_0049,5,2
2245,001,001_0049,6,2
2246,001,001_0049,7,2
2247,001,001_0049,8,2
2248,001,001_0050,1,1
2249,001,001_0050,2,1
2250,001,001_0050,3,1
2251,001,001_0050,4,1
2252,001,001_0050,5,1
2253,001,001_0050,6,1
2254,001,001_0050,7,1
2255,001,001_0050,8,1
2256,001,001_0051,1,5
2257,001,001_0051,2,5
2258,001,001_0051,3,5
2259,001,001_0051,4,5
2260,001,001_0051,5,5
2261,001,001_0051,6,5
2262,001,001_0051,7,5
2263,001,001_0051,8,5
2264,001,001_0052,1,4
2265,001,001_0052,2,4
2266,001,001_0052,3,4
2267,001,001_0052,4,4
2268,001,001_0052,5,4
2269,001,001_0052,6,4
2270,001,001_0052,7,4
2271,001,001_0052,8,4
2272,001,001_0053,1,3
2273,001,001_0053,2,3
2274,001,001_0053,3,3
2275,001,001_0053,4,3
2276,001,001_0053,5,3
2277,001,001_0053,6,3
2278,001,001_0053,7,3
2279,001,001_0053,8,3
2280,001,001_0054,1,2
2281,001,001_0054,2,2
2282,001,001_0054,3,2
2283,001,001_0054,4,2
2284,001,001_0054,5,2
2285,001,001_0054,6,2
2286,001,001_0054,7,2
2287,001,001_0054,8,2
2288,001,001_0055,1,1
2289,001,001_0055,2,1
2290,001,001_0055,3,1
2291,001,001_0055,4,1
2292,001,001_0055,5,1
2293,001,001_0055,6,1
2294,001,001_0055,7,1
2295,001,001_0055,8,1
2296,001,001_0056,1,5
2297,001,001_0056,2,5
2298,001,001_0056,3,5
2299,001,001_0056,4,5
2300,001,001_0056,5,5
2301,001,001_0056,6,5
2302,001,001_0056,7,5
2303,001,001_0056,8,5
2304,001,001_0057,1,4
2305,001,001_0057,2,4
2306,001,001_0057,3,4
2307,001,001_0057,4,4
2308,001,001_0057,5,4
2309,001,001_0057,6,4
2310,001,001_0057,7,4
2311,001,001_0057,8,4
2312,001,001_0058,1,3
2313,001,001_0058,2,3
2314,001,001_0058,3,3
2315,001,001_0058,4,3
2316,001,001_0058,5,3
2317,001,001_0058,6,3
2318,001,001_0058,7,3
2319,001,001_0058,8,3
2320,001,001_0059,1,2
2321,001,001_0059,2,2
2322,001,001_0059,3,2
2323,001,001_0059,4,2
2324,001,001_0059,5,2
2325,001,001_0059,6,2
2326,001,001_0059,7,2
2327,001,001_0059,8,2
2328,001,001_0060,1,1
2329,001,001_0060,2,1
2330,001,001_0060,3,1
2331,001,001_0060,4,1
2332,001,001_0060,5,1
2333,001,001_0060,6,1
2334,001,001_0060,7,1
2335,001,001_0060,8,1
2336,001,001_0061,1,5
2337,001,001_0061,2,5
2338,001,001_0061,3,5
2339,001,001_0061,4,5
2340,001,001_0061,5,5
2341,001,001_0061,6,5
2342,001,001_0061,7,5
2343,001,001_0061,8,5
2344,001,001_0062,1,4
2345,001,001_0062,2,4
2346,001,001_0062,3,4
2347,001,001_0062,4,4
2348,001,001_0062,5,4
2349,001,001_0062,6,4
2350,001,001_0062,7,4
2351,001,001_0062,8,4
2352,001,001_0063,1,3
2353,001,001_0063,2,3
2354,001,001_0063,3,3
2355,001,001_0063,4,3
2356,001,001_0063,5,3
2357,001,001_0063,6,3
2358,001,001_0063,7,3
2359,001,001_0063,8,3
2360,001,001_0064,1,2
2361,001,001_0064,2,2
2362,001,001_0064,3,2
2363,001,001_0064,4,2
2364,001,001_0064,5,2
2365,001,001_0064,6,2
2366,001,001_0064,7,2
2367,001,001_0064,8,2
2368,001,001_0065,1,1
2369,001,001_0065,2,1
2370,001,001_0065,3,1
2371,001,001_0065,4,1
2372,001,001_0065,5,1
2373,001,001_0065,6,1
2374,001,001_0065,7,1
2375,001,001_0065,8,1
2376,001,001_0066,1,5
2377,001,001_0066,2,5
2378,001,001_0066,3,5
2379,001,001_0066,4,5
2380,001,001_0066,5,5
2381,001,001_0066,6,5
2382,001,001_0066,7,5
2383,001,001_0066,8,5
2384,001,001_0067,1,4
2385,001,001_0067,2,4
2386,001,001_0067,3,4
2387,001,001_0067,4,4
2388,001,001_0067,5,4
2389,001,001_0067,6,4
2390,001,001_0067,7,4
2391,001,001_0067,8,4
2392,001,001_0068,1,3
2393,001,001_0068,2,3
2394,001,001_0068,3,3
2395,001,001_0068,4,3
2396,001,001_0068,5,3
2397,001,001_0068,6,3
2398,001,001_0068,7,3
2399,001,001_0068,8,3
2400,001,001_0069,1,2
2401,001,001_0069,2,2
2402,001,001_0069,3,2
2403,001,001_0069,4,2
2404,001,001_0069,5,2
2405,001,001_0069,6,2
2406,001,001_0069,7,2
2407,001,001_0069,8,2
2408,001,001_0070,1,1
2409,001,001_0070,2,1
2410,001,001_0070,3,1
2411,001,001_0070,4,1
2412,001,001_0070,5,1
2413,001,001_0070,6,1
2414,001,001_0070,7,1
2415,001,001_0070,8,1
2416,001,001_0071,1,5
2417,001,001_0071,2,5
2418,001,001_0071,3,5
2419,001,001_0071,4,5
2420,001,001_0071,5,5
2421,001,001_0071,6,5
2422,001,001_0071,7,5
2423,001,001_0071,8,5
2424,001,001_0072,1,4
2425,001,001_0072,2,4
2426,001,001_0072,3,4
2427,001,001_0072,4,4
2428,001,001_0072,5,4
2429,001,001_0072,6,4
2430,001,001_0072,7,4
2431,001,001_0072,8,4
2432,001,001_0073,1,3
2433,001,001_0073,2,3
2434,001,001_0073,3,3
2435,001,001_0073,4,3
2436,001,001_0073,5,3
2437,001,001_0073,6,3
2438,001,001_0073,7,3
2439,001,001_0073,8,3
2440,001,001_0074,1,2
2441,001,001_0074,2,2
2442,001,001_0074,3,2
2443,001,001_0074,4,2
2444,001,001_0074,5,2
2445,001,001_0074,6,2
2446,001,001_0074,7,2
2447,001,001_0074,8,2
2448,001,001_0075,1,1
2449,001,001_0075,2,1
2450,001,001_0075,3,1
2451,001,001_0075,4,1
2452,001,001_0075,5,1
2453,001,001_0075,6,1
2454,001,001_0075,7,1
2455,001,001_0075,8,1
2456,001,001_0076,1,5
2457,001,001_0076,2,5
2458,001,001_0076,3,5
2459,001,001_0076,4,5
2460,001,001_0076,5,5
2461,001,001_0076,6,5
2462,001,001_0076,7,5
2463,001,001_0076,8,5
2464,001,001_0077,1,4
2465,001,001_0077,2,4
2466,001,001_0077,3,4
2467,001,001_0077,4,4
2468,001,001_0077,5,4
2469,001,001_0077,6,4
2470,001,001_0077,7,4
2471,001,001_0077,8,4
2472,001,001_0078,1,3
2473,001,001_0078,2,3
2474,001,001_0078,3,3
2475,001,001_0078,4,3
2476,001,001_0078,5,3
2477,001,001_0078,6,3
2478,001,001_0078,7,3
2479,001,001_0078,8,3
2480,001,001_0079,1,2
2481,001,001_0079,2,2
2482,001,001_0079,3,2
2483,001,001_0079,4,2
2484,001,001_0079,5,2
2485,001,001_0079,6,2
2486,001,001_0079,7,2
2487,001,001_0079,8,2
2488,001,001_0080,1,1
2489,001,001_0080,2,1
2490,001,001_0080,3,1
2491,001,001_0080,4,1
2492,001,001_0080,5,1
2493,001,001_0080,6,1
2494,001,001_0080,7,1
2495,001,001_0080,8,1
2496,001,001_0081,1,5
2497,001,001_0081,2,5
2498,001,001_0081,3,5
2499,001,001_0081,4,5
2500,001,001_0081,5,5
2501,001,001_0081,6,5
2502,001,001_0081,7,5
2503,001,001_0081,8,5
2504,001,001_0082,1,4
2505,001,001_0082,2,4
2506,001,001_0082,3,4
2507,001,001_0082,4,4
2508,001,001_0082,5,4
2509,001,001_0082,6,4
2510,001,001_0082,7,4
2511,001,001_0082,8,4
2512,001,001_0083,1,3
2513,001,001_0083,2,3
2514,001,001_0083,3,3
2515,001,001_0083,4,3
2516,001,001_0083,5,3
2517,001,001_0083,6,3
2518,001,001_0083,7,3
2519,001,001_0083,8,3
2520,001,001_0084,1,2
2521,001,001_0084,2,2
2522,001,001_0084,3,2
2523,001,001_0084,4,2
2524,001,001_0084,5,2
2525,001,001_0084,6,2
2526,001,001_0084,7,2
2527,001,001_0084,8,2
2528,001,001_0085,1,1
2529,001,001_0085,2,1
2530,001,001_0085,3,1
2531,001,001_0085,4,1
2532,001,001_0085,5,1
2533,001,001_0085,6,1
2534,001,001_0085,7,1
2535,001,001_0085,8,1
2536,001,001_0086,1,5
2537,001,001_0086,2,5
2538,001,001_0086,3,5
2539,001,001_0086,4,5
2540,001,001_0086,5,5
2541,001,001_0086,6,5
2542,001,001_0086,7,5
2543,001,001_0086,8,5
2544,001,001_0087,1,4
2545,001,001_0087,2,4
2546,001,001_0087,3,4
2547,001,001_0087,4,4
2548,001,001_0087,5,4
2549,001,001_0087,6,4
2550,001,001_0087,7,4
2551,001,001_0087,8,4
2552,001,001_0088,1,3
2553,001,001_0088,2,3
2554,001,001_0088,3,3
2555,001,001_0088,4,3
2556,001,001_0088,5,3
2557,001,001_0088,6,3
2558,001,001_0088,7,3
2559,001,001_0088,8,3
2560,001,001_0089,1,2
2561,001,001_0089,2,2
2562,001,001_0089,3,2
2563,001,001_0089,4,2
2564,001,001_0089,5,2
2565,001,001_0089,6,2
2566,001,001_0089,7,2
2567,001,001_0089,8,2
2568,001,001_0090,1,1
2569,001,001_0090,2,1
2570,001,001_0090,3,1
2571,001,001_0090,4,1
2572,001,001_0090,5,1
2573,001,001_0090,6,1
2574,001,001_0090,7,1
2575,001,001_0090,8,1
2576,001,001_0091,1,5
2577,001,001_0091,2,5
2578,001,001_0091,3,5
2579,001,001_0091,4,5
2580,001,001_0091,5,5
2581,001,001_0091,6,5
2582,001,001_0091,7,5
2583,001,001_0091,8,5
2584,001,001_0092,1,4
2585,001,001_0092,2,4
2586,001,001_0092,3,4
2587,001,001_0092,4,4
2588,001,001_0092,5,4
2589,001,001_0092,6,4
2590,001,001_0092,7,4
2591,001,001_0092,8,4
2592,001,001_0093,1,3
2593,001,001_0093,2,3
2594,001,001_0093,3,3
2595,001,001_0093,4,3
2596,001,001_0093,5,3
2597,001,001_0093,6,3
2598,001,001_0093,7,3
2599,001,001_0093,8,3
2600,001,001_0094,1,2
2601,001,001_0094,2,2
2602,001,001_0094,3,2
2603,001,001_0094,4,2
2604,001,001_0094,5,2
2605,001,001_0094,6,2
2606,001,001_0094,7,2
2607,001,001_0094,8,2
2608,001,001_0095,1,1
2609,001,001_0095,2,1
2610,001,001_0095,3,1
2611,001,001_0095,4,1
2612,001,001_0095,5,1
2613,001,001_0095,6,1
2614,001,001_0095,7,1
2615,001,001_0095,8,1
2616,001,001_0096,1,5
2617,001,001_0096,2,5
2618,001,001_0096,3,5
2619,001,001_0096,4,5
2620,001,001_0096,5,5
2621,001,001_0096,6,5
2622,001,001_0096,7,5
2623,001,001_0096,8,5
2624,001,001_0097,1,4
2625,001,001_0097,2,4
2626,001,001_0097,3,4
2627,001,001_0097,4,4
2628,001,001_0097,5,4
2629,001,001_0097,6,4
2630,001,001_0097,7,4
2631,001,001_0097,8,4
2632,001,001_0098,1,3
2633,001,001_0098,2,3
2634,001,001_0098,3,3
2635,001,001_0098,4,3
2636,001,001_0098,5,3
2637,001,001_0098,6,3
2638,001,001_0098,7,3
2639,001,001_0098,8,3
2640,001,001_0099,1,2
2641,001,001_0099,2,2
2642,001,001_0099,3,2
2643,001,001_0099,4,2
2644,001,001_0099,5,2
2645,001,001_0099,6,2
2646,001,001_0099,7,2
2647,001,001_0099,8,2
2648,001,001_0100,1,1
2649,001,001_0100,2,1
2650,001,001_0100,3,1
2651,001,001_0100,4,1
2652,001,001_0100,5,1
2653,001,001_0100,6,1
2654,001,001_0100,7,1
2655,001,001_0100,8,1
2656,001,001_0101,1,5
2657,001,001_0101,2,5
2658,001,001_0101,3,5
2659,001,001_0101,4,5
2660,001,001_0101,5,5
2661,001,001_0101,6,5
2662,001,001_0101,7,5
2663,001,001_0101,8,5
2664,001,001_0102,1,4
2665,001,001_0102,2,4
2666,001,001_0102,3,4
2667,001,001_0102,4,4
2668,001,001_0102,5,4
2669,001,001_0102,6,4
2670,001,001_0102,7,4
2671,001,001_0102,8,4
2672,001,001_0103,1,3
2673,001,001_0103,2,3
2674,001,001_0103,3,3
2675,001,001_0103,4,3
2676,001,001_0103,5,3
2677,001,001_0103,6,3
2678,001,001_0103,7,3
2679,001,001_0103,8,3
2680,001,001_0104,1,2
2681,001,001_0104,2,2
2682,001,001_0104,3,2
2683,001,001_0104,4,2
2684,001,001_0104,5,2
2685,001,001_0104,6,2
2686,001,001_0104,7,2
2687,001,001_0104,8,2
2688,001,001_0105,1,1
2689,001,001_0105,2,1
2690,001,001_0105,3,1
2691,001,001_0105,4,1
2692,001,001_0105,5,1
2693,001,001_0105,6,1
2694,001,001_0105,7,1
2695,001,001_0105,8,1
2696,001,001_0106,1,5
2697,001,001_0106,2,5
2698,001,001_0106,3,5
2699,001,001_0106,4,5
2700,001,001_0106,5,5
2701,001,001_0106,6,5
2702,001,001_0106,7,5
2703,001,001_0106,8,5
2704,001,001_0107,1,4
2705,001,001_0107,2,4
2706,001,001_0107,3,4
2707,001,001_0107,4,4
2708,001,001_0107,5,4
2709,001,001_0107,6,4
2710,001,001_0107,7,4
2711,001,001_0107,8,4
2712,001,001_0108,1,3
2713,001,001_0108,2,3
2714,001,001_0108,3,3
2715,001,001_0108,4,3
2716,001,001_0108,5,3
2717,001,001_0108,6,3
2718,001,001_0108,7,3
2719,001,001_0108,8,3
2720,001,001_0109,1,2
2721,001,001_0109,2,2
2722,001,001_0109,3,2
2723,001,001_0109,4,2
2724,001,001_0109,5,2
2725,001,001_0109,6,2
2726,001,001_0109,7,2
2727,001,001_0109,8,2
2728,001,001_0110,1,1
2729,001,001_0110,2,1
2730,001,001_0110,3,1
2731,001,001_0110,4,1
2732,001,001_0110,5,1
2733,001,001_0110,6,1
2734,001,001_0110,7,1
2735,001,001_0110,8,1
2736,001,001_0111,1,5
2737,001,001_0111,2,5
2738,001,001_0111,3,5
2739,001,001_0111,4,5
2740,001,001_0111,5,5
2741,001,001_0111,6,5
2742,001,001_0111,7,5
2743,001,001_0111,8,5
2744,001,001_0112,1,4
2745,001,001_0112,2,4
2746,001,001_0112,3,4
2747,001,001_0112,4,4
2748,001,001_0112,5,4
2749,001,001_0112,6,4
2750,001,001_0112,7,4
2751,001,001_0112,8,4
2752,001,001_0113,1,3
2753,001,001_0113,2,3
2754,001,001_0113,3,3
2755,001,001_0113,4,3
2756,001,001_0113,5,3
2757,001,001_0113,6,3
2758,001,001_0113,7,3
2759,001,001_0113,8,3
2760,001,001_0114,1,2
2761,001,001_0114,2,2
2762,001,001_0114,3,2
2763,001,001_0114,4,2
2764,001,001_0114,5,2
2765,001,001_0114,6,2
2766,001,001_0114,7,2
2767,001,001_0114,8,2
2768,001,001_0115,1,1
2769,001,001_0115,2,1
2770,001,001_0115,3,1
2771,001,001_0115,4,1
2772,001,001_0115,5,1
2773,001,001_0115,6,1
2774,001,001_0115,7,1
2775,001,001_0115,8,1
2776,001,001_0116,1,5
2777,001,001_0116,2,5
2778,001,001_0116,3,5
2779,001,001_0116,4,5
2780,001,001_0116,5,5
2781,001,001_0116,6,5
2782,001,001_0116,7,5
2783,001,001_0116,8,5
2784,001,001_0117,1,4
2785,001,001_0117,2,4
2786,001,001_0117,3,4
2787,001,001_0117,4,4
2788,001,001_0117,5,4
2789,001,001_0117,6,4
2790,001,001_0117,7,4
2791,001,001_0117,8,4
2792,001,001_0118,1,3
2793,001,001_0118,2,3
2794,001,001_0118,3,3
2795,001,001_0118,4,3
2796,001,001_0118,5,3
2797,001,001_0118,6,3
2798,001,001_0118,7,3
2799,001,001_0118,8,3
2800,001,001_0119,1,2
2801,001,001_0119,2,2
2802,001,001_0119,3,2
2803,001,001_0119,4,2
2804,001,001_0119,5,2
2805,001,001_0119,6,2
2806,001,001_0119,7,2
2807,001,001_0119,8,2
2808,001,001_0120,1,1
2809,001,001_0120,2,1
2810,001,001_0120,3,1
2811,001,001_0120,4,1
2812,001,001_0120,5,1
2813,001,001_0120,6,1
2814,001,001_0120,7,1
2815,001,001_0120,8,1
2816,001,001_0121,1,5
2817,001,001_0121,2,5
2818,001,001_0121,3,5
2819,001,001_0121,4,5
2820,001,001_0121,5,5
2821,001,001_0121,6,5
2822,001,001_0121,7,5
2823,001,001_0121,8,5
2824,001,001_0122,1,4
2825,001,001_0122,2,4
2826,001,001_0122,3,4
2827,001,001_0122,4,4
2828,001,001_0122,5,4
2829,001,001_0122,6,4
2830,001,001_0122,7,4
2831,001,001_0122,8,4
2832,001,001_0123,1,3
2833,001,001_0123,2,3
2834,001,001_0123,3,3
2835,001,001_0123,4,3
2836,001,001_0123,5,3
2837,001,001_0123,6,3
2838,001,001_0123,7,3
2839,001,001_0123,8,3
2840,001,001_0124,1,2
2841,001,001_0124,2,2
2842,001,001_0124,3,2
2843,001,001_0124,4,2
2844,001,001_0124,5,2
2845,001,001_0124,6,2
2846,001,001_0124,7,2
2847,001,001_0124,8,2
2848,001,001_0125,1,1
2849,001,001_0125,2,1
2850,001,001_0125,3,1
2851,001,001_0125,4,1
2852,001,001_0125,5,1
2853,001,001_0125,6,1
2854,001,001_0125,7,1
2855,001,001_0125,8,1
2856,001,001_0126,1,5
2857,001,001_0126,2,5
2858,001,001_0126,3,5
2859,001,001_0126,4,5
2860,001,001_0126,5,5
2861,001,001_0126,6,5
2862,001,001_0126,7,5
2863,001,001_0126,8,5
2864,001,001_0127,1,4
2865,001,001_0127,2,4
2866,001,001_0127,3,4
2867,001,001_0127,4,4
2868,001,001_0127,5,4
2869,001,001_0127,6,4
2870,001,001_0127,7,4
2871,001,001_0127,8,4
2872,001,001_0128,1,3
2873,001,001_0128,2,3
2874,001,001_0128,3,3
2875,001,001_0128,4,3
2876,001,001_0128,5,3
2877,001,001_0128,6,3
2878,001,001_0128,7,3
2879,001,001_0128,8,3
2880,001,001_0129,1,2
2881,001,001_0129,2,2
2882,001,001_0129,3,2
2883,001,001_0129,4,2
2884,001,001_0129,5,2
2885,001,001_0129,6,2
2886,001,001_0129,7,2
2887,001,001_0129,8,2
2888,001,001_0130,1,1
2889,001,001_0130,2,1
2890,001,001_0130,3,1
2891,001,001_0130,4,1
2892,001,001_0130,5,1
2893,001,001_0130,6,1
2894,001,001_0130,7,1
2895,001,001_0130,8,1
2896,001,001_0131,1,5
2897,001,001_0131,2,5
2898,001,001_0131,3,5
2899,001,001_0131,4,5
2900,001,001_0131,5,5
2901,001,001_0131,6,5
2902,001,001_0131,7,5
2903,001,001_0131,8,5
2904,001,001_0132,1,4
2905,001,001_0132,2,4
2906,001,001_0132,3,4
2907,001,001_0132,4,4
2908,001,001_0132,5,4
2909,001,001_0132,6,4
2910,001,001_0132,7,4
2911,001,001_0132,8,4
2912,001,001_0133,1,3
2913,001,001_0133,2,3
2914,001,001_0133,3,3
2915,001,001_0133,4,3
2916,001,001_0133,5,3
2917,001,001_0133,6,3
2918,001,001_0133,7,3
2919,001,001_0133,8,3
2920,001,001_0134,1,2
2921,001,001_0134,2,2
2922,001,001_0134,3,2
2923,001,001_0134,4,2
2924,001,001_0134,5,2
2925,001,001_0134,6,2
2926,001,001_0134,7,2
2927,001,001_0134,8,2
2928,001,001_0135,1,1
2929,001,001_0135,2,1
2930,001,001_0135,3,1
2931,001,001_0135,4,1
2932,001,001_0135,5,1
2933,001,001_0135,6,1
2934,001,001_0135,7,1
2935,001,001_0135,8,1
2936,001,001_0136,1,5
2937,001,001_0136,2,5
2938,001,001_0136,3,5
2939,001,001_0136,4,5
2940,001,001_0136,5,5
2941,001,001_0136,6,5
2942,001,001_0136,7,5
2943,001,001_0136,8,5
2944,001,001_0137,1,4
2945,001,001_0137,2,4
2946,001,001_0137,3,4
2947,001,001_0137,4,4
2948,001,001_0137,5,4
2949,001,001_0137,6,4
2950,001,001_0137,7,4
2951,001,001_0137,8,4
2952,001,001_0138,1,3
2953,001,001_0138,2,3
2954,001,001_0138,3,3
2955,001,001_0138,4,3
2956,001,001_0138,5,3
2957,001,001_0138,6,3
2958,001,001_0138,7,3
2959,001,001_0138,8,3
2960,001,001_0139,1,2
2961,001,001_0139,2,2
2962,001,001_0139,3,2
2963,001,001_0139,4,2
2964,001,001_0139,5,2
2965,001,001_0139,6,2
2966,001,001_0139,7,2
2967,001,001_0139,8,2
2968,001,001_0140,1,1
2969,001,001_0140,2,1
2970,001,001_0140,3,1
2971,001,001_0140,4,1
2972,001,001_0140,5,1
2973,001,001_0140,6,1
2974,001,001_0140,7,1
2975,001,001_0140,8,1
2976,001,001_0141,1,5
2977,001,001_0141,2,5
2978,001,001_0141,3,5
2979,001,001_0141,4,5
2980,001,001_0141,5,5
2981,001,001_0141,6,5
2982,001,001_0141,7,5
2983,001,001_0141,8,5
2984,001,001_0142,1,4
2985,001,001_0142,2,4
2986,001,001_0142,3,4
2987,001,001_0142,4,4
2988,001,001_0142,5,4
2989,001,001_0142,6,4
2990,001,001_0142,7,4
2991,001,001_0142,8,4
2992,001,001_0143,1,3
2993,001,001_0143,2,3
2994,001,001_0143,3,3
2995,001,001_0143,4,3
2996,001,001_0143,5,3
2997,001,001_0143,6,3
2998,001,001_0143,7,3
2999,001,001_0143,8,3
3000,001,001_0144,1,2
3001,001,001_0144,2,2
3002,001,001_0144,3,2
3003,001,001_0144,4,2
3004,001,001_0144,5,2
3005,001,001_0144,6,2
3006,001,001_0144,7,2
3007,001,001_0144,8,2
3008,001,001_0145,1,1
3009,001,001_0145,2,1
3010,001,001_0145,3,1
3011,001,001_0145,4,1
3012,001,001_0145,5,1
3013,001,001_0145,6,1
3014,001,001_0145,7,1
3015,001,001_0145,8,1
3016,001,001_0146,1,5
3017,001,001_0146,2,5
3018,001,001_0146,3,5
3019,001,001_0146,4,5
3020,001,001_0146,5,5
3021,001,001_0146,6,5
3022,001,001_0146,7,5
3023,001,001_0146,8,5
3024,001,001_0147,1,4
3025,001,001_0147,2,4
3026,001,001_0147,3,4
3027,001,001_0147,4,4
3028,001,001_0147,5,4
3029,001,001_0147,6,4
3030,001,001_0147,7,4
3031,001,001_0147,8,4
3032,001,001_0148,1,3
3033,001,001_0148,2,3
3034,001,001_0148,3,3
3035,001,001_0148,4,3
3036,001,001_0148,5,3
3037,001,001_0148,6,3
3038,001,001_0148,7,3
3039,001,001_0148,8,3
3040,001,001_0149,1,2
3041,001,001_0149,2,2
3042,001,001_0149,3,2
3043,001,001_0149,4,2
3044,001,001_0149,5,2
3045,001,001_0149,6,2
3046,001,001_0149,7,2
3047,001,001_0149,8,2
3048,001,001_0150,1,1
3049,001,001_0150,2,1
3050,001,001_0150,3,1
3051,001,001_0150,4,1
3052,001,001_0150,5,1
3053,001,001_0150,6,1
3054,001,001_0150,7,1
3055,001,001_0150,8,1
3056,001,001_0151,1,5
3057,001,001_0151,2,5
3058,001,001_0151,3,5
3059,001,001_0151,4,5
3060,001,001_0151,5,5
3061,001,001_0151,6,5
3062,001,001_0151,7,5
3063,001,001_0151,8,5
3064,001,001_0152,1,4
3065,001,001_0152,2,4
3066,001,001_0152,3,4
3067,001,001_0152,4,4
3068,001,001_0152,5,4
3069,001,001_0152,6,4
3070,001,001_0152,7,4
3071,001,001_0152,8,4
3072,001,001_0153,1,3
3073,001,001_0153,2,3
3074,001,001_0153,3,3
3075,001,001_0153,4,3
3076,001,001_0153,5,3
3077,001,001_0153,6,3
3078,001,001_0153,7,3
3079,001,001_0153,8,3
3080,001,001_0154,1,2
3081,001,001_0154,2,2
3082,001,001_0154,3,2
3083,001,001_0154,4,2
3084,001,001_0154,5,2
3085,001,001_0154,6,2
3086,001,001_0154,7,2
3087,001,001_0154,8,2
3088,001,001_0155,1,1
3089,001,001_0155,2,1
3090,001,001_0155,3,1
3091,001,001_0155,4,1
3092,001,001_0155,5,1
3093,001,001_0155,6,1
3094,001,001_0155,7,1
3095,001,001_0155,8,1
3096,001,001_0156,1,5
3097,001,001_0156,2,5
3098,001,001_0156,3,5
3099,001,001_0156,4,5
3100,001,001_0156,5,5
3101,001,001_0156,6,5
3102,001,001_0156,7,5
3103,001,001_0156,8,5
3104,001,001_0157,1,4
3105,001,001_0157,2,4
3106,001,001_0157,3,4
3107,001,001_0157,4,4
3108,001,001_0157,5,4
3109,001,001_0157,6,4
3110,001,001_0157,7,4
3111,001,001_0157,8,4
3112,001,001_0158,1,3
3113,001,001_0158,2,3
3114,001,001_0158,3,3
3115,001,001_0158,4,3
3116,001,001_0158,5,3
3117,001,001_0158,6,3
3118,001,001_0158,7,3
3119,001,001_0158,8,3
3120,001,001_0159,1,2
3121,001,001_0159,2,2
3122,001,001_0159,3,2
3123,001,001_0159,4,2
3124,001,001_0159,5,2
3125,001,001_0159,6,2
3126,001,001_0159,7,2
3127,001,001_0159,8,2
3128,001,001_0160,1,1
3129,001,001_0160,2,1
3130,001,001_0160,3,1
3131,001,001_0160,4,1
3132,001,001_0160,5,1
3133,001,001_0160,6,1
3134,001,001_0160,7,1
3135,001,001_0160,8,1
3136,001,001_0161,1,5
3137,001,001_0161,2,5
3138,001,001_0161,3,5
3139,001,001_0161,4,5
3140,001,001_0161,5,5
3141,001,001_0161,6,5
3142,001,001_0161,7,5
3143,001,001_0161,8,5
3144,001,001_0162,1,4
3145,001,001_0162,2,4
3146,001,001_0162,3,4
3147,001,001_0162,4,4
3148,001,001_0162,5,4
3149,001,001_0162,6,4
3150,001,001_0162,7,4
3151,001,001_0162,8,4
3152,001,001_0163,1,3
3153,001,001_0163,2,3
3154,001,001_0163,3,3
3155,001,001_0163,4,3
3156,001,001_0163,5,3
3157,001,001_0163,6,3
3158,001,001_0163,7,3
3159,001,001_0163,8,3
3160,001,001_0164,1,2
3161,001,001_0164,2,2
3162,001,001_0164,3,2
3163,001,001_0164,4,2
3164,001,001_0164,5,2
3165,001,001_0164,6,2
3166,001,001_0164,7,2
3167,001,001_0164,8,2
3168,001,001_0165,1,1
3169,001,001_0165,2,1
3170,001,001_0165,3,1
3171,001,001_0165,4,1
3172,001,001_0165,5,1
3173,001,001_0165,6,1
3174,001,001_0165,7,1
3175,001,001_0165,8,1
3176,001,001_0166,1,5
3177,001,001_0166,2,5
3178,001,001_0166,3,5
3179,001,001_0166,4,5
3180,001,001_0166,5,5
3181,001,001_0166,6,5
3182,001,001_0166,7,5
3183,001,001_0166,8,5
3184,001,001_0167,1,4
3185,001,001_0167,2,4
3186,001,001_0167,3,4
3187,001,001_0167,4,4
3188,001,001_0167,5,4
3189,001,001_0167,6,4
3190,001,001_0167,7,4
3191,001,001_0167,8,4
3192,001,001_0168,1,3
3193,001,001_0168,2,3
3194,001,001_0168,3,3
3195,001,001_0168,4,3
3196,001,001_0168,5,3
3197,001,001_0168,6,3
3198,001,001_0168,7,3
3199,001,001_0168,8,3
3200,001,001_0169,1,2
3201,001,001_0169,2,2
3202,001,001_0169,3,2
3203,001,001_0169,4,2
3204,001,001_0169,5,2
3205,001,001_0169,6,2
3206,001,001_0169,7,2
3207,001,001_0169,8,2
3208,001,001_0170,1,1
3209,001,001_0170,2,1
3210,001,001_0170,3,1
3211,001,001_0170,4,1
3212,001,001_0170,5,1
3213,001,001_0170,6,1
3214,001,001_0170,7,1
3215,001,001_0170,8,1
3216,001,001_0171,1,5
3217,001,001_0171,2,5
3218,001,001_0171,3,5
3219,001,001_0171,4,5
3220,001,001_0171,5,5
3221,001,001_0171,6,5
3222,001,001_0171,7,5
3223,001,001_0171,8,5
3224,001,001_0172,1,4
3225,001,001_0172,2,4
3226,001,001_0172,3,4
3227,001,001_0172,4,4
3228,001,001_0172,5,4
3229,001,001_0172,6,4
3230,001,001_0172,7,4
3231,001,001_0172,8,4
3232,001,001_0173,1,3
3233,001,001_0173,2,3
3234,001,001_0173,3,3
3235,001,001_0173,4,3
3236,001,001_0173,5,3
3237,001,001_0173,6,3
3238,001,001_0173,7,3
3239,001,001_0173,8,3
3240,001,001_0174,1,2
3241,001,001_0174,2,2
3242,001,001_0174,3,2
3243,001,001_0174,4,2
3244,001,001_0174,5,2
3245,001,001_0174,6,2
3246,001,001_0174,7,2
3247,001,001_0174,8,2
3248,001,001_0175,1,1
3249,001,001_0175,2,1
3250,001,001_0175,3,1
3251,001,001_0175,4,1
3252,001,001_0175,5,1
3253,001,001_0175,6,1
3254,001,001_0175,7,1
3255,001,001_0175,8,1
3256,001,001_0176,1,5
3257,001,001_0176,2,5
3258,001,001_0176,3,5
3259,001,001_0176,4,5
3260,001,001_0176,5,5
3261,001,001_0176,6,5
3262,001,001_0176,7,5
3263,001,001_0176,8,5
3264,001,001_0177,1,4
3265,001,001_0177,2,4
3266,001,001_0177,3,4
3267,001,001_0177,4,4
3268,001,001_0177,5,4
3269,001,001_0177,6,4
3270,001,001_0177,7,4
3271,001,001_0177,8,4
3272,001,001_0178,1,3
3273,001,001_0178,2,3
3274,001,001_0178,3,3
3275,001,001_0178,4,3
3276,001,001_0178,5,3
3277,001,001_0178,6,3
3278,001,001_0178,7,3
3279,001,001_0178,8,3
3280,001,001_0179,1,2
3281,001,001_0179,2,2
3282,001,001_0179,3,2
3283,001,001_0179,4,2
3284,001,001_0179,5,2
3285,001,001_0179,6,2
3286,001,001_0179,7,2
3287,001,001_0179,8,2
3288,001,001_0180,1,1
3289,001,001_0180,2,1
3290,001,001_0180,3,1
3291,001,001_0180,4,1
3292,001,001_0180,5,1
3293,001,001_0180,6,1
3294,001,001_0180,7,1
3295,001,001_0180,8,1
3296,001,001_0181,1,5
3297,001,001_0181,2,5
3298,001,001_0181,3,5
3299,001,001_0181,4,5
3300,001,001_0181,5,5
3301,001,001_0181,6,5
3302,001,001_0181,7,5
3303,001,001_0181,8,5
3304,001,001_0182,1,4
3305,001,001_0182,2,4
3306,001,001_0182,3,4
3307,001,001_0182,4,4
3308,001,001_0182,5,4
3309,001,001_0182,6,4
3310,001,001_0182,7,4
3311,001,001_0182,8,4
3312,001,001_0183,1,3
3313,001,001_0183,2,3
3314,001,001_0183,3,3
3315,001,001_0183,4,3
3316,001,001_0183,5,3
3317,001,001_0183,6,3
3318,001,001_0183,7,3
3319,001,001_0183,8,3
3320,001,001_0184,1,2
3321,001,001_0184,2,2
3322,001,001_0184,3,2
3323,001,001_0184,4,2
3324,001,001_0184,5,2
3325,001,001_0184,6,2
3326,001,001_0184,7,2
3327,001,001_0184,8,2
3328,001,001_0185,1,1
3329,001,001_0185,2,1
3330,001,001_0185,3,1
3331,001,001_0185,4,1
3332,001,001_0185,5,1
3333,001,001_0185,6,1
3334,001,001_0185,7,1
3335,001,001_0185,8,1
3336,001,001_0186,1,5
3337,001,001_0186,2,5
3338,001,001_0186,3,5
3339,001,001_0186,4,5
3340,001,001_0186,5,5
3341,001,001_0186,6,5
3342,001,001_0186,7,5
3343,001,001_0186,8,5
3344,001,001_0187,1,4
3345,001,001_0187,2,4
3346,001,001_0187,3,4
3347,001,001_0187,4,4
3348,001,001_0187,5,4
3349,001,001_0187,6,4
3350,001,001_0187,7,4
3351,001,001_0187,8,4
3352,001,001_0188,1,3
3353,001,001_0188,2,3
3354,001,001_0188,3,3
3355,001,001_0188,4,3
3356,001,001_0188,5,3
3357,001,001_0188,6,3
3358,001,001_0188,7,3
3359,001,001_0188,8,3
3360,001,001_0189,1,2
3361,001,001_0189,2,2
3362,001,001_0189,3,2
3363,001,001_0189,4,2
3364,001,001_0189,5,2
3365,001,001_0189,6,2
3366,001,001_0189,7,2
3367,001,001_0189,8,2
3368,001,001_0190,1,1
3369,001,001_0190,2,1
3370,001,001_0190,3,1
3371,001,001_0190,4,1
3372,001,001_0190,5,1
3373,001,001_0190,6,1
3374,001,001_0190,7,1
3375,001,001_0190,8,1
3376,001,001_0191,1,5
3377,001,001_0191,2,5
3378,001,001_0191,3,5
3379,001,001_0191,4,5
3380,001,001_0191,5,5
3381,001,001_0191,6,5
3382,001,001_0191,7,5
3383,001,001_0191,8,5
3384,001,001_0192,1,4
3385,001,001_0192,2,4
3386,001,001_0192,3,4
3387,001,001_0192,4,4
3388,001,001_0192,5,4
3389,001,001_0192,6,4
3390,001,001_0192,7,4
3391,001,001_0192,8,4
3392,001,001_0193,1,3
3393,001,001_0193,2,3
3394,001,001_0193,3,3
3395,001,001_0193,4,3
3396,001,001_0193,5,3
3397,001,001_0193,6,3
3398,001,001_0193,7,3
3399,001,001_0193,8,3
3400,001,001_0194,1,2
3401,001,001_0194,2,2
3402,001,001_0194,3,2
3403,001,001_0194,4,2
3404,001,001_0194,5,2
3405,001,001_0194,6,2
3406,001,001_0194,7,2
3407,001,001_0194,8,2
3408,001,001_0195,1,1
3409,001,001_0195,2,1
3410,001,001_0195,3,1
3411,001,001_0195,4,1
3412,001,001_0195,5,1
3413,001,001_0195,6,1
3414,001,001_0195,7,1
3415,001,001_0195,8,1
3416,001,001_0196,1,5
3417,001,001_0196,2,5
3418,001,001_0196,3,5
3419,001,001_0196,4,5
3420,001,001_0196,5,5
3421,001,001_0196,6,5
3422,001,001_0196,7,5
3423,001,001_0196,8,5
3424,001,001_0197,1,4
3425,001,001_0197,2,4
3426,001,001_0197,3,4
3427,001,001_0197,4,4
3428,001,001_0197,5,4
3429,001,001_0197,6,4
3430,001,001_0197,7,4
3431,001,001_0197,8,4
3432,001,001_0198,1,3
3433,001,001_0198,2,3
3434,001,001_0198,3,3
3435,001,001_0198,4,3
3436,001,001_0198,5,3
3437,001,001_0198,6,3
3438,001,001_0198,7,3
3439,001,001_0198,8,3
3440,001,001_0199,1,2
3441,001,001_0199,2,2
3442,001,001_0199,3,2
3443,001,001_0199,4,2
3444,001,001_0199,5,2
3445,001,001_0199,6,2
3446,001,001_0199,7,2
3447,001,001_0199,8,2
3448,001,001_0200,1,1
3449,001,001_0200,2,1
3450,001,001_0200,3,1
3451,001,001_0200,4,1
3452,001,001_0200,5,1
3453,001,001_0200,6,1
3454,001,001_0200,7,1
3455,001,001_0200,8,1
3456,001,001_0201,1,5
3457,001,001_0201,2,5
3458,001,001_0201,3,5
3459,001,001_0201,4,5
3460,001,001_0201,5,5
3461,001,001_0201,6,5
3462,001,001_0201,7,5
3463,001,001_0201,8,5
3464,001,001_0202,1,4
3465,001,001_0202,2,4
3466,001,001_0202,3,4
3467,001,001_0202,4,4
3468,001,001_0202,5,4
3469,001,001_0202,6,4
3470,001,001_0202,7,4
3471,001,001_0202,8,4
3472,001,001_0203,1,3
3473,001,001_0203,2,3
3474,001,001_0203,3,3
3475,001,001_0203,4,3
3476,001,001_0203,5,3
3477,001,001_0203,6,3
3478,001,001_0203,7,3
3479,001,001_0203,8,3
3480,001,001_0204,1,2
3481,001,001_0204,2,2
3482,001,001_0204,3,2
3483,001,001_0204,4,2
3484,001,001_0204,5,2
3485,001,001_0204,6,2
3486,001,001_0204,7,2
3487,001,001_0204,8,2
3488,001,001_0205,1,1
3489,001,001_0205,2,1
3490,001,001_0205,3,1
3491,001,001_0205,4,1
3492,001,001_0205,5,1
3493,001,001_0205,6,1
3494,001,001_0205,7,1
3495,001,001_0205,8,1
3496,001,001_0206,1,5
3497,001,001_0206,2,5
3498,001,001_0206,3,5
3499,001,001_0206,4,5
3500,001,001_0206,5,5
3501,001,001_0206,6,5
3502,001,001_0206,7,5
3503,001,001_0206,8,5
3504,001,001_0207,1,4
3505,001,001_0207,2,4
3506,001,001_0207,3,4
3507,001,001_0207,4,4
3508,001,001_0207,5,4
3509,001,001_0207,6,4
3510,001,001_0207,7,4
3511,001,001_0207,8,4
3512,001,001_0208,1,3
3513,001,001_0208,2,3
3514,001,001_0208,3,3
3515,001,001_0208,4,3
3516,001,001_0208,5,3
3517,001,001_0208,6,3
3518,001,001_0208,7,3
3519,001,001_0208,8,3
3520,001,001_0209,1,2
3521,001,001_0209,2,2
3522,001,001_0209,3,2
3523,001,001_0209,4,2
3524,001,001_0209,5,2
3525,001,001_0209,6,2
3526,001,001_0209,7,2
3527,001,001_0209,8,2
3528,001,001_0210,1,1
3529,001,001_0210,2,1
3530,001,001_0210,3,1
3531,001,001_0210,4,1
3532,001,001_0210,5,1
3533,001,001_0210,6,1
3534,001,001_0210,7,1
3535,001,001_0210,8,1
3536,001,001_0211,1,5
3537,001,001_0211,2,5
3538,001,001_0211,3,5
3539,001,001_0211,4,5
3540,001,001_0211,5,5
3541,001,001_0211,6,5
3542,001,001_0211,7,5
3543,001,001_0211,8,5
3544,001,001_0212,1,4
3545,001,001_0212,2,4
3546,001,001_0212,3,4
3547,001,001_0212,4,4
3548,001,001_0212,5,4
3549,001,001_0212,6,4
3550,001,001_0212,7,4
3551,001,001_0212,8,4
3552,002,002_0001,1,3
3553,002,002_0001,2,3
3554,002,002_0001,3,3
3555,002,002_0001,4,3
3556,002,002_0001,5,3
3557,002,002_0001,6,3
3558,002,002_0001,7,3
3559,002,002_0001,8,3
3560,002,002_0002,1,2
3561,002,002_0002,2,2
3562,002,002_0002,3,2
3563,002,002_0002,4,2
3564,002,002_0002,5,2
3565,002,002_0002,6,2
3566,002,002_0002,7,2
3567,002,002_0002,8,2
3568,002,002_0003,1,1
3569,002,002_0003,2,1
3570,002,002_0003,3,1
3571,002,002_0003,4,1
3572,002,002_0003,5,1
3573,002,002_0003,6,1
3574,002,002_0003,7,1
3575,002,002_0003,8,1
3576,002,002_0004,1,5
3577,002,002_0004,2,5
3578,002,002_0004,3,5
3579,002,002_0004,4,5
3580,002,002_0004,5,5
3581,002,002_0004,6,5
3582,002,002_0004,7,5
3583,002,002_0004,8,5
3584,002,002_0005,1,4
3585,002,002_0005,2,4
3586,002,002_0005,3,4
3587,002,002_0005,4,4
3588,002,002_0005,5,4
3589,002,002_0005,6,4
3590,002,002_0005,7,4
3591,002,002_0005,8,4
3592,002,002_0006,1,3
3593,002,002_0006,2,3
3594,002,002_0006,3,3
3595,002,002_0006,4,3
3596,002,002_0006,5,3
3597,002,002_0006,6,3
3598,002,002_0006,7,3
3599,002,002_0006,8,3
3600,002,002_0007,1,2
3601,002,002_0007,2,2
3602,002,002_0007,3,2
3603,002,002_0007,4,2
3604,002,002_0007,5,2
3605,002,002_0007,6,2
3606,002,002_0007,7,2
3607,002,002_0007,8,2
3608,002,002_0008,1,1
3609,002,002_0008,2,1
3610,002,002_0008,3,1
3611,002,002_0008,4,1
3612,002,002_0008,5,1
3613,002,002_0008,6,1
3614,002,002_0008,7,1
3615,002,002_0008,8,1
3616,002,002_0009,1,5
3617,002,002_0009,2,5
3618,002,002_0009,3,5
3619,002,002_0009,4,5
3620,002,002_0009,5,5
3621,002,002_0009,6,5
3622,002,002_0009,7,5
3623,002,002_0009,8,5
3624,002,002_0010,1,4
3625,002,002_0010,2,4
3626,002,002_0010,3,4
3627,002,002_0010,4,4
3628,002,002_0010,5,4
3629,002,002_0010,6,4
3630,002,002_0010,7,4
3631,002,002_0010,8,4
3632,002,002_0011,1,3
3633,002,002_0011,2,3
3634,002,002_0011,3,3
3635,002,002_0011,4,3
3636,002,002_0011,5,3
3637,002,002_0011,6,3
3638,002,002_0011,7,3
3639,002,002_0011,8,3
3640,002,002_0012,1,2
3641,002,002_0012,2,2
3642,002,002_0012,3,2
3643,002,002_0012,4,2
3644,002,002_0012,5,2
3645,002,002_0012,6,2
3646,002,002_0012,7,2
3647,002,002_0012,8,2
3648,002,002_0013,1,1
3649,002,002_0013,2,1
3650,002,002_0013,3,1
3651,002,002_0013,4,1
3652,002,002_0013,5,1
3653,002,002_0013,6,1
3654,002,002_0013,7,1
3655,002,002_0013,8,1
3656,002,002_0014,1,5
3657,002,002_0014,2,5
3658,002,002_0014,3,5
3659,002,002_0014,4,5
3660,002,002_0014,5,5
3661,002,002_0014,6,5
3662,002,002_0014,7,5
3663,002,002_0014,8,5
3664,002,002_0015,1,4
3665,002,002_0015,2,4
3666,002,002_0015,3,4
3667,002,002_0015,4,4
3668,002,002_0015,5,4
3669,002,002_0015,6,4
3670,002,002_0015,7,4
3671,002,002_0015,8,4
3672,002,002_0016,1,3
3673,002,002_0016,2,3
3674,002,002_0016,3,3
3675,002,002_0016,4,3
3676,002,002_0016,5,3
3677,002,002_0016,6,3
3678,002,002_0016,7,3
3679,002,002_0016,8,3
3680,002,002_0017,1,2
3681,002,002_0017,2,2
3682,002,002_0017,3,2
3683,002,002_0017,4,2
3684,002,002_0017,5,2
3685,002,002_0017,6,2
3686,002,002_0017,7,2
3687,002,002_0017,8,2
3688,002,002_0018,1,1
3689,002,002_0018,2,1
3690,002,002_0018,3,1
3691,002,002_0018,4,1
3692,002,002_0018,5,1
3693,002,002_0018,6,1
3694,002,002_0018,7,1
3695,002,002_0018,8,1
3696,002,002_0019,1,5
3697,002,002_0019,2,5
3698,002,002_0019,3,5
3699,002,002_0019,4,5
3700,002,002_0019,5,5
3701,002,002_0019,6,5
3702,002,002_0019,7,5
3703,002,002_0019,8,5
3704,002,002_0020,1,4
3705,002,002_0020,2,4
3706,002,002_0020,3,4
3707,002,002_0020,4,4
3708,002,002_0020,5,4
3709,002,002_0020,6,4
3710,002,002_0020,7,4
3711,002,002_0020,8,4
3712,002,002_0021,1,3
3713,002,002_0021,2,3
3714,002,002_0021,3,3
3715,002,002_0021,4,3
3716,002,002_0021,5,3
3717,002,002_0021,6,3
3718,002,002_0021,7,3
3719,002,002_0021,8,3
3720,002,002_0022,1,2
3721,002,002_0022,2,2
3722,002,002_0022,3,2
3723,002,002_0022,4,2
3724,002,002_0022,5,2
3725,002,002_0022,6,2
3726,002,002_0022,7,2
3727,002,002_0022,8,2
3728,002,002_0023,1,1
3729,002,002_0023,2,1
3730,002,002_0023,3,1
3731,002,002_0023,4,1
3732,002,002_0023,5,1
3733,002,002_0023,6,1
3734,002,002_0023,7,1
3735,002,002_0023,8,1
3736,002,002_0024,1,5
3737,002,002_0024,2,5
3738,002,002_0024,3,5
3739,002,002_0024,4,5
3740,002,002_0024,5,5
3741,002,002_0024,6,5
3742,002,002_0024,7,5
3743,002,002_0024,8,5
3744,002,002_0025,1,4
3745,002,002_0025,2,4
3746,002,002_0025,3,4
3747,002,002_0025,4,4
3748,002,002_0025,5,4
3749,002,002_0025,6,4
3750,002,002_0025,7,4
3751,002,002_0025,8,4
3752,002,002_0026,1,3
3753,002,002_0026,2,3
3754,002,002_0026,3,3
3755,002,002_0026,4,3
3756,002,002_0026,5,3
3757,002,002_0026,6,3
3758,002,002_0026,7,3
3759,002,002_0026,8,3
3760,002,002_0027,1,2
3761,002,002_0027,2,2
3762,002,002_0027,3,2
3763,002,002_0027,4,2
3764,002,002_0027,5,2
3765,002,002_0027,6,2
3766,002,002_0027,7,2
3767,002,002_0027,8,2
3768,002,002_0028,1,1
3769,002,002_0028,2,1
3770,002,002_0028,3,1
3771,002,002_0028,4,1
3772,002,002_0028,5,1
3773,002,002_0028,6,1
3774,002,002_0028,7,1
3775,002,002_0028,8,1
3776,002,002_0029,1,5
3777,002,002_0029,2,5
3778,002,002_0029,3,5
3779,002,002_0029,4,5
3780,002,002_0029,5,5
3781,002,002_0029,6,5
3782,002,002_0029,7,5
3783,002,002_0029,8,5
3784,002,002_0030,1,4
3785,002,002_0030,2,4
3786,002,002_0030,3,4
3787,002,002_0030,4,4
3788,002,002_0030,5,4
3789,002,002_0030,6,4
3790,002,002_0030,7,4
3791,002,002_0030,8,4
3792,002,002_0031,1,3
3793,002,002_0031,2,3
3794,002,002_0031,3,3
3795,002,002_0031,4,3
3796,002,002_0031,5,3
3797,002,002_0031,6,3
3798,002,002_0031,7,3
3799,002,002_0031,8,3
3800,002,002_0032,1,2
3801,002,002_0032,2,2
3802,002,002_0032,3,2
3803,002,002_0032,4,2
3804,002,002_0032,5,2
3805,002,002_0032,6,2
3806,002,002_0032,7,2
3807,002,002_0032,8,2
3808,002,002_0033,1,1
3809,002,002_0033,2,1
3810,002,002_0033,3,1
3811,002,002_0033,4,1
3812,002,002_0033,5,1
3813,002,002_0033,6,1
3814,002,002_0033,7,1
3815,002,002_0033,8,1
3816,002,002_0034,1,5
3817,002,002_0034,2,5
3818,002,002_0034,3,5
3819,002,002_0034,4,5
3820,002,002_0034,5,5
3821,002,002_0034,6,5
3822,002,002_0034,7,5
3823,002,002_0034,8,5
3824,002,002_0035,1,4
3825,002,002_0035,2,4
3826,002,002_0035,3,4
3827,002,002_0035,4,4
3828,002,002_0035,5,4
3829,002,002_0035,6,4
3830,002,002_0035,7,4
3831,002,002_0035,8,4
3832,002,002_0036,1,3
3833,002,002_0036,2,3
3834,002,002_0036,3,3
3835,002,002_0036,4,3
3836,002,002_0036,5,3
3837,002,002_0036,6,3
3838,002,002_0036,7,3
3839,002,002_0036,8,3
3840,002,002_0037,1,2
3841,002,002_0037,2,2
3842,002,002_0037,3,2
3843,002,002_0037,4,2
3844,002,002_0037,5,2
3845,002,002_0037,6,2
3846,002,002_0037,7,2
3847,002,002_0037,8,2
3848,002,002_0038,1,1
3849,002,002_0038,2,1
3850,002,002_0038,3,1
3851,002,002_0038,4,1
3852,002,002_0038,5,1
3853,002,002_0038,6,1
3854,002,002_0038,7,1
3855,002,002_0038,8,1
3856,002,002_0039,1,5
3857,002,002_0039,2,5
3858,002,002_0039,3,5
3859,002,002_0039,4,5
3860,002,002_0039,5,5
3861,002,002_0039,6,5
3862,002,002_0039,7,5
3863,002,002_0039,8,5
3864,002,002_0040,1,4
3865,002,002_0040,2,4
3866,002,002_0040,3,4
3867,002,002_0040,4,4
3868,002,002_0040,5,4
3869,002,002_0040,6,4
3870,002,002_0040,7,4
3871,002,002_0040,8,4
3872,002,002_0041,1,3
3873,002,002_0041,2,3
3874,002,002_0041,3,3
3875,002,002_0041,4,3
3876,002,002_0041,5,3
3877,002,002_0041,6,3
3878,002,002_0041,7,3
3879,002,002_0041,8,3
3880,002,002_0042,1,2
3881,002,002_0042,2,2
3882,002,002_0042,3,2
3883,002,002_0042,4,2
3884,002,002_0042,5,2
3885,002,002_0042,6,2
3886,002,002_0042,7,2
3887,002,002_0042,8,2
3888,002,002_0043,1,1
3889,002,002_0043,2,1
3890,002,002_0043,3,1
3891,002,002_0043,4,1
3892,002,002_0043,5,1
3893,002,002_0043,6,1
3894,002,002_0043,7,1
3895,002,002_0043,8,1
3896,002,002_0044,1,5
3897,002,002_0044,2,5
3898,002,002_0044,3,5
3899,002,002_0044,4,5
3900,002,002_0044,5,5
3901,002,002_0044,6,5
3902,002,002_0044,7,5
3903,002,002_0044,8,5
3904,002,002_0045,1,4
3905,002,002_0045,2,4
3906,002,002_0045,3,4
3907,002,002_0045,4,4
3908,002,002_0045,5,4
3909,002,002_0045,6,4
3910,002,002_0045,7,4
3911,002,002_0045,8,4
3912,002,002_0046,1,3
3913,002,002_0046,2,3
3914,002,002_0046,3,3
3915,002,002_0046,4,3
3916,002,002_0046,5,3
3917,002,002_0046,6,3
3918,002,002_0046,7,3
3919,002,002_0046,8,3
3920,002,002_0047,1,2
3921,002,002_0047,2,2
3922,002,002_0047,3,2
3923,002,002_0047,4,2
3924,002,002_0047,5,2
3925,002,002_0047,6,2
3926,002,002_0047,7,2
3927,002,002_0047,8,2
3928,002,002_0048,1,1
3929,002,002_0048,2,1
3930,002,002_0048,3,1
3931,002,002_0048,4,1
3932,002,002_0048,5,1
3933,002,002_0048,6,1
3934,002,002_0048,7,1
3935,002,002_0048,8,1
3936,002,002_0049,1,5
3937,002,002_0049,2,5
3938,002,002_0049,3,5
3939,002,002_0049,4,5
3940,002,002_0049,5,5
3941,002,002_0049,6,5
3942,002,002_0049,7,5
3943,002,002_0049,8,5
3944,002,002_0050,1,4
3945,002,002_0050,2,4
3946,002,002_0050,3,4
3947,002,002_0050,4,4
3948,002,002_0050,5,4
3949,002,002_0050,6,4
3950,002,002_0050,7,4
3951,002,002_0050,8,4
3952,002,002_0051,1,3
3953,002,002_0051,2,3
3954,002,002_0051,3,3
3955,002,002_0051,4,3
3956,002,002_0051,5,3
3957,002,002_0051,6,3
3958,002,002_0051,7,3
3959,002,002_0051,8,3
3960,002,002_0052,1,2
3961,002,002_0052,2,2
3962,002,002_0052,3,2
3963,002,002_0052,4,2
3964,002,002_0052,5,2
3965,002,002_0052,6,2
3966,002,002_0052,7,2
3967,002,002_0052,8,2
3968,002,002_0053,1,1
3969,002,002_0053,2,1
3970,002,002_0053,3,1
3971,002,002_0053,4,1
3972,002,002_0053,5,1
3973,002,002_0053,6,1
3974,002,002_0053,7,1
3975,002,002_0053,8,1
3976,002,002_0054,1,5
3977,002,002_0054,2,5
3978,002,002_0054,3,5
3979,002,002_0054,4,5
3980,002,002_0054,5,5
3981,002,002_0054,6,5
3982,002,002_0054,7,5
3983,002,002_0054,8,5
3984,002,002_0055,1,4
3985,002,002_0055,2,4
3986,002,002_0055,3,4
3987,002,002_0055,4,4
3988,002,002_0055,5,4
3989,002,002_0055,6,4
3990,002,002_0055,7,4
3991,002,002_0055,8,4
3992,002,002_0056,1,3
3993,002,002_0056,2,3
3994,002,002_0056,3,3
3995,002,002_0056,4,3
3996,002,002_0056,5,3
3997,002,002_0056,6,3
3998,002,002_0056,7,3
3999,002,002_0056,8,3
4000,002,002_0057,1,2
4001,002,002_0057,2,2
4002,002,002_0057,3,2
4003,002,002_0057,4,2
4004,002,002_0057,5,2
4005,002,002_0057,6,2
4006,002,002_0057,7,2
4007,002,002_0057,8,2
4008,002,002_0058,1,1
4009,002,002_0058,2,1
4010,002,002_0058,3,1
4011,002,002_0058,4,1
4012,002,002_0058,5,1
4013,002,002_0058,6,1
4014,002,002_0058,7,1
4015,002,002_0058,8,1
4016,002,002_0059,1,5
4017,002,002_0059,2,5
4018,002,002_0059,3,5
4019,002,002_0059,4,5
4020,002,002_0059,5,5
4021,002,002_0059,6,5
4022,002,002_0059,7,5
4023,002,002_0059,8,5
4024,002,002_0060,1,4
4025,002,002_0060,2,4
4026,002,002_0060,3,4
4027,002,002_0060,4,4
4028,002,002_0060,5,4
4029,002,002_0060,6,4
4030,002,002_0060,7,4
4031,002,002_0060,8,4
4032,002,002_0061,1,3
4033,002,002_0061,2,3
4034,002,002_0061,3,3
4035,002,002_0061,4,3
4036,002,002_0061,5,3
4037,002,002_0061,6,3
4038,002,002_0061,7,3
4039,002,002_0061,8,3
4040,002,002_0062,1,2
4041,002,002_0062,2,2
4042,002,002_0062,3,2
4043,002,002_0062,4,2
4044,002,002_0062,5,2
4045,002,002_0062,6,2
4046,002,002_0062,7,2
4047,002,002_0062,8,2
4048,002,002_0063,1,1
4049,002,002_0063,2,1
4050,002,002_0063,3,1
4051,002,002_0063,4,1
4052,002,002_0063,5,1
4053,002,002_0063,6,1
4054,002,002_0063,7,1
4055,002,002_0063,8,1
4056,002,002_0064,1,5
4057,002,002_0064,2,5
4058,002,002_0064,3,5
4059,002,002_0064,4,5
4060,002,002_0064,5,5
4061,002,002_0064,6,5
4062,002,002_0064,7,5
4063,002,002_0064,8,5
4064,002,002_0065,1,4
4065,002,002_0065,2,4
4066,002,002_0065,3,4
4067,002,002_0065,4,4
4068,002,002_0065,5,4
4069,002,002_0065,6,4
4070,002,002_0065,7,4
4071,002,002_0065,8,4
4072,002,002_0066,1,3
4073,002,002_0066,2,3
4074,002,002_0066,3,3
4075,002,002_0066,4,3
4076,002,002_0066,5,3
4077,002,002_0066,6,3
4078,002,002_0066,7,3
4079,002,002_0066,8,3
4080,002,002_0067,1,2
4081,002,002_0067,2,2
4082,002,002_0067,3,2
4083,002,002_0067,4,2
4084,002,002_0067,5,2
4085,002,002_0067,6,2
4086,002,002_0067,7,2
4087,002,002_0067,8,2
4088,002,002_0068,1,1
4089,002,002_0068,2,1
4090,002,002_0068,3,1
4091,002,002_0068,4,1
4092,002,002_0068,5,1
4093,002,002_0068,6,1
4094,002,002_0068,7,1
4095,002,002_0068,8,1
4096,002,002_0069,1,5
4097,002,002_0069,2,5
4098,002,002_0069,3,5
4099,002,002_0069,4,5
4100,002,002_0069,5,5
4101,002,002_0069,6,5
4102,002,002_0069,7,5
4103,002,002_0069,8,5
4104,002,002_0070,1,4
4105,002,002_0070,2,4
4106,002,002_0070,3,4
4107,002,002_0070,4,4
4108,002,002_0070,5,4
4109,002,002_0070,6,4
4110,002,002_0070,7,4
4111,002,002_0070,8,4
4112,002,002_0071,1,3
4113,002,002_0071,2,3
4114,002,002_0071,3,3
4115,002,002_0071,4,3
4116,002,002_0071,5,3
4117,002,002_0071,6,3
4118,002,002_0071,7,3
4119,002,002_0071,8,3
4120,002,002_0072,1,2
4121,002,002_0072,2,2
4122,002,002_0072,3,2
4123,002,002_0072,4,2
4124,002,002_0072,5,2
4125,002,002_0072,6,2
4126,002,002_0072,7,2
4127,002,002_0072,8,2
4128,002,002_0073,1,1
4129,002,002_0073,2,1
4130,002,002_0073,3,1
4131,002,002_0073,4,1
4132,002,002_0073,5,1
4133,002,002_0073,6,1
4134,002,002_0073,7,1
4135,002,002_0073,8,1
4136,002,002_0074,1,5
4137,002,002_0074,2,5
4138,002,002_0074,3,5
4139,002,002_0074,4,5
4140,002,002_0074,5,5
4141,002,002_0074,6,5
4142,002,002_0074,7,5
4143,002,002_0074,8,5
4144,002,002_0075,1,4
4145,002,002_0075,2,4
4146,002,002_0075,3,4
4147,002,002_0075,4,4
4148,002,002_0075,5,4
4149,002,002_0075,6,4
4150,002,002_0075,7,4
4151,002,002_0075,8,4
4152,002,002_0076,1,3
4153,002,002_0076,2,3
4154,002,002_0076,3,3
4155,002,002_0076,4,3
4156,002,002_0076,5,3
4157,002,002_0076,6,3
4158,002,002_0076,7,3
4159,002,002_0076,8,3
4160,002,002_0077,1,2
4161,002,002_0077,2,2
4162,002,002_0077,3,2
4163,002,002_0077,4,2
4164,002,002_0077,5,2
4165,002,002_0077,6,2
4166,002,002_0077,7,2
4167,002,002_0077,8,2
4168,002,002_0078,1,1
4169,002,002_0078,2,1
4170,002,002_0078,3,1
4171,002,002_0078,4,1
4172,002,002_0078,5,1
4173,002,002_0078,6,1
4174,002,002_0078,7,1
4175,002,002_0078,8,1
4176,002,002_0079,1,5
4177,002,002_0079,2,5
4178,002,002_0079,3,5
4179,002,002_0079,4,5
4180,002,002_0079,5,5
4181,002,002_0079,6,5
4182,002,002_0079,7,5
4183,002,002_0079,8,5
4184,002,002_0080,1,4
4185,002,002_0080,2,4
4186,002,002_0080,3,4
4187,002,002_0080,4,4
4188,002,002_0080,5,4
4189,002,002_0080,6,4
4190,002,002_0080,7,4
4191,002,002_0080,8,4
4192,002,002_0081,1,3
4193,002,002_0081,2,3
4194,002,002_0081,3,3
4195,002,002_0081,4,3
4196,002,002_0081,5,3
4197,002,002_0081,6,3
4198,002,002_0081,7,3
4199,002,002_0081,8,3
4200,002,002_0082,1,2
4201,002,002_0082,2,2
4202,002,002_0082,3,2
4203,002,002_0082,4,2
4204,002,002_0082,5,2
4205,002,002_0082,6,2
4206,002,002_0082,7,2
4207,002,002_0082,8,2
4208,002,002_0083,1,1
4209,002,002_0083,2,1
4210,002,002_0083,3,1
4211,002,002_0083,4,1
4212,002,002_0083,5,1
4213,002,002_0083,6,1
4214,002,002_0083,7,1
4215,002,002_0083,8,1
4216,002,002_0084,1,5
4217,002,002_0084,2,5
4218,002,002_0084,3,5
4219,002,002_0084,4,5
4220,002,002_0084,5,5
4221,002,002_0084,6,5
4222,002,002_0084,7,5
4223,002,002_0084,8,5
4224,002,002_0085,1,4
4225,002,002_0085,2,4
4226,002,002_0085,3,4
4227,002,002_0085,4,4
4228,002,002_0085,5,4
4229,002,002_0085,6,4
4230,002,002_0085,7,4
4231,002,002_0085,8,4
4232,002,002_0086,1,3
4233,002,002_0086,2,3
4234,002,002_0086,3,3
4235,002,002_0086,4,3
4236,002,002_0086,5,3
4237,002,002_0086,6,3
4238,002,002_0086,7,3
4239,002,002_0086,8,3
4240,002,002_0087,1,2
4241,002,002_0087,2,2
4242,002,002_0087,3,2
4243,002,002_0087,4,2
4244,002,002_0087,5,2
4245,002,002_0087,6,2
4246,002,002_0087,7,2
4247,002,002_0087,8,2
4248,002,002_0088,1,1
4249,002,002_0088,2,1
4250,002,002_0088,3,1
4251,002,002_0088,4,1
4252,002,002_0088,5,1
4253,002,002_0088,6,1
4254,002,002_0088,7,1
4255,002,002_0088,8,1
4256,002,002_0089,1,5
4257,002,002_0089,2,5
4258,002,002_0089,3,5
4259,002,002_0089,4,5
4260,002,002_0089,5,5
4261,002,002_0089,6,5
4262,002,002_0089,7,5
4263,002,002_0089,8,5
4264,002,002_0090,1,4
4265,002,002_0090,2,4
4266,002,002_0090,3,4
4267,002,002_0090,4,4
4268,002,002_0090,5,4
4269,002,002_0090,6,4
4270,002,002_0090,7,4
4271,002,002_0090,8,4
4272,002,002_0091,1,3
4273,002,002_0091,2,3
4274,002,002_0091,3,3
4275,002,002_0091,4,3
4276,002,002_0091,5,3
4277,002,002_0091,6,3
4278,002,002_0091,7,3
4279,002,002_0091,8,3
4280,002,002_0092,1,2
4281,002,002_0092,2,2
4282,002,002_0092,3,2
4283,002,002_0092,4,2
4284,002,002_0092,5,2
4285,002,002_0092,6,2
4286,002,002_0092,7,2
4287,002,002_0092,8,2
4288,002,002_0093,1,1
4289,002,002_0093,2,1
4290,002,002_0093,3,1
4291,002,002_0093,4,1
4292,002,002_0093,5,1
4293,002,002_0093,6,1
4294,002,002_0093,7,1
4295,002,002_0093,8,1
4296,002,002_0094,1,5
4297,002,002_0094,2,5
4298,002,002_0094,3,5
4299,002,002_0094,4,5
4300,002,002_0094,5,5
4301,002,002_0094,6,5
4302,002,002_0094,7,5
4303,002,002_0094,8,5
4304,002,002_0095,1,4
4305,002,002_0095,2,4
4306,002,002_0095,3,4
4307,002,002_0095,4,4
4308,002,002_0095,5,4
4309,002,002_0095,6,4
4310,002,002_0095,7,4
4311,002,002_0095,8,4
4312,002,002_0096,1,3
4313,002,002_0096,2,3
4314,002,002_0096,3,3
4315,002,002_0096,4,3
4316,002,002_0096,5,3
4317,002,002_0096,6,3
4318,002,002_0096,7,3
4319,002,002_0096,8,3
4320,002,002_0097,1,2
4321,002,002_0097,2,2
4322,002,002_0097,3,2
4323,002,002_0097,4,2
4324,002,002_0097,5,2
4325,002,002_0097,6,2
4326,002,002_0097,7,2
4327,002,002_0097,8,2
4328,002,002_0098,1,1
4329,002,002_0098,2,1
4330,002,002_0098,3,1
4331,002,002_0098,4,1
4332,002,002_0098,5,1
4333,002,002_0098,6,1
4334,002,002_0098,7,1
4335,002,002_0098,8,1
4336,002,002_0099,1,5
4337,002,002_0099,2,5
4338,002,002_0099,3,5
4339,002,002_0099,4,5
4340,002,002_0099,5,5
4341,002,002_0099,6,5
4342,002,002_0099,7,5
4343,002,002_0099,8,5
4344,002,002_0100,1,4
4345,002,002_0100,2,4
4346,002,002_0100,3,4
4347,002,002_0100,4,4
4348,002,002_0100,5,4
4349,002,002_0100,6,4
4350,002,002_0100,7,4
4351,002,002_0100,8,4
4352,002,002_0101,1,3
4353,002,002_0101,2,3
4354,002,002_0101,3,3
4355,002,002_0101,4,3
4356,002,002_0101,5,3
4357,002,002_0101,6,3
4358,002,002_0101,7,3
4359,002,002_0101,8,3
4360,002,002_0102,1,2
4361,002,002_0102,2,2
4362,002,002_0102,3,2
4363,002,002_0102,4,2
4364,002,002_0102,5,2
4365,002,002_0102,6,2
4366,002,002_0102,7,2
4367,002,002_0102,8,2
4368,002,002_0103,1,1
4369,002,002_0103,2,1
4370,002,002_0103,3,1
4371,002,002_0103,4,1
4372,002,002_0103,5,1
4373,002,002_0103,6,1
4374,002,002_0103,7,1
4375,002,002_0103,8,1
4376,002,002_0104,1,5
4377,002,002_0104,2,5
4378,002,002_0104,3,5
4379,002,002_0104,4,5
4380,002,002_0104,5,5
4381,002,002_0104,6,5
4382,002,002_0104,7,5
4383,002,002_0104,8,5
4384,002,002_0105,1,4
4385,002,002_0105,2,4
4386,002,002_0105,3,4
4387,002,002_0105,4,4
4388,002,002_0105,5,4
4389,002,002_0105,6,4
4390,002,002_0105,7,4
4391,002,002_0105,8,4
4392,002,002_0106,1,3
4393,002,002_0106,2,3
4394,002,002_0106,3,3
4395,002,002_0106,4,3
4396,002,002_0106,5,3
4397,002,002_0106,6,3
4398,002,002_0106,7,3
4399,002,002_0106,8,3
4400,002,002_0107,1,2
4401,002,002_0107,2,2
4402,002,002_0107,3,2
4403,002,002_0107,4,2
4404,002,002_0107,5,2
4405,002,002_0107,6,2
4406,002,002_0107,7,2
4407,002,002_0107,8,2
4408,002,002_0108,1,1
4409,002,002_0108,2,1
4410,002,002_0108,3,1
4411,002,002_0108,4,1
4412,002,002_0108,5,1
4413,002,002_0108,6,1
4414,002,002_0108,7,1
4415,002,002_0108,8,1
4416,002,002_0109,1,5
4417,002,002_0109,2,5
4418,002,002_0109,3,5
4419,002,002_0109,4,5
4420,002,002_0109,5,5
4421,002,002_0109,6,5
4422,002,002_0109,7,5
4423,002,002_0109,8,5
4424,002,002_0110,1,4
4425,002,002_0110,2,4
4426,002,002_0110,3,4
4427,002,002_0110,4,4
4428,002,002_0110,5,4
4429,002,002_0110,6,4
4430,002,002_0110,7,4
4431,002,002_0110,8,4
4432,002,002_0111,1,3
4433,002,002_0111,2,3
4434,002,002_0111,3,3
4435,002,002_0111,4,3
4436,002,002_0111,5,3
4437,002,002_0111,6,3
4438,002,002_0111,7,3
4439,002,002_0111,8,3
4440,002,002_0112,1,2
4441,002,002_0112,2,2
4442,002,002_0112,3,2
4443,002,002_0112,4,2
4444,002,002_0112,5,2
4445,002,002_0112,6,2
4446,002,002_0112,7,2
4447,002,002_0112,8,2
4448,002,002_0113,1,1
4449,002,002_0113,2,1
4450,002,002_0113,3,1
4451,002,002_0113,4,1
4452,002,002_0113,5,1
4453,002,002_0113,6,1
4454,002,002_0113,7,1
4455,002,002_0113,8,1
4456,002,002_0114,1,5
4457,002,002_0114,2,5
4458,002,002_0114,3,5
4459,002,002_0114,4,5
4460,002,002_0114,5,5
4461,002,002_0114,6,5
4462,002,002_0114,7,5
4463,002,002_0114,8,5
4464,002,002_0115,1,4
4465,002,002_0115,2,4
4466,002,002_0115,3,4
4467,002,002_0115,4,4
4468,002,002_0115,5,4
4469,002,002_0115,6,4
4470,002,002_0115,7,4
4471,002,002_0115,8,4
4472,002,002_0116,1,3
4473,002,002_0116,2,3
4474,002,002_0116,3,3
4475,002,002_0116,4,3
4476,002,002_0116,5,3
4477,002,002_0116,6,3
4478,002,002_0116,7,3
4479,002,002_0116,8,3
4480,002,002_0117,1,2
4481,002,002_0117,2,2
4482,002,002_0117,3,2
4483,002,002_0117,4,2
4484,002,002_0117,5,2
4485,002,002_0117,6,2
4486,002,002_0117,7,2
4487,002,002_0117,8,2
4488,002,002_0118,1,1
4489,002,002_0118,2,1
4490,002,002_0118,3,1
4491,002,002_0118,4,1
4492,002,002_0118,5,1
4493,002,002_0118,6,1
4494,002,002_0118,7,1
4495,002,002_0118,8,1
4496,002,002_0119,1,5
4497,002,002_0119,2,5
4498,002,002_0119,3,5
4499,002,002_0119,4,5
4500,002,002_0119,5,5
4501,002,002_0119,6,5
4502,002,002_0119,7,5
4503,002,002_0119,8,5
4504,002,002_0120,1,4
4505,002,002_0120,2,4
4506,002,002_0120,3,4
4507,002,002_0120,4,4
4508,002,002_0120,5,4
4509,002,002_0120,6,4
4510,002,002_0120,7,4
4511,002,002_0120,8,4
4512,002,002_0121,1,3
4513,002,002_0121,2,3
4514,002,002_0121,3,3
4515,002,002_0121,4,3
4516,002,002_0121,5,3
4517,002,002_0121,6,3
4518,002,002_0121,7,3
4519,002,002_0121,8,3
4520,002,002_0122,1,2
4521,002,002_0122,2,2
4522,002,002_0122,3,2
4523,002,002_0122,4,2
4524,002,002_0122,5,2
4525,002,002_0122,6,2
4526,002,002_0122,7,2
4527,002,002_0122,8,2
4528,002,002_0123,1,1
4529,002,002_0123,2,1
4530,002,002_0123,3,1
4531,002,002_0123,4,1
4532,002,002_0123,5,1
4533,002,002_0123,6,1
4534,002,002_0123,7,1
4535,002,002_0123,8,1
4536,002,002_0124,1,5
4537,002,002_0124,2,5
4538,002,002_0124,3,5
4539,002,002_0124,4,5
4540,002,002_0124,5,5
4541,002,002_0124,6,5
4542,002,002_0124,7,5
4543,002,002_0124,8,5
4544,002,002_0125,1,4
4545,002,002_0125,2,4
4546,002,002_0125,3,4
4547,002,002_0125,4,4
4548,002,002_0125,5,4
4549,002,002_0125,6,4
4550,002,002_0125,7,4
4551,002,002_0125,8,4
4552,002,002_0126,1,3
4553,002,002_0126,2,3
4554,002,002_0126,3,3
4555,002,002_0126,4,3
4556,002,002_0126,5,3
4557,002,002_0126,6,3
4558,002,002_0126,7,3
4559,002,002_0126,8,3
4560,002,002_0127,1,2
4561,002,002_0127,2,2
4562,002,002_0127,3,2
4563,002,002_0127,4,2
4564,002,002_0127,5,2
4565,002,002_0127,6,2
4566,002,002_0127,7,2
4567,002,002_0127,8,2
4568,002,002_0128,1,1
4569,002,002_0128,2,1
4570,002,002_0128,3,1
4571,002,002_0128,4,1
4572,002,002_0128,5,1
4573,002,002_0128,6,1
4574,002,002_0128,7,1
4575,002,002_0128,8,1
4576,002,002_0129,1,5
4577,002,002_0129,2,5
4578,002,002_0129,3,5
4579,002,002_0129,4,5
4580,002,002_0129,5,5
4581,002,002_0129,6,5
4582,002,002_0129,7,5
4583,002,002_0129,8,5
4584,002,002_0130,1,4
4585,002,002_0130,2,4
4586,002,002_0130,3,4
4587,002,002_0130,4,4
4588,002,002_0130,5,4
4589,002,002_0130,6,4
4590,002,002_0130,7,4
4591,002,002_0130,8,4
4592,002,002_0131,1,3
4593,002,002_0131,2,3
4594,002,002_0131,3,3
4595,002,002_0131,4,3
4596,002,002_0131,5,3
4597,002,002_0131,6,3
4598,002,002_0131,7,3
4599,002,002_0131,8,3
4600,002,002_0132,1,2
4601,002,002_0132,2,2
4602,002,002_0132,3,2
4603,002,002_0132,4,2
4604,002,002_0132,5,2
4605,002,002_0132,6,2
4606,002,002_0132,7,2
4607,002,002_0132,8,2
4608,002,002_0133,1,1
4609,002,002_0133,2,1
4610,002,002_0133,3,1
4611,002,002_0133,4,1
4612,002,002_0133,5,1
4613,002,002_0133,6,1
4614,002,002_0133,7,1
4615,002,002_0133,8,1
4616,002,002_0134,1,5
4617,002,002_0134,2,5
4618,002,002_0134,3,5
4619,002,002_0134,4,5
4620,002,002_0134,5,5
4621,002,002_0134,6,5
4622,002,002_0134,7,5
4623,002,002_0134,8,5
4624,002,002_0135,1,4
4625,002,002_0135,2,4
4626,002,002_0135,3,4
4627,002,002_0135,4,4
4628,002,002_0135,5,4
4629,002,002_0135,6,4
4630,002,002_0135,7,4
4631,002,002_0135,8,4
4632,002,002_0136,1,3
4633,002,002_0136,2,3
4634,002,002_0136,3,3
4635,002,002_0136,4,3
4636,002,002_0136,5,3
4637,002,002_0136,6,3
4638,002,002_0136,7,3
4639,002,002_0136,8,3
4640,002,002_0137,1,2
4641,002,002_0137,2,2
4642,002,002_0137,3,2
4643,002,002_0137,4,2
4644,002,002_0137,5,2
4645,002,002_0137,6,2
4646,002,002_0137,7,2
4647,002,002_0137,8,2
4648,002,002_0138,1,1
4649,002,002_0138,2,1
4650,002,002_0138,3,1
4651,002,002_0138,4,1
4652,002,002_0138,5,1
4653,002,002_0138,6,1
4654,002,002_0138,7,1
4655,002,002_0138,8,1
4656,002,002_0139,1,5
4657,002,002_0139,2,5
4658,002,002_0139,3,5
4659,002,002_0139,4,5
4660,002,002_0139,5,5
4661,002,002_0139,6,5
4662,002,002_0139,7,5
4663,002,002_0139,8,5
4664,002,002_0140,1,4
4665,002,002_0140,2,4
4666,002,002_0140,3,4
4667,002,002_0140,4,4
4668,002,002_0140,5,4
4669,002,002_0140,6,4
4670,002,002_0140,7,4
4671,002,002_0140,8,4
4672,002,002_0141,1,3
4673,002,002_0141,2,3
4674,002,002_0141,3,3
4675,002,002_0141,4,3
4676,002,002_0141,5,3
4677,002,002_0141,6,3
4678,002,002_0141,7,3
4679,002,002_0141,8,3
4680,002,002_0142,1,2
4681,002,002_0142,2,2
4682,002,002_0142,3,2
4683,002,002_0142,4,2
4684,002,002_0142,5,2
4685,002,002_0142,6,2
4686,002,002_0142,7,2
4687,002,002_0142,8,2
4688,002,002_0143,1,1
4689,002,002_0143,2,1
4690,002,002_0143,3,1
4691,002,002_0143,4,1
4692,002,002_0143,5,1
4693,002,002_0143,6,1
4694,002,002_0143,7,1
4695,002,002_0143,8,1
4696,002,002_0144,1,5
4697,002,002_0144,2,5
4698,002,002_0144,3,5
4699,002,002_0144,4,5
4700,002,002_0144,5,5
4701,002,002_0144,6,5
4702,002,002_0144,7,5
4703,002,002_0144,8,5
4704,002,002_0145,1,4
4705,002,002_0145,2,4
4706,002,002_0145,3,4
4707,002,002_0145,4,4
4708,002,002_0145,5,4
4709,002,002_0145,6,4
4710,002,002_0145,7,4
4711,002,002_0145,8,4
4712,002,002_0146,1,3
4713,002,002_0146,2,3
4714,002,002_0146,3,3
4715,002,002_0146,4,3
4716,002,002_0146,5,3
4717,002,002_0146,6,3
4718,002,002_0146,7,3
4719,002,002_0146,8,3
4720,002,002_0147,1,2
4721,002,002_0147,2,2
4722,002,002_0147,3,2
4723,002,002_0147,4,2
4724,002,002_0147,5,2
4725,002,002_0147,6,2
4726,002,002_0147,7,2
4727,002,002_0147,8,2
4728,002,002_0148,1,1
4729,002,002_0148,2,1
4730,002,002_0148,3,1
4731,002,002_0148,4,1
4732,002,002_0148,5,1
4733,002,002_0148,6,1
4734,002,002_0148,7,1
4735,002,002_0148,8,1
4736,002,002_0149,1,5
4737,002,002_0149,2,5
4738,002,002_0149,3,5
4739,002,002_0149,4,5
4740,002,002_0149,5,5
4741,002,002_0149,6,5
4742,002,002_0149,7,5
4743,002,002_0149,8,5
4744,002,002_0150,1,4
4745,002,002_0150,2,4
4746,002,002_0150,3,4
4747,002,002_0150,4,4
4748,002,002_0150,5,4
4749,002,002_0150,6,4
4750,002,002_0150,7,4
4751,002,002_0150,8,4
4752,002,002_0151,1,3
4753,002,002_0151,2,3
4754,002,002_0151,3,3
4755,002,002_0151,4,3
4756,002,002_0151,5,3
4757,002,002_0151,6,3
4758,002,002_0151,7,3
4759,002,002_0151,8,3
4760,002,002_0152,1,2
4761,002,002_0152,2,2
4762,002,002_0152,3,2
4763,002,002_0152,4,2
4764,002,002_0152,5,2
4765,002,002_0152,6,2
4766,002,002_0152,7,2
4767,002,002_0152,8,2
4768,002,002_0153,1,1
4769,002,002_0153,2,1
4770,002,002_0153,3,1
4771,002,002_0153,4,1
4772,002,002_0153,5,1
4773,002,002_0153,6,1
4774,002,002_0153,7,1
4775,002,002_0153,8,1
4776,002,002_0154,1,5
4777,002,002_0154,2,5
4778,002,002_0154,3,5
4779,002,002_0154,4,5
4780,002,002_0154,5,5
4781,002,002_0154,6,5
4782,002,002_0154,7,5
4783,002,002_0154,8,5
4784,002,002_0155,1,4
4785,002,002_0155,2,4
4786,002,002_0155,3,4
4787,002,002_0155,4,4
4788,002,002_0155,5,4
4789,002,002_0155,6,4
4790,002,002_0155,7,4
4791,002,002_0155,8,4
4792,002,002_0156,1,3
4793,002,002_0156,2,3
4794,002,002_0156,3,3
4795,002,002_0156,4,3
4796,002,002_0156,5,3
4797,002,002_0156,6,3
4798,002,002_0156,7,3
4799,002,002_0156,8,3
4800,002,002_0157,1,2
4801,002,002_0157,2,2
4802,002,002_0157,3,2
4803,002,002_0157,4,2
4804,002,002_0157,5,2
4805,002,002_0157,6,2
4806,002,002_0157,7,2
4807,002,002_0157,8,2
4808,002,002_0158,1,1
4809,002,002_0158,2,1
4810,002,002_0158,3,1
4811,002,002_0158,4,1
4812,002,002_0158,5,1
4813,002,002_0158,6,1
4814,002,002_0158,7,1
4815,002,002_0158,8,1
4816,002,002_0159,1,5
4817,002,002_0159,2,5
4818,002,002_0159,3,5
4819,002,002_0159,4,5
4820,002,002_0159,5,5
4821,002,002_0159,6,5
4822,002,002_0159,7,5
4823,002,002_0159,8,5
4824,002,002_0160,1,4
4825,002,002_0160,2,4
4826,002,002_0160,3,4
4827,002,002_0160,4,4
4828,002,002_0160,5,4
4829,002,002_0160,6,4
4830,002,002_0160,7,4
4831,002,002_0160,8,4
4832,002,002_0161,1,3
4833,002,002_0161,2,3
4834,002,002_0161,3,3
4835,002,002_0161,4,3
4836,002,002_0161,5,3
4837,002,002_0161,6,3
4838,002,002_0161,7,3
4839,002,002_0161,8,3
4840,002,002_0162,1,2
4841,002,002_0162,2,2
4842,002,002_0162,3,2
4843,002,002_0162,4,2
4844,002,002_0162,5,2
4845,002,002_0162,6,2
4846,002,002_0162,7,2
4847,002,002_0162,8,2
4848,002,002_0163,1,1
4849,002,002_0163,2,1
4850,002,002_0163,3,1
4851,002,002_0163,4,1
4852,002,002_0163,5,1
4853,002,002_0163,6,1
4854,002,002_0163,7,1
4855,002,002_0163,8,1
4856,002,002_0164,1,5
4857,002,002_0164,2,5
4858,002,002_0164,3,5
4859,002,002_0164,4,5
4860,002,002_0164,5,5
4861,002,002_0164,6,5
4862,002,002_0164,7,5
4863,002,002_0164,8,5
4864,002,002_0165,1,4
4865,002,002_0165,2,4
4866,002,002_0165,3,4
4867,002,002_0165,4,4
4868,002,002_0165,5,4
4869,002,002_0165,6,4
4870,002,002_0165,7,4
4871,002,002_0165,8,4
4872,002,002_0166,1,3
4873,002,002_0166,2,3
4874,002,002_0166,3,3
4875,002,002_0166,4,3
4876,002,002_0166,5,3
4877,002,002_0166,6,3
4878,002,002_0166,7,3
4879,002,002_0166,8,3
4880,002,002_0167,1,2
4881,002,002_0167,2,2
4882,002,002_0167,3,2
4883,002,002_0167,4,2
4884,002,002_0167,5,2
4885,002,002_0167,6,2
4886,002,002_0167,7,2
4887,002,002_0167,8,2
4888,002,002_0168,1,1
4889,002,002_0168,2,1
4890,002,002_0168,3,1
4891,002,002_0168,4,1
4892,002,002_0168,5,1
4893,002,002_0168,6,1
4894,002,002_0168,7,1
4895,002,002_0168,8,1
4896,002,002_0169,1,5
4897,002,002_0169,2,5
4898,002,002_0169,3,5
4899,002,002_0169,4,5
4900,002,002_0169,5,5
4901,002,002_0169,6,5
4902,002,002_0169,7,5
4903,002,002_0169,8,5
4904,002,002_0170,1,4
4905,002,002_0170,2,4
4906,002,002_0170,3,4
4907,002,002_0170,4,4
4908,002,002_0170,5,4
4909,002,002_0170,6,4
4910,002,002_0170,7,4
4911,002,002_0170,8,4
4912,002,002_0171,1,3
4913,002,002_0171,2,3
4914,002,002_0171,3,3
4915,002,002_0171,4,3
4916,002,002_0171,5,3
4917,002,002_0171,6,3
4918,002,002_0171,7,3
4919,002,002_0171,8,3
4920,002,002_0172,1,2
4921,002,002_0172,2,2
4922,002,002_0172,3,2
4923,002,002_0172,4,2
4924,002,002_0172,5,2
4925,002,002_0172,6,2
4926,002,002_0172,7,2
4927,002,002_0172,8,2
4928,002,002_0173,1,1
4929,002,002_0173,2,1
4930,002,002_0173,3,1
4931,002,002_0173,4,1
4932,002,002_0173,5,1
4933,002,002_0173,6,1
4934,002,002_0173,7,1
4935,002,002_0173,8,1
4936,002,002_0174,1,5
4937,002,002_0174,2,5
4938,002,002_0174,3,5
4939,002,002_0174,4,5
4940,002,002_0174,5,5
4941,002,002_0174,6,5
4942,002,002_0174,7,5
4943,002,002_0174,8,5
4944,002,002_0175,1,4
4945,002,002_0175,2,4
4946,002,002_0175,3,4
4947,002,002_0175,4,4
4948,002,002_0175,5,4
4949,002,002_0175,6,4
4950,002,002_0175,7,4
4951,002,002_0175,8,4
4952,002,002_0176,1,3
4953,002,002_0176,2,3
4954,002,002_0176,3,3
4955,002,002_0176,4,3
4956,002,002_0176,5,3
4957,002,002_0176,6,3
4958,002,002_0176,7,3
4959,002,002_0176,8,3
4960,002,002_0177,1,2
4961,002,002_0177,2,2
4962,002,002_0177,3,2
4963,002,002_0177,4,2
4964,002,002_0177,5,2
4965,002,002_0177,6,2
4966,002,002_0177,7,2
4967,002,002_0177,8,2
4968,002,002_0178,1,1
4969,002,002_0178,2,1
4970,002,002_0178,3,1
4971,002,002_0178,4,1
4972,002,002_0178,5,1
4973,002,002_0178,6,1
4974,002,002_0178,7,1
4975,002,002_0178,8,1
4976,002,002_0179,1,5
4977,002,002_0179,2,5
4978,002,002_0179,3,5
4979,002,002_0179,4,5
4980,002,002_0179,5,5
4981,002,002_0179,6,5
4982,002,002_0179,7,5
4983,002,002_0179,8,5
4984,002,002_0180,1,4
4985,002,002_0180,2,4
4986,002,002_0180,3,4
4987,002,002_0180,4,4
4988,002,002_0180,5,4
4989,002,002_0180,6,4
4990,002,002_0180,7,4
4991,002,002_0180,8,4
4992,002,002_0181,1,3
4993,002,002_0181,2,3
4994,002,002_0181,3,3
4995,002,002_0181,4,3
4996,002,002_0181,5,3
4997,002,002_0181,6,3
4998,002,002_0181,7,3
4999,002,002_0181,8,3
5000,002,002_0182,1,2
5001,002,002_0182,2,2
5002,002,002_0182,3,2
5003,002,002_0182,4,2
5004,002,002_0182,5,2
5005,002,002_0182,6,2
5006,002,002_0182,7,2
5007,002,002_0182,8,2
5008,002,002_0183,1,1
5009,002,002_0183,2,1
5010,002,002_0183,3,1
5011,002,002_0183,4,1
5012,002,002_0183,5,1
5013,002,002_0183,6,1
5014,002,002_0183,7,1
5015,002,002_0183,8,1
5016,002,002_0184,1,5
5017,002,002_0184,2,5
5018,002,002_0184,3,5
5019,002,002_0184,4,5
5020,002,002_0184,5,5
5021,002,002_0184,6,5
5022,002,002_0184,7,5
5023,002,002_0184,8,5
5024,002,002_0185,1,4
5025,002,002_0185,2,4
5026,002,002_0185,3,4
5027,002,002_0185,4,4
5028,002,002_0185,5,4
5029,002,002_0185,6,4
5030,002,002_0185,7,4
5031,002,002_0185,8,4
5032,002,002_0186,1,3
5033,002,002_0186,2,3
5034,002,002_0186,3,3
5035,002,002_0186,4,3
5036,002,002_0186,5,3
5037,002,002_0186,6,3
5038,002,002_0186,7,3
5039,002,002_0186,8,3
5040,002,002_0187,1,2
5041,002,002_0187,2,2
5042,002,002_0187,3,2
5043,002,002_0187,4,2
5044,002,002_0187,5,2
5045,002,002_0187,6,2
5046,002,002_0187,7,2
5047,002,002_0187,8,2
5048,002,002_0188,1,1
5049,002,002_0188,2,1
5050,002,002_0188,3,1
5051,002,002_0188,4,1
5052,002,002_0188,5,1
5053,002,002_0188,6,1
5054,002,002_0188,7,1
5055,002,002_0188,8,1
5056,002,002_0189,1,5
5057,002,002_0189,2,5
5058,002,002_0189,3,5
5059,002,002_0189,4,5
5060,002,002_0189,5,5
5061,002,002_0189,6,5
5062,002,002_0189,7,5
5063,002,002_0189,8,5
5064,002,002_0190,1,4
5065,002,002_0190,2,4
5066,002,002_0190,3,4
5067,002,002_0190,4,4
5068,002,002_0190,5,4
5069,002,002_0190,6,4
5070,002,002_0190,7,4
5071,002,002_0190,8,4
5072,002,002_0191,1,3
5073,002,002_0191,2,3
5074,002,002_0191,3,3
5075,002,002_0191,4,3
5076,002,002_0191,5,3
5077,002,002_0191,6,3
5078,002,002_0191,7,3
5079,002,002_0191,8,3
5080,002,002_0192,1,2
5081,002,002_0192,2,2
5082,002,002_0192,3,2
5083,002,002_0192,4,2
5084,002,002_0192,5,2
5085,002,002_0192,6,2
5086,002,002_0192,7,2
5087,002,002_0192,8,2
5088,002,002_0193,1,1
5089,002,002_0193,2,1
5090,002,002_0193,3,1
5091,002,002_0193,4,1
5092,002,002_0193,5,1
5093,002,002_0193,6,1
5094,002,002_0193,7,1
5095,002,002_0193,8,1
5096,002,002_0194,1,5
5097,002,002_0194,2,5
5098,002,002_0194,3,5
5099,002,002_0194,4,5
5100,002,002_0194,5,5
5101,002,002_0194,6,5
5102,002,002_0194,7,5
5103,002,002_0194,8,5
5104,002,002_0195,1,4
5105,002,002_0195,2,4
5106,002,002_0195,3,4
5107,002,002_0195,4,4
5108,002,002_0195,5,4
5109,002,002_0195,6,4
5110,002,002_0195,7,4
5111,002,002_0195,8,4
5112,002,002_0196,1,3
5113,002,002_0196,2,3
5114,002,002_0196,3,3
5115,002,002_0196,4,3
5116,002,002_0196,5,3
5117,002,002_0196,6,3
5118,002,002_0196,7,3
5119,002,002_0196,8,3
5120,002,002_0197,1,2
5121,002,002_0197,2,2
5122,002,002_0197,3,2
5123,002,002_0197,4,2
5124,002,002_0197,5,2
5125,002,002_0197,6,2
5126,002,002_0197,7,2
5127,002,002_0197,8,2
5128,002,002_0198,1,1
5129,002,002_0198,2,1
5130,002,002_0198,3,1
5131,002,002_0198,4,1
5132,002,002_0198,5,1
5133,002,002_0198,6,1
5134,002,002_0198,7,1
5135,002,002_0198,8,1
5136,002,002_0199,1,5
5137,002,002_0199,2,5
5138,002,002_0199,3,5
5139,002,002_0199,4,5
5140,002,002_0199,5,5
5141,002,002_0199,6,5
5142,002,002_0199,7,5
5143,002,002_0199,8,5
5144,002,002_0200,1,4
5145,002,002_0200,2,4
5146,002,002_0200,3,4
5147,002,002_0200,4,4
5148,002,002_0200,5,4
5149,002,002_0200,6,4
5150,002,002_0200,7,4
5151,002,002_0200,8,4
5152,002,002_0201,1,3
5153,002,002_0201,2,3
5154,002,002_0201,3,3
5155,002,002_0201,4,3
5156,002,002_0201,5,3
5157,002,002_0201,6,3
5158,002,002_0201,7,3
5159,002,002_0201,8,3
5160,002,002_0202,1,2
5161,002,002_0202,2,2
5162,002,002_0202,3,2
5163,002,002_0202,4,2
5164,002,002_0202,5,2
5165,002,002_0202,6,2
5166,002,002_0202,7,2
5167,002,002_0202,8,2
5168,002,002_0203,1,1
5169,002,002_0203,2,1
5170,002,002_0203,3,1
5171,002,002_0203,4,1
5172,002,002_0203,5,1
5173,002,002_0203,6,1
5174,002,002_0203,7,1
5175,002,002_0203,8,1
5176,002,002_0204,1,5
5177,002,002_0204,2,5
5178,002,002_0204,3,5
5179,002,002_0204,4,5
5180,002,002_0204,5,5
5181,002,002_0204,6,5
5182,002,002_0204,7,5
5183,002,002_0204,8,5
5184,002,002_0205,1,4
5185,002,002_0205,2,4
5186,002,002_0205,3,4
5187,002,002_0205,4,4
5188,002,002_0205,5,4
5189,002,002_0205,6,4
5190,002,002_0205,7,4
5191,002,002_0205,8,4
5192,002,002_0206,1,3
5193,002,002_0206,2,3
5194,002,002_0206,3,3
5195,002,002_0206,4,3
5196,002,002_0206,5,3
5197,002,002_0206,6,3
5198,002,002_0206,7,3
5199,002,002_0206,8,3
5200,002,002_0207,1,2
5201,002,002_0207,2,2
5202,002,002_0207,3,2
5203,002,002_0207,4,2
5204,002,002_0207,5,2
5205,002,002_0207,6,2
5206,002,002_0207,7,2
5207,002,002_0207,8,2
5208,002,002_0208,1,1
5209,002,002_0208,2,1
5210,002,002_0208,3,1
5211,002,002_0208,4,1
5212,002,002_0208,5,1
5213,002,002_0208,6,1
5214,002,002_0208,7,1
5215,002,002_0208,8,1
5216,002,002_0209,1,5
5217,002,002_0209,2,5
5218,002,002_0209,3,5
5219,002,002_0209,4,5
5220,002,002_0209,5,5
5221,002,002_0209,6,5
5222,002,002_0209,7,5
5223,002,002_0209,8,5
5224,002,002_0210,1,4
5225,002,002_0210,2,4
5226,002,002_0210,3,4
5227,002,002_0210,4,4
5228,002,002_0210,5,4
5229,002,002_0210,6,4
5230,002,002_0210,7,4
5231,002,002_0210,8,4
5232,002,002_0211,1,3
5233,002,002_0211,2,3
5234,002,002_0211,3,3
5235,002,002_0211,4,3
5236,002,002_0211,5,3
5237,002,002_0211,6,3
5238,002,002_0211,7,3
5239,002,002_0211,8,3
5240,002,002_0212,1,2
5241,002,002_0212,2,2
5242,002,002_0212,3,2
5243,002,002_0212,4,2
5244,002,002_0212,5,2
5245,002,002_0212,6,2
5246,002,002_0212,7,2
5247,002,002_0212,8,2
5248,002,002_0213,1,1
5249,002,002_0213,2,1
5250,002,002_0213,3,1
5251,002,002_0213,4,1
5252,002,002_0213,5,1
5253,002,002_0213,6,1
5254,002,002_0213,7,1
5255,002,002_0213,8,1
5256,002,002_0214,1,5
5257,002,002_0214,2,5
5258,002,002_0214,3,5
5259,002,002_0214,4,5
5260,002,002_0214,5,5
5261,002,002_0214,6,5
5262,002,002_0214,7,5
5263,002,002_0214,8,5
5264,002,002_0215,1,4
5265,002,002_0215,2,4
5266,002,002_0215,3,4
5267,002,002_0215,4,4
5268,002,002_0215,5,4
5269,002,002_0215,6,4
5270,002,002_0215,7,4
5271,002,002_0215,8,4
5272,002,002_0216,1,3
5273,002,002_0216,2,3
5274,002,002_0216,3,3
5275,002,002_0216,4,3
5276,002,002_0216,5,3
5277,002,002_0216,6,3
5278,002,002_0216,7,3
5279,002,002_0216,8,3
5280,002,002_0217,1,2
5281,002,002_0217,2,2
5282,002,002_0217,3,2
5283,002,002_0217,4,2
5284,002,002_0217,5,2
5285,002,002_0217,6,2
5286,002,002_0217,7,2
5287,002,002_0217,8,2
5288,002,002_0218,1,1
5289,002,002_0218,2,1
5290,002,002_0218,3,1
5291,002,002_0218,4,1
5292,002,002_0218,5,1
5293,002,002_0218,6,1
5294,002,002_0218,7,1
5295,002,002_0218,8,1
5296,002,002_0219,1,5
5297,002,002_0219,2,5
5298,002,002_0219,3,5
5299,002,002_0219,4,5
5300,002,002_0219,5,5
5301,002,002_0219,6,5
5302,002,002_0219,7,5
5303,002,002_0219,8,5
5304,002,002_0220,1,4
5305,002,002_0220,2,4
5306,002,002_0220,3,4
5307,002,002_0220,4,4
5308,002,002_0220,5,4
5309,002,002_0220,6,4
5310,002,002_0220,7,4
5311,002,002_0220,8,4
5312,002,002_0221,1,3
5313,002,002_0221,2,3
5314,002,002_0221,3,3
5315,002,002_0221,4,3
5316,002,002_0221,5,3
5317,002,002_0221,6,3
5318,002,002_0221,7,3
5319,002,002_0221,8,3
5320,002,002_0222,1,2
5321,002,002_0222,2,2
5322,002,002_0222,3,2
5323,002,002_0222,4,2
5324,002,002_0222,5,2
5325,002,002_0222,6,2
5326,002,002_0222,7,2
5327,002,002_0222,8,2
5328,002,002_0223,1,1
5329,002,002_0223,2,1
5330,002,002_0223,3,1
5331,002,002_0223,4,1
5332,002,002_0223,5,1
5333,002,002_0223,6,1
5334,002,002_0223,7,1
5335,002,002_0223,8,1
5336,002,002_0224,1,5
5337,002,002_0224,2,5
5338,002,002_0224,3,5
5339,002,002_0224,4,5
5340,002,002_0224,5,5
5341,002,002_0224,6,5
5342,002,002_0224,7,5
5343,002,002_0224,8,5
5344,002,002_0225,1,4
5345,002,002_0225,2,4
5346,002,002_0225,3,4
5347,002,002_0225,4,4
5348,002,002_0225,5,4
5349,002,002_0225,6,4
5350,002,002_0225,7,4
5351,002,002_0225,8,4
5352,002,002_0226,1,3
5353,002,002_0226,2,3
5354,002,002_0226,3,3
5355,002,002_0226,4,3
5356,002,002_0226,5,3
5357,002,002_0226,6,3
5358,002,002_0226,7,3
5359,002,002_0226,8,3
5360,002,002_0227,1,2
5361,002,002_0227,2,2
5362,002,002_0227,3,2
5363,002,002_0227,4,2
5364,002,002_0227,5,2
5365,002,002_0227,6,2
5366,002,002_0227,7,2
5367,002,002_0227,8,2
5368,002,002_0228,1,1
5369,002,002_0228,2,1
5370,002,002_0228,3,1
5371,002,002_0228,4,1
5372,002,002_0228,5,1
5373,002,002_0228,6,1
5374,002,002_0228,7,1
5375,002,002_0228,8,1
5376,002,002_0229,1,5
5377,002,002_0229,2,5
5378,002,002_0229,3,5
5379,002,002_0229,4,5
5380,002,002_0229,5,5
5381,002,002_0229,6,5
5382,002,002_0229,7,5
5383,002,002_0229,8,5
5384,002,002_0230,1,4
5385,002,002_0230,2,4
5386,002,002_0230,3,4
5387,002,002_0230,4,4
5388,002,002_0230,5,4
5389,002,002_0230,6,4
5390,002,002_0230,7,4
5391,002,002_0230,8,4
5392,002,002_0231,1,3
5393,002,002_0231,2,3
5394,002,002_0231,3,3
5395,002,002_0231,4,3
5396,002,002_0231,5,3
5397,002,002_0231,6,3
5398,002,002_0231,7,3
5399,002,002_0231,8,3
5400,002,002_0232,1,2
5401,002,002_0232,2,2
5402,002,002_0232,3,2
5403,002,002_0232,4,2
5404,002,002_0232,5,2
5405,002,002_0232,6,2
5406,002,002_0232,7,2
5407,002,002_0232,8,2
5408,002,002_0233,1,1
5409,002,002_0233,2,1
5410,002,002_0233,3,1
5411,002,002_0233,4,1
5412,002,002_0233,5,1
5413,002,002_0233,6,1
5414,002,002_0233,7,1
5415,002,002_0233,8,1
5416,002,002_0234,1,5
5417,002,002_0234,2,5
5418,002,002_0234,3,5
5419,002,002_0234,4,5
5420,002,002_0234,5,5
5421,002,002_0234,6,5
5422,002,002_0234,7,5
5423,002,002_0234,8,5
5424,002,002_0235,1,4
5425,002,002_0235,2,4
5426,002,002_0235,3,4
5427,002,002_0235,4,4
5428,002,002_0235,5,4
5429,002,002_0235,6,4
5430,002,002_0235,7,4
5431,002,002_0235,8,4
5432,002,002_0236,1,3
5433,002,002_0236,2,3
5434,002,002_0236,3,3
5435,002,002_0236,4,3
5436,002,002_0236,5,3
5437,002,002_0236,6,3
5438,002,002_0236,7,3
5439,002,002_0236,8,3
5440,002,002_0237,1,2
5441,002,002_0237,2,2
5442,002,002_0237,3,2
5443,002,002_0237,4,2
5444,002,002_0237,5,2
5445,002,002_0237,6,2
5446,002,002_0237,7,2
5447,002,002_0237,8,2
5448,002,002_0238,1,1
5449,002,002_0238,2,1
5450,002,002_0238,3,1
5451,002,002_0238,4,1
5452,002,002_0238,5,1
5453,002,002_0238,6,1
5454,002,002_0238,7,1
5455,002,002_0238,8,1
5456,002,002_0239,1,5
5457,002,002_0239,2,5
5458,002,002_0239,3,5
5459,002,002_0239,4,5
5460,002,002_0239,5,5
5461,002,002_0239,6,5
5462,002,002_0239,7,5
5463,002,002_0239,8,5
5464,002,002_0240,1,4
5465,002,002_0240,2,4
5466,002,002_0240,3,4
5467,002,002_0240,4,4
5468,002,002_0240,5,4
5469,002,002_0240,6,4
5470,002,002_0240,7,4
5471,002,002_0240,8,4
5472,002,002_0241,1,3
5473,002,002_0241,2,3
5474,002,002_0241,3,3
5475,002,002_0241,4,3
5476,002,002_0241,5,3
5477,002,002_0241,6,3
5478,002,002_0241,7,3
5479,002,002_0241,8,3
5480,002,002_0242,1,2
5481,002,002_0242,2,2
5482,002,002_0242,3,2
5483,002,002_0242,4,2
5484,002,002_0242,5,2
5485,002,002_0242,6,2
5486,002,002_0242,7,2
5487,002,002_0242,8,2
5488,002,002_0243,1,1
5489,002,002_0243,2,1
5490,002,002_0243,3,1
5491,002,002_0243,4,1
5492,002,002_0243,5,1
5493,002,002_0243,6,1
5494,002,002_0243,7,1
5495,002,002_0243,8,1
5496,002,002_0244,1,5
5497,002,002_0244,2,5
5498,002,002_0244,3,5
5499,002,002_0244,4,5
5500,002,002_0244,5,5
5501,002,002_0244,6,5
5502,002,002_0244,7,5
5503,002,002_0244,8,5
5504,002,002_0245,1,4
5505,002,002_0245,2,4
5506,002,002_0245,3,4
5507,002,002_0245,4,4
5508,002,002_0245,5,4
5509,002,002_0245,6,4
5510,002,002_0245,7,4
5511,002,002_0245,8,4
5512,002,002_0246,1,3
5513,002,002_0246,2,3
5514,002,002_0246,3,3
5515,002,002_0246,4,3
5516,002,002_0246,5,3
5517,002,002_0246,6,3
5518,002,002_0246,7,3
5519,002,002_0246,8,3
5520,002,002_0247,1,2
5521,002,002_0247,2,2
5522,002,002_0247,3,2
5523,002,002_0247,4,2
5524,002,002_0247,5,2
5525,002,002_0247,6,2
5526,002,002_0247,7,2
5527,002,002_0247,8,2
5528,002,002_0248,1,1
5529,002,002_0248,2,1
5530,002,002_0248,3,1
5531,002,002_0248,4,1
5532,002,002_0248,5,1
5533,002,002_0248,6,1
5534,002,002_0248,7,1
5535,002,002_0248,8,1
5536,002,002_0249,1,5
5537,002,002_0249,2,5
5538,002,002_0249,3,5
5539,002,002_0249,4,5
5540,002,002_0249,5,5
5541,002,002_0249,6,5
5542,002,002_0249,7,5
5543,002,002_0249,8,5
5544,002,002_0250,1,4
5545,002,002_0250,2,4
5546,002,002_0250,3,4
5547,002,002_0250,4,4
5548,002,002_0250,5,4
5549,002,002_0250,6,4
5550,002,002_0250,7,4
5551,002,002_0250,8,4
5552,002,002_0251,1,3
5553,002,002_0251,2,3
5554,002,002_0251,3,3
5555,002,002_0251,4,3
5556,002,002_0251,5,3
5557,002,002_0251,6,3
5558,002,002_0251,7,3
5559,002,002_0251,8,3
5560,002,002_0252,1,2
5561,002,002_0252,2,2
5562,002,002_0252,3,2
5563,002,002_0252,4,2
5564,002,002_0252,5,2
5565,002,002_0252,6,2
5566,002,002_0252,7,2
5567,002,002_0252,8,2
5568,002,002_0253,1,1
5569,002,002_0253,2,1
5570,002,002_0253,3,1
5571,002,002_0253,4,1
5572,002,002_0253,5,1
5573,002,002_0253,6,1
5574,002,002_0253,7,1
5575,002,002_0253,8,1
5576,002,002_0254,1,5
5577,002,002_0254,2,5
5578,002,002_0254,3,5
5579,002,002_0254,4,5
5580,002,002_0254,5,5
5581,002,002_0254,6,5
5582,002,002_0254,7,5
5583,002,002_0254,8,5
5584,002,002_0255,1,4
5585,002,002_0255,2,4
5586,002,002_0255,3,4
5587,002,002_0255,4,4
5588,002,002_0255,5,4
5589,002,002_0255,6,4
5590,002,002_0255,7,4
5591,002,002_0255,8,4
5592,002,002_0256,1,3
5593,002,002_0256,2,3
5594,002,002_0256,3,3
5595,002,002_0256,4,3
5596,002,002_0256,5,3
5597,002,002_0256,6,3
5598,002,002_0256,7,3
5599,002,002_0256,8,3
5600,002,002_0257,1,2
5601,002,002_0257,2,2
5602,002,002_0257,3,2
5603,002,002_0257,4,2
5604,002,002_0257,5,2
5605,002,002_0257,6,2
5606,002,002_0257,7,2
5607,002,002_0257,8,2
5608,002,002_0258,1,1
5609,002,002_0258,2,1
5610,002,002_0258,3,1
5611,002,002_0258,4,1
5612,002,002_0258,5,1
5613,002,002_0258,6,1
5614,002,002_0258,7,1
5615,002,002_0258,8,1
5616,002,002_0259,1,5
5617,002,002_0259,2,5
5618,002,002_0259,3,5
5619,002,002_0259,4,5
5620,002,002_0259,5,5
5621,002,002_0259,6,5
5622,002,002_0259,7,5
5623,002,002_0259,8,5
5624,002,002_0260,1,4
5625,002,002_0260,2,4
5626,002,002_0260,3,4
5627,002,002_0260,4,4
5628,002,002_0260,5,4
5629,002,002_0260,6,4
5630,002,002_0260,7,4
5631,002,002_0260,8,4
5632,002,002_0261,1,3
5633,002,002_0261,2,3
5634,002,002_0261,3,3
5635,002,002_0261,4,3
5636,002,002_0261,5,3
5637,002,002_0261,6,3
5638,002,002_0261,7,3
5639,002,002_0261,8,3
5640,002,002_0262,1,2
5641,002,002_0262,2,2
5642,002,002_0262,3,2
5643,002,002_0262,4,2
5644,002,002_0262,5,2
5645,002,002_0262,6,2
5646,002,002_0262,7,2
5647,002,002_0262,8,2
5648,002,002_0263,1,1
5649,002,002_0263,2,1
5650,002,002_0263,3,1
5651,002,002_0263,4,1
5652,002,002_0263,5,1
5653,002,002_0263,6,1
5654,002,002_0263,7,1
5655,002,002_0263,8,1
5656,002,002_0264,1,5
5657,002,002_0264,2,5
5658,002,002_0264,3,5
5659,002,002_0264,4,5
5660,002,002_0264,5,5
5661,002,002_0264,6,5
5662,002,002_0264,7,5
5663,002,002_0264,8,5
5664,002,002_0265,1,4
5665,002,002_0265,2,4
5666,002,002_0265,3,4
5667,002,002_0265,4,4
5668,002,002_0265,5,4
5669,002,002_0265,6,4
5670,002,002_0265,7,4
5671,002,002_0265,8,4
5672,002,002_0266,1,3
5673,002,002_0266,2,3
5674,002,002_0266,3,3
5675,002,002_0266,4,3
5676,002,002_0266,5,3
5677,002,002_0266,6,3
5678,002,002_0266,7,3
5679,002,002_0266,8,3
5680,002,002_0267,1,2
5681,002,002_0267,2,2
5682,002,002_0267,3,2
5683,002,002_0267,4,2
5684,002,002_0267,5,2
5685,002,002_0267,6,2
5686,002,002_0267,7,2
5687,002,002_0267,8,2
5688,003,003_0001,1,1
5689,003,003_0001,2,1
5690,003,003_0001,3,1
5691,003,003_0001,4,1
5692,003,003_0001,5,1
5693,003,003_0001,6,1
5694,003,003_0001,7,1
5695,003,003_0001,8,1
5696,003,003_0002,1,5
5697,003,003_0002,2,5
5698,003,003_0002,3,5
5699,003,003_0002,4,5
5700,003,003_0002,5,5
5701,003,003_0002,6,5
5702,003,003_0002,7,5
5703,003,003_0002,8,5
5704,003,003_0003,1,4
5705,003,003_0003,2,4
5706,003,003_0003,3,4
5707,003,003_0003,4,4
5708,003,003_0003,5,4
5709,003,003_0003,6,4
5710,003,003_0003,7,4
5711,003,003_0003,8,4
5712,003,003_0004,1,3
5713,003,003_0004,2,3
5714,003,003_0004,3,3
5715,003,003_0004,4,3
5716,003,003_0004,5,3
5717,003,003_0004,6,3
5718,003,003_0004,7,3
5719,003,003_0004,8,3
5720,003,003_0005,1,2
5721,003,003_0005,2,2
5722,003,003_0005,3,2
5723,003,003_0005,4,2
5724,003,003_0005,5,2
5725,003,003_0005,6,2
5726,003,003_0005,7,2
5727,003,003_0005,8,2
5728,003,003_0006,1,1
5729,003,003_0006,2,1
5730,003,003_0006,3,1
5731,003,003_0006,4,1
5732,003,003_0006,5,1
5733,003,003_0006,6,1
5734,003,003_0006,7,1
5735,003,003_0006,8,1
5736,003,003_0007,1,5
5737,003,003_0007,2,5
5738,003,003_0007,3,5
5739,003,003_0007,4,5
5740,003,003_0007,5,5
5741,003,003_0007,6,5
5742,003,003_0007,7,5
5743,003,003_0007,8,5
5744,003,003_0008,1,4
5745,003,003_0008,2,4
5746,003,003_0008,3,4
5747,003,003_0008,4,4
5748,003,003_0008,5,4
5749,003,003_0008,6,4
5750,003,003_0008,7,4
5751,003,003_0008,8,4
5752,003,003_0009,1,3
5753,003,003_0009,2,3
5754,003,003_0009,3,3
5755,003,003_0009,4,3
5756,003,003_0009,5,3
5757,003,003_0009,6,3
5758,003,003_0009,7,3
5759,003,003_0009,8,3
5760,003,003_0010,1,2
5761,003,003_0010,2,2
5762,003,003_0010,3,2
5763,003,003_0010,4,2
5764,003,003_0010,5,2
5765,003,003_0010,6,2
5766,003,003_0010,7,2
5767,003,003_0010,8,2
5768,003,003_0011,1,1
5769,003,003_0011,2,1
5770,003,003_0011,3,1
5771,003,003_0011,4,1
5772,003,003_0011,5,1
5773,003,003_0011,6,1
5774,003,003_0011,7,1
5775,003,003_0011,8,1
5776,003,003_0012,1,5
5777,003,003_0012,2,5
5778,003,003_0012,3,5
5779,003,003_0012,4,5
5780,003,003_0012,5,5
5781,003,003_0012,6,5
5782,003,003_0012,7,5
5783,003,003_0012,8,5
5784,003,003_0013,1,4
5785,003,003_0013,2,4
5786,003,003_0013,3,4
5787,003,003_0013,4,4
5788,003,003_0013,5,4
5789,003,003_0013,6,4
5790,003,003_0013,7,4
5791,003,003_0013,8,4
5792,003,003_0014,1,3
5793,003,003_0014,2,3
5794,003,003_0014,3,3
5795,003,003_0014,4,3
5796,003,003_0014,5,3
5797,003,003_0014,6,3
5798,003,003_0014,7,3
5799,003,003_0014,8,3
5800,003,003_0015,1,2
5801,003,003_0015,2,2
5802,003,003_0015,3,2
5803,003,003_0015,4,2
5804,003,003_0015,5,2
5805,003,003_0015,6,2
5806,003,003_0015,7,2
5807,003,003_0015,8,2
5808,003,003_0016,1,1
5809,003,003_0016,2,1
5810,003,003_0016,3,1
5811,003,003_0016,4,1
5812,003,003_0016,5,1
5813,003,003_0016,6,1
5814,003,003_0016,7,1
5815,003,003_0016,8,1
5816,003,003_0017,1,5
5817,003,003_0017,2,5
5818,003,003_0017,3,5
5819,003,003_0017,4,5
5820,003,003_0017,5,5
5821,003,003_0017,6,5
5822,003,003_0017,7,5
5823,003,003_0017,8,5
5824,003,003_0018,1,4
5825,003,003_0018,2,4
5826,003,003_0018,3,4
5827,003,003_0018,4,4
5828,003,003_0018,5,4
5829,003,003_0018,6,4
5830,003,003_0018,7,4
5831,003,003_0018,8,4
5832,003,003_0019,1,3
5833,003,003_0019,2,3
5834,003,003_0019,3,3
5835,003,003_0019,4,3
5836,003,003_0019,5,3
5837,003,003_0019,6,3
5838,003,003_0019,7,3
5839,003,003_0019,8,3
5840,003,003_0020,1,2
5841,003,003_0020,2,2
5842,003,003_0020,3,2
5843,003,003_0020,4,2
5844,003,003_0020,5,2
5845,003,003_0020,6,2
5846,003,003_0020,7,2
5847,003,003_0020,8,2
5848,003,003_0021,1,1
5849,003,003_0021,2,1
5850,003,003_0021,3,1
5851,003,003_0021,4,1
5852,003,003_0021,5,1
5853,003,003_0021,6,1
5854,003,003_0021,7,1
5855,003,003_0021,8,1
5856,003,003_0022,1,5
5857,003,003_0022,2,5
5858,003,003_0022,3,5
5859,003,003_0022,4,5
5860,003,003_0022,5,5
5861,003,003_0022,6,5
5862,003,003_0022,7,5
5863,003,003_0022,8,5
5864,003,003_0023,1,4
5865,003,003_0023,2,4
5866,003,003_0023,3,4
5867,003,003_0023,4,4
5868,003,003_0023,5,4
5869,003,003_0023,6,4
5870,003,003_0023,7,4
5871,003,003_0023,8,4
5872,003,003_0024,1,3
5873,003,003_0024,2,3
5874,003,003_0024,3,3
5875,003,003_0024,4,3
5876,003,003_0024,5,3
5877,003,003_0024,6,3
5878,003,003_0024,7,3
5879,003,003_0024,8,3
5880,003,003_0025,1,2
5881,003,003_0025,2,2
5882,003,003_0025,3,2
5883,003,003_0025,4,2
5884,003,003_0025,5,2
5885,003,003_0025,6,2
5886,003,003_0025,7,2
5887,003,003_0025,8,2
5888,003,003_0026,1,1
5889,003,003_0026,2,1
5890,003,003_0026,3,1
5891,003,003_0026,4,1
5892,003,003_0026,5,1
5893,003,003_0026,6,1
5894,003,003_0026,7,1
5895,003,003_0026,8,1
5896,003,003_0027,1,5
5897,003,003_0027,2,5
5898,003,003_0027,3,5
5899,003,003_0027,4,5
5900,003,003_0027,5,5
5901,003,003_0027,6,5
5902,003,003_0027,7,5
5903,003,003_0027,8,5
5904,003,003_0028,1,4
5905,003,003_0028,2,4
5906,003,003_0028,3,4
5907,003,003_0028,4,4
5908,003,003_0028,5,4
5909,003,003_0028,6,4
5910,003,003_0028,7,4
5911,003,003_0028,8,4
5912,003,003_0029,1,3
5913,003,003_0029,2,3
5914,003,003_0029,3,3
5915,003,003_0029,4,3
5916,003,003_0029,5,3
5917,003,003_0029,6,3
5918,003,003_0029,7,3
5919,003,003_0029,8,3
5920,003,003_0030,1,2
5921,003,003_0030,2,2
5922,003,003_0030,3,2
5923,003,003_0030,4,2
5924,003,003_0030,5,2
5925,003,003_0030,6,2
5926,003,003_0030,7,2
5927,003,003_0030,8,2
5928,003,003_0031,1,1
5929,003,003_0031,2,1
5930,003,003_0031,3,1
5931,003,003_0031,4,1
5932,003,003_0031,5,1
5933,003,003_0031,6,1
5934,003,003_0031,7,1
5935,003,003_0031,8,1
5936,003,003_0032,1,5
5937,003,003_0032,2,5
5938,003,003_0032,3,5
5939,003,003_0032,4,5
5940,003,003_0032,5,5
5941,003,003_0032,6,5
5942,003,003_0032,7,5
5943,003,003_0032,8,5
5944,003,003_0033,1,4
5945,003,003_0033,2,4
5946,003,003_0033,3,4
5947,003,003_0033,4,4
5948,003,003_0033,5,4
5949,003,003_0033,6,4
5950,003,003_0033,7,4
5951,003,003_0033,8,4
5952,003,003_0034,1,3
5953,003,003_0034,2,3
5954,003,003_0034,3,3
5955,003,003_0034,4,3
5956,003,003_0034,5,3
5957,003,003_0034,6,3
5958,003,003_0034,7,3
5959,003,003_0034,8,3
5960,003,003_0035,1,2
5961,003,003_0035,2,2
5962,003,003_0035,3,2
5963,003,003_0035,4,2
5964,003,003_0035,5,2
5965,003,003_0035,6,2
5966,003,003_0035,7,2
5967,003,003_0035,8,2
5968,003,003_0036,1,1
5969,003,003_0036,2,1
5970,003,003_0036,3,1
5971,003,003_0036,4,1
5972,003,003_0036,5,1
5973,003,003_0036,6,1
5974,003,003_0036,7,1
5975,003,003_0036,8,1
5976,003,003_0037,1,5
5977,003,003_0037,2,5
5978,003,003_0037,3,5
5979,003,003_0037,4,5
5980,003,003_0037,5,5
5981,003,003_0037,6,5
5982,003,003_0037,7,5
5983,003,003_0037,8,5
5984,003,003_0038,1,4
5985,003,003_0038,2,4
5986,003,003_0038,3,4
5987,003,003_0038,4,4
5988,003,003_0038,5,4
5989,003,003_0038,6,4
5990,003,003_0038,7,4
5991,003,003_0038,8,4
5992,003,003_0039,1,3
5993,003,003_0039,2,3
5994,003,003_0039,3,3
5995,003,003_0039,4,3
5996,003,003_0039,5,3
5997,003,003_0039,6,3
5998,003,003_0039,7,3
5999,003,003_0039,8,3
6000,003,003_0040,1,2
6001,003,003_0040,2,2
6002,003,003_0040,3,2
6003,003,003_0040,4,2
6004,003,003_0040,5,2
6005,003,003_0040,6,2
6006,003,003_0040,7,2
6007,003,003_0040,8,2
6008,003,003_0041,1,1
6009,003,003_0041,2,1
6010,003,003_0041,3,1
6011,003,003_0041,4,1
6012,003,003_0041,5,1
6013,003,003_0041,6,1
6014,003,003_0041,7,1
6015,003,003_0041,8,1
6016,003,003_0042,1,5
6017,003,003_0042,2,5
6018,003,003_0042,3,5
6019,003,003_0042,4,5
6020,003,003_0042,5,5
6021,003,003_0042,6,5
6022,003,003_0042,7,5
6023,003,003_0042,8,5
6024,003,003_0043,1,4
6025,003,003_0043,2,4
6026,003,003_0043,3,4
6027,003,003_0043,4,4
6028,003,003_0043,5,4
6029,003,003_0043,6,4
6030,003,003_0043,7,4
6031,003,003_0043,8,4
6032,003,003_0044,1,3
6033,003,003_0044,2,3
6034,003,003_0044,3,3
6035,003,003_0044,4,3
6036,003,003_0044,5,3
6037,003,003_0044,6,3
6038,003,003_0044,7,3
6039,003,003_0044,8,3
6040,003,003_0045,1,2
6041,003,003_0045,2,2
6042,003,003_0045,3,2
6043,003,003_0045,4,2
6044,003,003_0045,5,2
6045,003,003_0045,6,2
6046,003,003_0045,7,2
6047,003,003_0045,8,2
6048,003,003_0046,1,1
6049,003,003_0046,2,1
6050,003,003_0046,3,1
6051,003,003_0046,4,1
6052,003,003_0046,5,1
6053,003,003_0046,6,1
6054,003,003_0046,7,1
6055,003,003_0046,8,1
6056,003,003_0047,1,5
6057,003,003_0047,2,5
6058,003,003_0047,3,5
6059,003,003_0047,4,5
6060,003,003_0047,5,5
6061,003,003_0047,6,5
6062,003,003_0047,7,5
6063,003,003_0047,8,5
6064,003,003_0048,1,4
6065,003,003_0048,2,4
6066,003,003_0048,3,4
6067,003,003_0048,4,4
6068,003,003_0048,5,4
6069,003,003_0048,6,4
6070,003,003_0048,7,4
6071,003,003_0048,8,4
6072,003,003_0049,1,3
6073,003,003_0049,2,3
6074,003,003_0049,3,3
6075,003,003_0049,4,3
6076,003,003_0049,5,3
6077,003,003_0049,6,3
6078,003,003_0049,7,3
6079,003,003_0049,8,3
6080,003,003_0050,1,2
6081,003,003_0050,2,2
6082,003,003_0050,3,2
6083,003,003_0050,4,2
6084,003,003_0050,5,2
6085,003,003_0050,6,2
6086,003,003_0050,7,2
6087,003,003_0050,8,2
6088,003,003_0051,1,1
6089,003,003_0051,2,1
6090,003,003_0051,3,1
6091,003,003_0051,4,1
6092,003,003_0051,5,1
6093,003,003_0051,6,1
6094,003,003_0051,7,1
6095,003,003_0051,8,1
6096,003,003_0052,1,5
6097,003,003_0052,2,5
6098,003,003_0052,3,5
6099,003,003_0052,4,5
6100,003,003_0052,5,5
6101,003,003_0052,6,5
6102,003,003_0052,7,5
6103,003,003_0052,8,5
6104,003,003_0053,1,4
6105,003,003_0053,2,4
6106,003,003_0053,3,4
6107,003,003_0053,4,4
6108,003,003_0053,5,4
6109,003,003_0053,6,4
6110,003,003_0053,7,4
6111,003,003_0053,8,4
6112,003,003_0054,1,3
6113,003,003_0054,2,3
6114,003,003_0054,3,3
6115,003,003_0054,4,3
6116,003,003_0054,5,3
6117,003,003_0054,6,3
6118,003,003_0054,7,3
6119,003,003_0054,8,3
6120,003,003_0055,1,2
6121,003,003_0055,2,2
6122,003,003_0055,3,2
6123,003,003_0055,4,2
6124,003,003_0055,5,2
6125,003,003_0055,6,2
6126,003,003_0055,7,2
6127,003,003_0055,8,2
6128,003,003_0056,1,1
6129,003,003_0056,2,1
6130,003,003_0056,3,1
6131,003,003_0056,4,1
6132,003,003_0056,5,1
6133,003,003_0056,6,1
6134,003,003_0056,7,1
6135,003,003_0056,8,1
6136,003,003_0057,1,5
6137,003,003_0057,2,5
6138,003,003_0057,3,5
6139,003,003_0057,4,5
6140,003,003_0057,5,5
6141,003,003_0057,6,5
6142,003,003_0057,7,5
6143,003,003_0057,8,5
6144,003,003_0058,1,4
6145,003,003_0058,2,4
6146,003,003_0058,3,4
6147,003,003_0058,4,4
6148,003,003_0058,5,4
6149,003,003_0058,6,4
6150,003,003_0058,7,4
6151,003,003_0058,8,4
6152,003,003_0059,1,3
6153,003,003_0059,2,3
6154,003,003_0059,3,3
6155,003,003_0059,4,3
6156,003,003_0059,5,3
6157,003,003_0059,6,3
6158,003,003_0059,7,3
6159,003,003_0059,8,3
6160,003,003_0060,1,2
6161,003,003_0060,2,2
6162,003,003_0060,3,2
6163,003,003_0060,4,2
6164,003,003_0060,5,2
6165,003,003_0060,6,2
6166,003,003_0060,7,2
6167,003,003_0060,8,2
6168,003,003_0061,1,1
6169,003,003_0061,2,1
6170,003,003_0061,3,1
6171,003,003_0061,4,1
6172,003,003_0061,5,1
6173,003,003_0061,6,1
6174,003,003_0061,7,1
6175,003,003_0061,8,1
6176,003,003_0062,1,5
6177,003,003_0062,2,5
6178,003,003_0062,3,5
6179,003,003_0062,4,5
6180,003,003_0062,5,5
6181,003,003_0062,6,5
6182,003,003_0062,7,5
6183,003,003_0062,8,5
6184,003,003_0063,1,4
6185,003,003_0063,2,4
6186,003,003_0063,3,4
6187,003,003_0063,4,4
6188,003,003_0063,5,4
6189,003,003_0063,6,4
6190,003,003_0063,7,4
6191,003,003_0063,8,4
6192,003,003_0064,1,3
6193,003,003_0064,2,3
6194,003,003_0064,3,3
6195,003,003_0064,4,3
6196,003,003_0064,5,3
6197,003,003_0064,6,3
6198,003,003_0064,7,3
6199,003,003_0064,8,3
6200,003,003_0065,1,2
6201,003,003_0065,2,2
6202,003,003_0065,3,2
6203,003,003_0065,4,2
6204,003,003_0065,5,2
6205,003,003_0065,6,2
6206,003,003_0065,7,2
6207,003,003_0065,8,2
6208,003,003_0066,1,1
6209,003,003_0066,2,1
6210,003,003_0066,3,1
6211,003,003_0066,4,1
6212,003,003_0066,5,1
6213,003,003_0066,6,1
6214,003,003_0066,7,1
6215,003,003_0066,8,1
6216,003,003_0067,1,5
6217,003,003_0067,2,5
6218,003,003_0067,3,5
6219,003,003_0067,4,5
6220,003,003_0067,5,5
6221,003,003_0067,6,5
6222,003,003_0067,7,5
6223,003,003_0067,8,5
6224,003,003_0068,1,4
6225,003,003_0068,2,4
6226,003,003_0068,3,4
6227,003,003_0068,4,4
6228,003,003_0068,5,4
6229,003,003_0068,6,4
6230,003,003_0068,7,4
6231,003,003_0068,8,4
6232,003,003_0069,1,3
6233,003,003_0069,2,3
6234,003,003_0069,3,3
6235,003,003_0069,4,3
6236,003,003_0069,5,3
6237,003,003_0069,6,3
6238,003,003_0069,7,3
6239,003,003_0069,8,3
6240,003,003_0070,1,2
6241,003,003_0070,2,2
6242,003,003_0070,3,2
6243,003,003_0070,4,2
6244,003,003_0070,5,2
6245,003,003_0070,6,2
6246,003,003_0070,7,2
6247,003,003_0070,8,2
6248,003,003_0071,1,1
6249,003,003_0071,2,1
6250,003,003_0071,3,1
6251,003,003_0071,4,1
6252,003,003_0071,5,1
6253,003,003_0071,6,1
6254,003,003_0071,7,1
6255,003,003_0071,8,1
6256,003,003_0072,1,5
6257,003,003_0072,2,5
6258,003,003_0072,3,5
6259,003,003_0072,4,5
6260,003,003_0072,5,5
6261,003,003_0072,6,5
6262,003,003_0072,7,5
6263,003,003_0072,8,5
6264,003,003_0073,1,4
6265,003,003_0073,2,4
6266,003,003_0073,3,4
6267,003,003_0073,4,4
6268,003,003_0073,5,4
6269,003,003_0073,6,4
6270,003,003_0073,7,4
6271,003,003_0073,8,4
6272,003,003_0074,1,3
6273,003,003_0074,2,3
6274,003,003_0074,3,3
6275,003,003_0074,4,3
6276,003,003_0074,5,3
6277,003,003_0074,6,3
6278,003,003_0074,7,3
6279,003,003_0074,8,3
6280,003,003_0075,1,2
6281,003,003_0075,2,2
6282,003,003_0075,3,2
6283,003,003_0075,4,2
6284,003,003_0075,5,2
6285,003,003_0075,6,2
6286,003,003_0075,7,2
6287,003,003_0075,8,2
6288,003,003_0076,1,1
6289,003,003_0076,2,1
6290,003,003_0076,3,1
6291,003,003_0076,4,1
6292,003,003_0076,5,1
6293,003,003_0076,6,1
6294,003,003_0076,7,1
6295,003,003_0076,8,1
6296,003,003_0077,1,5
6297,003,003_0077,2,5
6298,003,003_0077,3,5
6299,003,003_0077,4,5
6300,003,003_0077,5,5
6301,003,003_0077,6,5
6302,003,003_0077,7,5
6303,003,003_0077,8,5
6304,003,003_0078,1,4
6305,003,003_0078,2,4
6306,003,003_0078,3,4
6307,003,003_0078,4,4
6308,003,003_0078,5,4
6309,003,003_0078,6,4
6310,003,003_0078,7,4
6311,003,003_0078,8,4
6312,003,003_0079,1,3
6313,003,003_0079,2,3
6314,003,003_0079,3,3
6315,003,003_0079,4,3
6316,003,003_0079,5,3
6317,003,003_0079,6,3
6318,003,003_0079,7,3
6319,003,003_0079,8,3
6320,003,003_0080,1,2
6321,003,003_0080,2,2
6322,003,003_0080,3,2
6323,003,003_0080,4,2
6324,003,003_0080,5,2
6325,003,003_0080,6,2
6326,003,003_0080,7,2
6327,003,003_0080,8,2
6328,003,003_0081,1,1
6329,003,003_0081,2,1
6330,003,003_0081,3,1
6331,003,003_0081,4,1
6332,003,003_0081,5,1
6333,003,003_0081,6,1
6334,003,003_0081,7,1
6335,003,003_0081,8,1
6336,003,003_0082,1,5
6337,003,003_0082,2,5
6338,003,003_0082,3,5
6339,003,003_0082,4,5
6340,003,003_0082,5,5
6341,003,003_0082,6,5
6342,003,003_0082,7,5
6343,003,003_0082,8,5
6344,003,003_0083,1,4
6345,003,003_0083,2,4
6346,003,003_0083,3,4
6347,003,003_0083,4,4
6348,003,003_0083,5,4
6349,003,003_0083,6,4
6350,003,003_0083,7,4
6351,003,003_0083,8,4
6352,003,003_0084,1,3
6353,003,003_0084,2,3
6354,003,003_0084,3,3
6355,003,003_0084,4,3
6356,003,003_0084,5,3
6357,003,003_0084,6,3
6358,003,003_0084,7,3
6359,003,003_0084,8,3
6360,003,003_0085,1,2
6361,003,003_0085,2,2
6362,003,003_0085,3,2
6363,003,003_0085,4,2
6364,003,003_0085,5,2
6365,003,003_0085,6,2
6366,003,003_0085,7,2
6367,003,003_0085,8,2
6368,003,003_0086,1,1
6369,003,003_0086,2,1
6370,003,003_0086,3,1
6371,003,003_0086,4,1
6372,003,003_0086,5,1
6373,003,003_0086,6,1
6374,003,003_0086,7,1
6375,003,003_0086,8,1
6376,003,003_0087,1,5
6377,003,003_0087,2,5
6378,003,003_0087,3,5
6379,003,003_0087,4,5
6380,003,003_0087,5,5
6381,003,003_0087,6,5
6382,003,003_0087,7,5
6383,003,003_0087,8,5
6384,003,003_0088,1,4
6385,003,003_0088,2,4
6386,003,003_0088,3,4
6387,003,003_0088,4,4
6388,003,003_0088,5,4
6389,003,003_0088,6,4
6390,003,003_0088,7,4
6391,003,003_0088,8,4
6392,003,003_0089,1,3
6393,003,003_0089,2,3
6394,003,003_0089,3,3
6395,003,003_0089,4,3
6396,003,003_0089,5,3
6397,003,003_0089,6,3
6398,003,003_0089,7,3
6399,003,003_0089,8,3
6400,003,003_0090,1,2
6401,003,003_0090,2,2
6402,003,003_0090,3,2
6403,003,003_0090,4,2
6404,003,003_0090,5,2
6405,003,003_0090,6,2
6406,003,003_0090,7,2
6407,003,003_0090,8,2
6408,003,003_0091,1,1
6409,003,003_0091,2,1
6410,003,003_0091,3,1
6411,003,003_0091,4,1
6412,003,003_0091,5,1
6413,003,003_0091,6,1
6414,003,003_0091,7,1
6415,003,003_0091,8,1
6416,003,003_0092,1,5
6417,003,003_0092,2,5
6418,003,003_0092,3,5
6419,003,003_0092,4,5
6420,003,003_0092,5,5
6421,003,003_0092,6,5
6422,003,003_0092,7,5
6423,003,003_0092,8,5
6424,003,003_0093,1,4
6425,003,003_0093,2,4
6426,003,003_0093,3,4
6427,003,003_0093,4,4
6428,003,003_0093,5,4
6429,003,003_0093,6,4
6430,003,003_0093,7,4
6431,003,003_0093,8,4
6432,003,003_0094,1,3
6433,003,003_0094,2,3
6434,003,003_0094,3,3
6435,003,003_0094,4,3
6436,003,003_0094,5,3
6437,003,003_0094,6,3
6438,003,003_0094,7,3
6439,003,003_0094,8,3
6440,003,003_0095,1,2
6441,003,003_0095,2,2
6442,003,003_0095,3,2
6443,003,003_0095,4,2
6444,003,003_0095,5,2
6445,003,003_0095,6,2
6446,003,003_0095,7,2
6447,003,003_0095,8,2
6448,003,003_0096,1,1
6449,003,003_0096,2,1
6450,003,003_0096,3,1
6451,003,003_0096,4,1
6452,003,003_0096,5,1
6453,003,003_0096,6,1
6454,003,003_0096,7,1
6455,003,003_0096,8,1
6456,003,003_0097,1,5
6457,003,003_0097,2,5
6458,003,003_0097,3,5
6459,003,003_0097,4,5
6460,003,003_0097,5,5
6461,003,003_0097,6,5
6462,003,003_0097,7,5
6463,003,003_0097,8,5
6464,003,003_0098,1,4
6465,003,003_0098,2,4
6466,003,003_0098,3,4
6467,003,003_0098,4,4
6468,003,003_0098,5,4
6469,003,003_0098,6,4
6470,003,003_0098,7,4
6471,003,003_0098,8,4
6472,003,003_0099,1,3
6473,003,003_0099,2,3
6474,003,003_0099,3,3
6475,003,003_0099,4,3
6476,003,003_0099,5,3
6477,003,003_0099,6,3
6478,003,003_0099,7,3
6479,003,003_0099,8,3
6480,003,003_0100,1,2
6481,003,003_0100,2,2
6482,003,003_0100,3,2
6483,003,003_0100,4,2
6484,003,003_0100,5,2
6485,003,003_0100,6,2
6486,003,003_0100,7,2
6487,003,003_0100,8,2
6488,003,003_0101,1,1
6489,003,003_0101,2,1
6490,003,003_0101,3,1
6491,003,003_0101,4,1
6492,003,003_0101,5,1
6493,003,003_0101,6,1
6494,003,003_0101,7,1
6495,003,003_0101,8,1
6496,003,003_0102,1,5
6497,003,003_0102,2,5
6498,003,003_0102,3,5
6499,003,003_0102,4,5
6500,003,003_0102,5,5
6501,003,003_0102,6,5
6502,003,003_0102,7,5
6503,003,003_0102,8,5
6504,003,003_0103,1,4
6505,003,003_0103,2,4
6506,003,003_0103,3,4
6507,003,003_0103,4,4
6508,003,003_0103,5,4
6509,003,003_0103,6,4
6510,003,003_0103,7,4
6511,003,003_0103,8,4
6512,003,003_0104,1,3
6513,003,003_0104,2,3
6514,003,003_0104,3,3
6515,003,003_0104,4,3
6516,003,003_0104,5,3
6517,003,003_0104,6,3
6518,003,003_0104,7,3
6519,003,003_0104,8,3
6520,003,003_0105,1,2
6521,003,003_0105,2,2
6522,003,003_0105,3,2
6523,003,003_0105,4,2
6524,003,003_0105,5,2
6525,003,003_0105,6,2
6526,003,003_0105,7,2
6527,003,003_0105,8,2
6528,003,003_0106,1,1
6529,003,003_0106,2,1
6530,003,003_0106,3,1
6531,003,003_0106,4,1
6532,003,003_0106,5,1
6533,003,003_0106,6,1
6534,003,003_0106,7,1
6535,003,003_0106,8,1
6536,003,003_0107,1,5
6537,003,003_0107,2,5
6538,003,003_0107,3,5
6539,003,003_0107,4,5
6540,003,003_0107,5,5
6541,003,003_0107,6,5
6542,003,003_0107,7,5
6543,003,003_0107,8,5
6544,003,003_0108,1,4
6545,003,003_0108,2,4
6546,003,003_0108,3,4
6547,003,003_0108,4,4
6548,003,003_0108,5,4
6549,003,003_0108,6,4
6550,003,003_0108,7,4
6551,003,003_0108,8,4
6552,003,003_0109,1,3
6553,003,003_0109,2,3
6554,003,003_0109,3,3
6555,003,003_0109,4,3
6556,003,003_0109,5,3
6557,003,003_0109,6,3
6558,003,003_0109,7,3
6559,003,003_0109,8,3
6560,003,003_0110,1,2
6561,003,003_0110,2,2
6562,003,003_0110,3,2
6563,003,003_0110,4,2
6564,003,003_0110,5,2
6565,003,003_0110,6,2
6566,003,003_0110,7,2
6567,003,003_0110,8,2
6568,003,003_0111,1,1
6569,003,003_0111,2,1
6570,003,003_0111,3,1
6571,003,003_0111,4,1
6572,003,003_0111,5,1
6573,003,003_0111,6,1
6574,003,003_0111,7,1
6575,003,003_0111,8,1
6576,003,003_0112,1,5
6577,003,003_0112,2,5
6578,003,003_0112,3,5
6579,003,003_0112,4,5
6580,003,003_0112,5,5
6581,003,003_0112,6,5
6582,003,003_0112,7,5
6583,003,003_0112,8,5
6584,003,003_0113,1,4
6585,003,003_0113,2,4
6586,003,003_0113,3,4
6587,003,003_0113,4,4
6588,003,003_0113,5,4
6589,003,003_0113,6,4
6590,003,003_0113,7,4
6591,003,003_0113,8,4
6592,003,003_0114,1,3
6593,003,003_0114,2,3
6594,003,003_0114,3,3
6595,003,003_0114,4,3
6596,003,003_0114,5,3
6597,003,003_0114,6,3
6598,003,003_0114,7,3
6599,003,003_0114,8,3
6600,003,003_0115,1,2
6601,003,003_0115,2,2
6602,003,003_0115,3,2
6603,003,003_0115,4,2
6604,003,003_0115,5,2
6605,003,003_0115,6,2
6606,003,003_0115,7,2
6607,003,003_0115,8,2
6608,003,003_0116,1,1
6609,003,003_0116,2,1
6610,003,003_0116,3,1
6611,003,003_0116,4,1
6612,003,003_0116,5,1
6613,003,003_0116,6,1
6614,003,003_0116,7,1
6615,003,003_0116,8,1
6616,003,003_0117,1,5
6617,003,003_0117,2,5
6618,003,003_0117,3,5
6619,003,003_0117,4,5
6620,003,003_0117,5,5
6621,003,003_0117,6,5
6622,003,003_0117,7,5
6623,003,003_0117,8,5
6624,003,003_0118,1,4
6625,003,003_0118,2,4
6626,003,003_0118,3,4
6627,003,003_0118,4,4
6628,003,003_0118,5,4
6629,003,003_0118,6,4
6630,003,003_0118,7,4
6631,003,003_0118,8,4
6632,003,003_0119,1,3
6633,003,003_0119,2,3
6634,003,003_0119,3,3
6635,003,003_0119,4,3
6636,003,003_0119,5,3
6637,003,003_0119,6,3
6638,003,003_0119,7,3
6639,003,003_0119,8,3
6640,003,003_0120,1,2
6641,003,003_0120,2,2
6642,003,003_0120,3,2
6643,003,003_0120,4,2
6644,003,003_0120,5,2
6645,003,003_0120,6,2
6646,003,003_0120,7,2
6647,003,003_0120,8,2
6648,003,003_0121,1,1
6649,003,003_0121,2,1
6650,003,003_0121,3,1
6651,003,003_0121,4,1
6652,003,003_0121,5,1
6653,003,003_0121,6,1
6654,003,003_0121,7,1
6655,003,003_0121,8,1
6656,003,003_0122,1,5
6657,003,003_0122,2,5
6658,003,003_0122,3,5
6659,003,003_0122,4,5
6660,003,003_0122,5,5
6661,003,003_0122,6,5
6662,003,003_0122,7,5
6663,003,003_0122,8,5
6664,003,003_0123,1,4
6665,003,003_0123,2,4
6666,003,003_0123,3,4
6667,003,003_0123,4,4
6668,003,003_0123,5,4
6669,003,003_0123,6,4
6670,003,003_0123,7,4
6671,003,003_0123,8,4
6672,003,003_0124,1,3
6673,003,003_0124,2,3
6674,003,003_0124,3,3
6675,003,003_0124,4,3
6676,003,003_0124,5,3
6677,003,003_0124,6,3
6678,003,003_0124,7,3
6679,003,003_0124,8,3
6680,003,003_0125,1,2
6681,003,003_0125,2,2
6682,003,003_0125,3,2
6683,003,003_0125,4,2
6684,003,003_0125,5,2
6685,003,003_0125,6,2
6686,003,003_0125,7,2
6687,003,003_0125,8,2
6688,003,003_0126,1,1
6689,003,003_0126,2,1
6690,003,003_0126,3,1
6691,003,003_0126,4,1
6692,003,003_0126,5,1
6693,003,003_0126,6,1
6694,003,003_0126,7,1
6695,003,003_0126,8,1
6696,003,003_0127,1,5
6697,003,003_0127,2,5
6698,003,003_0127,3,5
6699,003,003_0127,4,5
6700,003,003_0127,5,5
6701,003,003_0127,6,5
6702,003,003_0127,7,5
6703,003,003_0127,8,5
6704,003,003_0128,1,4
6705,003,003_0128,2,4
6706,003,003_0128,3,4
6707,003,003_0128,4,4
6708,003,003_0128,5,4
6709,003,003_0128,6,4
6710,003,003_0128,7,4
6711,003,003_0128,8,4
6712,003,003_0129,1,3
6713,003,003_0129,2,3
6714,003,003_0129,3,3
6715,003,003_0129,4,3
6716,003,003_0129,5,3
6717,003,003_0129,6,3
6718,003,003_0129,7,3
6719,003,003_0129,8,3
6720,003,003_0130,1,2
6721,003,003_0130,2,2
6722,003,003_0130,3,2
6723,003,003_0130,4,2
6724,003,003_0130,5,2
6725,003,003_0130,6,2
6726,003,003_0130,7,2
6727,003,003_0130,8,2
6728,003,003_0131,1,1
6729,003,003_0131,2,1
6730,003,003_0131,3,1
6731,003,003_0131,4,1
6732,003,003_0131,5,1
6733,003,003_0131,6,1
6734,003,003_0131,7,1
6735,003,003_0131,8,1
6736,003,003_0132,1,5
6737,003,003_0132,2,5
6738,003,003_0132,3,5
6739,003,003_0132,4,5
6740,003,003_0132,5,5
6741,003,003_0132,6,5
6742,003,003_0132,7,5
6743,003,003_0132,8,5
6744,003,003_0133,1,4
6745,003,003_0133,2,4
6746,003,003_0133,3,4
6747,003,003_0133,4,4
6748,003,003_0133,5,4
6749,003,003_0133,6,4
6750,003,003_0133,7,4
6751,003,003_0133,8,4
6752,003,003_0134,1,3
6753,003,003_0134,2,3
6754,003,003_0134,3,3
6755,003,003_0134,4,3
6756,003,003_0134,5,3
6757,003,003_0134,6,3
6758,003,003_0134,7,3
6759,003,003_0134,8,3
6760,003,003_0135,1,2
6761,003,003_0135,2,2
6762,003,003_0135,3,2
6763,003,003_0135,4,2
6764,003,003_0135,5,2
6765,003,003_0135,6,2
6766,003,003_0135,7,2
6767,003,003_0135,8,2
6768,003,003_0136,1,1
6769,003,003_0136,2,1
6770,003,003_0136,3,1
6771,003,003_0136,4,1
6772,003,003_0136,5,1
6773,003,003_0136,6,1
6774,003,003_0136,7,1
6775,003,003_0136,8,1
6776,003,003_0137,1,5
6777,003,003_0137,2,5
6778,003,003_0137,3,5
6779,003,003_0137,4,5
6780,003,003_0137,5,5
6781,003,003_0137,6,5
6782,003,003_0137,7,5
6783,003,003_0137,8,5
6784,003,003_0138,1,4
6785,003,003_0138,2,4
6786,003,003_0138,3,4
6787,003,003_0138,4,4
6788,003,003_0138,5,4
6789,003,003_0138,6,4
6790,003,003_0138,7,4
6791,003,003_0138,8,4
6792,003,003_0139,1,3
6793,003,003_0139,2,3
6794,003,003_0139,3,3
6795,003,003_0139,4,3
6796,003,003_0139,5,3
6797,003,003_0139,6,3
6798,003,003_0139,7,3
6799,003,003_0139,8,3
6800,003,003_0140,1,2
6801,003,003_0140,2,2
6802,003,003_0140,3,2
6803,003,003_0140,4,2
6804,003,003_0140,5,2
6805,003,003_0140,6,2
6806,003,003_0140,7,2
6807,003,003_0140,8,2
6808,003,003_0141,1,1
6809,003,003_0141,2,1
6810,003,003_0141,3,1
6811,003,003_0141,4,1
6812,003,003_0141,5,1
6813,003,003_0141,6,1
6814,003,003_0141,7,1
6815,003,003_0141,8,1
6816,003,003_0142,1,5
6817,003,003_0142,2,5
6818,003,003_0142,3,5
6819,003,003_0142,4,5
6820,003,003_0142,5,5
6821,003,003_0142,6,5
6822,003,003_0142,7,5
6823,003,003_0142,8,5
6824,003,003_0143,1,4
6825,003,003_0143,2,4
6826,003,003_0143,3,4
6827,003,003_0143,4,4
6828,003,003_0143,5,4
6829,003,003_0143,6,4
6830,003,003_0143,7,4
6831,003,003_0143,8,4
6832,003,003_0144,1,3
6833,003,003_0144,2,3
6834,003,003_0144,3,3
6835,003,003_0144,4,3
6836,003,003_0144,5,3
6837,003,003_0144,6,3
6838,003,003_0144,7,3
6839,003,003_0144,8,3
6840,003,003_0145,1,2
6841,003,003_0145,2,2
6842,003,003_0145,3,2
6843,003,003_0145,4,2
6844,003,003_0145,5,2
6845,003,003_0145,6,2
6846,003,003_0145,7,2
6847,003,003_0145,8,2
6848,003,003_0146,1,1
6849,003,003_0146,2,1
6850,003,003_0146,3,1
6851,003,003_0146,4,1
6852,003,003_0146,5,1
6853,003,003_0146,6,1
6854,003,003_0146,7,1
6855,003,003_0146,8,1
6856,003,003_0147,1,5
6857,003,003_0147,2,5
6858,003,003_0147,3,5
6859,003,003_0147,4,5
6860,003,003_0147,5,5
6861,003,003_0147,6,5
6862,003,003_0147,7,5
6863,003,003_0147,8,5
6864,003,003_0148,1,4
6865,003,003_0148,2,4
6866,003,003_0148,3,4
6867,003,003_0148,4,4
6868,003,003_0148,5,4
6869,003,003_0148,6,4
6870,003,003_0148,7,4
6871,003,003_0148,8,4
6872,003,003_0149,1,3
6873,003,003_0149,2,3
6874,003,003_0149,3,3
6875,003,003_0149,4,3
6876,003,003_0149,5,3
6877,003,003_0149,6,3
6878,003,003_0149,7,3
6879,003,003_0149,8,3
6880,003,003_0150,1,2
6881,003,003_0150,2,2
6882,003,003_0150,3,2
6883,003,003_0150,4,2
6884,003,003_0150,5,2
6885,003,003_0150,6,2
6886,003,003_0150,7,2
6887,003,003_0150,8,2
6888,003,003_0151,1,1
6889,003,003_0151,2,1
6890,003,003_0151,3,1
6891,003,003_0151,4,1
6892,003,003_0151,5,1
6893,003,003_0151,6,1
6894,003,003_0151,7,1
6895,003,003_0151,8,1
6896,003,003_0152,1,5
6897,003,003_0152,2,5
6898,003,003_0152,3,5
6899,003,003_0152,4,5
6900,003,003_0152,5,5
6901,003,003_0152,6,5
6902,003,003_0152,7,5
6903,003,003_0152,8,5
6904,003,003_0153,1,4
6905,003,003_0153,2,4
6906,003,003_0153,3,4
6907,003,003_0153,4,4
6908,003,003_0153,5,4
6909,003,003_0153,6,4
6910,003,003_0153,7,4
6911,003,003_0153,8,4
6912,003,003_0154,1,3
6913,003,003_0154,2,3
6914,003,003_0154,3,3
6915,003,003_0154,4,3
6916,003,003_0154,5,3
6917,003,003_0154,6,3
6918,003,003_0154,7,3
6919,003,003_0154,8,3
6920,003,003_0155,1,2
6921,003,003_0155,2,2
6922,003,003_0155,3,2
6923,003,003_0155,4,2
6924,003,003_0155,5,2
6925,003,003_0155,6,2
6926,003,003_0155,7,2
6927,003,003_0155,8,2
6928,003,003_0156,1,1
6929,003,003_0156,2,1
6930,003,003_0156,3,1
6931,003,003_0156,4,1
6932,003,003_0156,5,1
6933,003,003_0156,6,1
6934,003,003_0156,7,1
6935,003,003_0156,8,1
6936,003,003_0157,1,5
6937,003,003_0157,2,5
6938,003,003_0157,3,5
6939,003,003_0157,4,5
6940,003,003_0157,5,5
6941,003,003_0157,6,5
6942,003,003_0157,7,5
6943,003,003_0157,8,5
6944,003,003_0158,1,4
6945,003,003_0158,2,4
6946,003,003_0158,3,4
6947,003,003_0158,4,4
6948,003,003_0158,5,4
6949,003,003_0158,6,4
6950,003,003_0158,7,4
6951,003,003_0158,8,4
6952,003,003_0159,1,3
6953,003,003_0159,2,3
6954,003,003_0159,3,3
6955,003,003_0159,4,3
6956,003,003_0159,5,3
6957,003,003_0159,6,3
6958,003,003_0159,7,3
6959,003,003_0159,8,3
6960,003,003_0160,1,2
6961,003,003_0160,2,2
6962,003,003_0160,3,2
6963,003,003_0160,4,2
6964,003,003_0160,5,2
6965,003,003_0160,6,2
6966,003,003_0160,7,2
6967,003,003_0160,8,2
6968,003,003_0161,1,1
6969,003,003_0161,2,1
6970,003,003_0161,3,1
6971,003,003_0161,4,1
6972,003,003_0161,5,1
6973,003,003_0161,6,1
6974,003,003_0161,7,1
6975,003,003_0161,8,1
6976,003,003_0162,1,5
6977,003,003_0162,2,5
6978,003,003_0162,3,5
6979,003,003_0162,4,5
6980,003,003_0162,5,5
6981,003,003_0162,6,5
6982,003,003_0162,7,5
6983,003,003_0162,8,5
6984,003,003_0163,1,4
6985,003,003_0163,2,4
6986,003,003_0163,3,4
6987,003,003_0163,4,4
6988,003,003_0163,5,4
6989,003,003_0163,6,4
6990,003,003_0163,7,4
6991,003,003_0163,8,4
6992,003,003_0164,1,3
6993,003,003_0164,2,3
6994,003,003_0164,3,3
6995,003,003_0164,4,3
6996,003,003_0164,5,3
6997,003,003_0164,6,3
6998,003,003_0164,7,3
6999,003,003_0164,8,3
7000,003,003_0165,1,2
7001,003,003_0165,2,2
7002,003,003_0165,3,2
7003,003,003_0165,4,2
7004,003,003_0165,5,2
7005,003,003_0165,6,2
7006,003,003_0165,7,2
7007,003,003_0165,8,2
7008,003,003_0166,1,1
7009,003,003_0166,2,1
7010,003,003_0166,3,1
7011,003,003_0166,4,1
7012,003,003_0166,5,1
7013,003,003_0166,6,1
7014,003,003_0166,7,1
7015,003,003_0166,8,1
7016,003,003_0167,1,5
7017,003,003_0167,2,5
7018,003,003_0167,3,5
7019,003,003_0167,4,5
7020,003,003_0167,5,5
7021,003,003_0167,6,5
7022,003,003_0167,7,5
7023,003,003_0167,8,5
7024,003,003_0168,1,4
7025,003,003_0168,2,4
7026,003,003_0168,3,4
7027,003,003_0168,4,4
7028,003,003_0168,5,4
7029,003,003_0168,6,4
7030,003,003_0168,7,4
7031,003,003_0168,8,4
7032,003,003_0169,1,3
7033,003,003_0169,2,3
7034,003,003_0169,3,3
7035,003,003_0169,4,3
7036,003,003_0169,5,3
7037,003,003_0169,6,3
7038,003,003_0169,7,3
7039,003,003_0169,8,3
7040,003,003_0170,1,2
7041,003,003_0170,2,2
7042,003,003_0170,3,2
7043,003,003_0170,4,2
7044,003,003_0170,5,2
7045,003,003_0170,6,2
7046,003,003_0170,7,2
7047,003,003_0170,8,2
7048,003,003_0171,1,1
7049,003,003_0171,2,1
7050,003,003_0171,3,1
7051,003,003_0171,4,1
7052,003,003_0171,5,1
7053,003,003_0171,6,1
7054,003,003_0171,7,1
7055,003,003_0171,8,1
7056,003,003_0172,1,5
7057,003,003_0172,2,5
7058,003,003_0172,3,5
7059,003,003_0172,4,5
7060,003,003_0172,5,5
7061,003,003_0172,6,5
7062,003,003_0172,7,5
7063,003,003_0172,8,5
7064,003,003_0173,1,4
7065,003,003_0173,2,4
7066,003,003_0173,3,4
7067,003,003_0173,4,4
7068,003,003_0173,5,4
7069,003,003_0173,6,4
7070,003,003_0173,7,4
7071,003,003_0173,8,4
7072,003,003_0174,1,3
7073,003,003_0174,2,3
7074,003,003_0174,3,3
7075,003,003_0174,4,3
7076,003,003_0174,5,3
7077,003,003_0174,6,3
7078,003,003_0174,7,3
7079,003,003_0174,8,3
7080,003,003_0175,1,2
7081,003,003_0175,2,2
7082,003,003_0175,3,2
7083,003,003_0175,4,2
7084,003,003_0175,5,2
7085,003,003_0175,6,2
7086,003,003_0175,7,2
7087,003,003_0175,8,2
7088,003,003_0176,1,1
7089,003,003_0176,2,1
7090,003,003_0176,3,1
7091,003,003_0176,4,1
7092,003,003_0176,5,1
7093,003,003_0176,6,1
7094,003,003_0176,7,1
7095,003,003_0176,8,1
7096,003,003_0177,1,5
7097,003,003_0177,2,5
7098,003,003_0177,3,5
7099,003,003_0177,4,5
7100,003,003_0177,5,5
7101,003,003_0177,6,5
7102,003,003_0177,7,5
7103,003,003_0177,8,5
7104,003,003_0178,1,4
7105,003,003_0178,2,4
7106,003,003_0178,3,4
7107,003,003_0178,4,4
7108,003,003_0178,5,4
7109,003,003_0178,6,4
7110,003,003_0178,7,4
7111,003,003_0178,8,4
7112,003,003_0179,1,3
7113,003,003_0179,2,3
7114,003,003_0179,3,3
7115,003,003_0179,4,3
7116,003,003_0179,5,3
7117,003,003_0179,6,3
7118,003,003_0179,7,3
7119,003,003_0179,8,3
7120,003,003_0180,1,2
7121,003,003_0180,2,2
7122,003,003_0180,3,2
7123,003,003_0180,4,2
7124,003,003_0180,5,2
7125,003,003_0180,6,2
7126,003,003_0180,7,2
7127,003,003_0180,8,2
7128,003,003_0181,1,1
7129,003,003_0181,2,1
7130,003,003_0181,3,1
7131,003,003_0181,4,1
7132,003,003_0181,5,1
7133,003,003_0181,6,1
7134,003,003_0181,7,1
7135,003,003_0181,8,1
7136,003,003_0182,1,5
7137,003,003_0182,2,5
7138,003,003_0182,3,5
7139,003,003_0182,4,5
7140,003,003_0182,5,5
7141,003,003_0182,6,5
7142,003,003_0182,7,5
7143,003,003_0182,8,5
7144,003,003_0183,1,4
7145,003,003_0183,2,4
7146,003,003_0183,3,4
7147,003,003_0183,4,4
7148,003,003_0183,5,4
7149,003,003_0183,6,4
7150,003,003_0183,7,4
7151,003,003_0183,8,4
7152,003,003_0184,1,3
7153,003,003_0184,2,3
7154,003,003_0184,3,3
7155,003,003_0184,4,3
7156,003,003_0184,5,3
7157,003,003_0184,6,3
7158,003,003_0184,7,3
7159,003,003_0184,8,3
7160,003,003_0185,1,2
7161,003,003_0185,2,2
7162,003,003_0185,3,2
7163,003,003_0185,4,2
7164,003,003_0185,5,2
7165,003,003_0185,6,2
7166,003,003_0185,7,2
7167,003,003_0185,8,2
7168,003,003_0186,1,1
7169,003,003_0186,2,1
7170,003,003_0186,3,1
7171,003,003_0186,4,1
7172,003,003_0186,5,1
7173,003,003_0186,6,1
7174,003,003_0186,7,1
7175,003,003_0186,8,1
7176,003,003_0187,1,5
7177,003,003_0187,2,5
7178,003,003_0187,3,5
7179,003,003_0187,4,5
7180,003,003_0187,5,5
7181,003,003_0187,6,5
7182,003,003_0187,7,5
7183,003,003_0187,8,5
7184,003,003_0188,1,4
7185,003,003_0188,2,4
7186,003,003_0188,3,4
7187,003,003_0188,4,4
7188,003,003_0188,5,4
7189,003,003_0188,6,4
7190,003,003_0188,7,4
7191,003,003_0188,8,4
7192,003,003_0189,1,3
7193,003,003_0189,2,3
7194,003,003_0189,3,3
7195,003,003_0189,4,3
7196,003,003_0189,5,3
7197,003,003_0189,6,3
7198,003,003_0189,7,3
7199,003,003_0189,8,3
7200,003,003_0190,1,2
7201,003,003_0190,2,2
7202,003,003_0190,3,2
7203,003,003_0190,4,2
7204,003,003_0190,5,2
7205,003,003_0190,6,2
7206,003,003_0190,7,2
7207,003,003_0190,8,2
7208,003,003_0191,1,1
7209,003,003_0191,2,1
7210,003,003_0191,3,1
7211,003,003_0191,4,1
7212,003,003_0191,5,1
7213,003,003_0191,6,1
7214,003,003_0191,7,1
7215,003,003_0191,8,1
7216,003,003_0192,1,5
7217,003,003_0192,2,5
7218,003,003_0192,3,5
7219,003,003_0192,4,5
7220,003,003_0192,5,5
7221,003,003_0192,6,5
7222,003,003_0192,7,5
7223,003,003_0192,8,5
7224,003,003_0193,1,4
7225,003,003_0193,2,4
7226,003,003_0193,3,4
7227,003,003_0193,4,4
7228,003,003_0193,5,4
7229,003,003_0193,6,4
7230,003,003_0193,7,4
7231,003,003_0193,8,4
7232,003,003_0194,1,3
7233,003,003_0194,2,3
7234,003,003_0194,3,3
7235,003,003_0194,4,3
7236,003,003_0194,5,3
7237,003,003_0194,6,3
7238,003,003_0194,7,3
7239,003,003_0194,8,3
7240,003,003_0195,1,2
7241,003,003_0195,2,2
7242,003,003_0195,3,2
7243,003,003_0195,4,2
7244,003,003_0195,5,2
7245,003,003_0195,6,2
7246,003,003_0195,7,2
7247,003,003_0195,8,2
7248,003,003_0196,1,1
7249,003,003_0196,2,1
7250,003,003_0196,3,1
7251,003,003_0196,4,1
7252,003,003_0196,5,1
7253,003,003_0196,6,1
7254,003,003_0196,7,1
7255,003,003_0196,8,1
7256,003,003_0197,1,5
7257,003,003_0197,2,5
7258,003,003_0197,3,5
7259,003,003_0197,4,5
7260,003,003_0197,5,5
7261,003,003_0197,6,5
7262,003,003_0197,7,5
7263,003,003_0197,8,5
7264,003,003_0198,1,4
7265,003,003_0198,2,4
7266,003,003_0198,3,4
7267,003,003_0198,4,4
7268,003,003_0198,5,4
7269,003,003_0198,6,4
7270,003,003_0198,7,4
7271,003,003_0198,8,4
7272,003,003_0199,1,3
7273,003,003_0199,2,3
7274,003,003_0199,3,3
7275,003,003_0199,4,3
7276,003,003_0199,5,3
7277,003,003_0199,6,3
7278,003,003_0199,7,3
7279,003,003_0199,8,3
7280,003,003_0200,1,2
7281,003,003_0200,2,2
7282,003,003_0200,3,2
7283,003,003_0200,4,2
7284,003,003_0200,5,2
7285,003,003_0200,6,2
7286,003,003_0200,7,2
7287,003,003_0200,8,2
7288,003,003_0201,1,1
7289,003,003_0201,2,1
7290,003,003_0201,3,1
7291,003,003_0201,4,1
7292,003,003_0201,5,1
7293,003,003_0201,6,1
7294,003,003_0201,7,1
7295,003,003_0201,8,1
7296,003,003_0202,1,5
7297,003,003_0202,2,5
7298,003,003_0202,3,5
7299,003,003_0202,4,5
7300,003,003_0202,5,5
7301,003,003_0202,6,5
7302,003,003_0202,7,5
7303,003,003_0202,8,5
7304,003,003_0203,1,4
7305,003,003_0203,2,4
7306,003,003_0203,3,4
7307,003,003_0203,4,4
7308,003,003_0203,5,4
7309,003,003_0203,6,4
7310,003,003_0203,7,4
7311,003,003_0203,8,4
7312,003,003_0204,1,3
7313,003,003_0204,2,3
7314,003,003_0204,3,3
7315,003,003_0204,4,3
7316,003,003_0204,5,3
7317,003,003_0204,6,3
7318,003,003_0204,7,3
7319,003,003_0204,8,3
7320,003,003_0205,1,2
7321,003,003_0205,2,2
7322,003,003_0205,3,2
7323,003,003_0205,4,2
7324,003,003_0205,5,2
7325,003,003_0205,6,2
7326,003,003_0205,7,2
7327,003,003_0205,8,2
7328,003,003_0206,1,1
7329,003,003_0206,2,1
7330,003,003_0206,3,1
7331,003,003_0206,4,1
7332,003,003_0206,5,1
7333,003,003_0206,6,1
7334,003,003_0206,7,1
7335,003,003_0206,8,1
7336,003,003_0207,1,5
7337,003,003_0207,2,5
7338,003,003_0207,3,5
7339,003,003_0207,4,5
7340,003,003_0207,5,5
7341,003,003_0207,6,5
7342,003,003_0207,7,5
7343,003,003_0207,8,5
7344,003,003_0208,1,4
7345,003,003_0208,2,4
7346,003,003_0208,3,4
7347,003,003_0208,4,4
7348,003,003_0208,5,4
7349,003,003_0208,6,4
7350,003,003_0208,7,4
7351,003,003_0208,8,4
7352,003,003_0209,1,3
7353,003,003_0209,2,3
7354,003,003_0209,3,3
7355,003,003_0209,4,3
7356,003,003_0209,5,3
7357,003,003_0209,6,3
7358,003,003_0209,7,3
7359,003,003_0209,8,3
7360,003,003_0210,1,2
7361,003,003_0210,2,2
7362,003,003_0210,3,2
7363,003,003_0210,4,2
7364,003,003_0210,5,2
7365,003,003_0210,6,2
7366,003,003_0210,7,2
7367,003,003_0210,8,2
7368,003,003_0211,1,1
7369,003,003_0211,2,1
7370,003,003_0211,3,1
7371,003,003_0211,4,1
7372,003,003_0211,5,1
7373,003,003_0211,6,1
7374,003,003_0211,7,1
7375,003,003_0211,8,1
7376,003,003_0212,1,5
7377,003,003_0212,2,5
7378,003,003_0212,3,5
7379,003,003_0212,4,5
7380,003,003_0212,5,5
7381,003,003_0212,6,5
7382,003,003_0212,7,5
7383,003,003_0212,8,5
7384,003,003_0213,1,4
7385,003,003_0213,2,4
7386,003,003_0213,3,4
7387,003,003_0213,4,4
7388,003,003_0213,5,4
7389,003,003_0213,6,4
7390,003,003_0213,7,4
7391,003,003_0213,8,4
7392,003,003_0214,1,3
7393,003,003_0214,2,3
7394,003,003_0214,3,3
7395,003,003_0214,4,3
7396,003,003_0214,5,3
7397,003,003_0214,6,3
7398,003,003_0214,7,3
7399,003,003_0214,8,3
7400,003,003_0215,1,2
7401,003,003_0215,2,2
7402,003,003_0215,3,2
7403,003,003_0215,4,2
7404,003,003_0215,5,2
7405,003,003_0215,6,2
7406,003,003_0215,7,2
7407,003,003_0215,8,2
7408,003,003_0216,1,1
7409,003,003_0216,2,1
7410,003,003_0216,3,1
7411,003,003_0216,4,1
7412,003,003_0216,5,1
7413,003,003_0216,6,1
7414,003,003_0216,7,1
7415,003,003_0216,8,1
7416,003,003_0217,1,5
7417,003,003_0217,2,5
7418,003,003_0217,3,5
7419,003,003_0217,4,5
7420,003,003_0217,5,5
7421,003,003_0217,6,5
7422,003,003_0217,7,5
7423,003,003_0217,8,5
7424,003,003_0218,1,4
7425,003,003_0218,2,4
7426,003,003_0218,3,4
7427,003,003_0218,4,4
7428,003,003_0218,5,4
7429,003,003_0218,6,4
7430,003,003_0218,7,4
7431,003,003_0218,8,4
7432,003,003_0219,1,3
7433,003,003_0219,2,3
7434,003,003_0219,3,3
7435,003,003_0219,4,3
7436,003,003_0219,5,3
7437,003,003_0219,6,3
7438,003,003_0219,7,3
7439,003,003_0219,8,3
7440,003,003_0220,1,2
7441,003,003_0220,2,2
7442,003,003_0220,3,2
7443,003,003_0220,4,2
7444,003,003_0220,5,2
7445,003,003_0220,6,2
7446,003,003_0220,7,2
7447,003,003_0220,8,2
7448,003,003_0221,1,1
7449,003,003_0221,2,1
7450,003,003_0221,3,1
7451,003,003_0221,4,1
7452,003,003_0221,5,1
7453,003,003_0221,6,1
7454,003,003_0221,7,1
7455,003,003_0221,8,1
7456,003,003_0222,1,5
7457,003,003_0222,2,5
7458,003,003_0222,3,5
7459,003,003_0222,4,5
7460,003,003_0222,5,5
7461,003,003_0222,6,5
7462,003,003_0222,7,5
7463,003,003_0222,8,5
7464,003,003_0223,1,4
7465,003,003_0223,2,4
7466,003,003_0223,3,4
7467,003,003_0223,4,4
7468,003,003_0223,5,4
7469,003,003_0223,6,4
7470,003,003_0223,7,4
7471,003,003_0223,8,4
7472,003,003_0224,1,3
7473,003,003_0224,2,3
7474,003,003_0224,3,3
7475,003,003_0224,4,3
7476,003,003_0224,5,3
7477,003,003_0224,6,3
7478,003,003_0224,7,3
7479,003,003_0224,8,3
7480,003,003_0225,1,2
7481,003,003_0225,2,2
7482,003,003_0225,3,2
7483,003,003_0225,4,2
7484,003,003_0225,5,2
7485,003,003_0225,6,2
7486,003,003_0225,7,2
7487,003,003_0225,8,2
7488,003,003_0226,1,1
7489,003,003_0226,2,1
7490,003,003_0226,3,1
7491,003,003_0226,4,1
7492,003,003_0226,5,1
7493,003,003_0226,6,1
7494,003,003_0226,7,1
7495,003,003_0226,8,1
7496,003,003_0227,1,5
7497,003,003_0227,2,5
7498,003,003_0227,3,5
7499,003,003_0227,4,5
7500,003,003_0227,5,5
7501,003,003_0227,6,5
7502,003,003_0227,7,5
7503,003,003_0227,8,5
7504,003,003_0228,1,4
7505,003,003_0228,2,4
7506,003,003_0228,3,4
7507,003,003_0228,4,4
7508,003,003_0228,5,4
7509,003,003_0228,6,4
7510,003,003_0228,7,4
7511,003,003_0228,8,4
7512,003,003_0229,1,3
7513,003,003_0229,2,3
7514,003,003_0229,3,3
7515,003,003_0229,4,3
7516,003,003_0229,5,3
7517,003,003_0229,6,3
7518,003,003_0229,7,3
7519,003,003_0229,8,3
7520,003,003_0230,1,2
7521,003,003_0230,2,2
7522,003,003_0230,3,2
7523,003,003_0230,4,2
7524,003,003_0230,5,2
7525,003,003_0230,6,2
7526,003,003_0230,7,2
7527,003,003_0230,8,2
7528,003,003_0231,1,1
7529,003,003_0231,2,1
7530,003,003_0231,3,1
7531,003,003_0231,4,1
7532,003,003_0231,5,1
7533,003,003_0231,6,1
7534,003,003_0231,7,1
7535,003,003_0231,8,1
7536,003,003_0232,1,5
7537,003,003_0232,2,5
7538,003,003_0232,3,5
7539,003,003_0232,4,5
7540,003,003_0232,5,5
7541,003,003_0232,6,5
7542,003,003_0232,7,5
7543,003,003_0232,8,5
7544,003,003_0233,1,4
7545,003,003_0233,2,4
7546,003,003_0233,3,4
7547,003,003_0233,4,4
7548,003,003_0233,5,4
7549,003,003_0233,6,4
7550,003,003_0233,7,4
7551,003,003_0233,8,4
7552,003,003_0234,1,3
7553,003,003_0234,2,3
7554,003,003_0234,3,3
7555,003,003_0234,4,3
7556,003,003_0234,5,3
7557,003,003_0234,6,3
7558,003,003_0234,7,3
7559,003,003_0234,8,3
7560,003,003_0235,1,2
7561,003,003_0235,2,2
7562,003,003_0235,3,2
7563,003,003_0235,4,2
7564,003,003_0235,5,2
7565,003,003_0235,6,2
7566,003,003_0235,7,2
7567,003,003_0235,8,2
7568,003,003_0236,1,1
7569,003,003_0236,2,1
7570,003,003_0236,3,1
7571,003,003_0236,4,1
7572,003,003_0236,5,1
7573,003,003_0236,6,1
7574,003,003_0236,7,1
7575,003,003_0236,8,1
7576,003,003_0237,1,5
7577,003,003_0237,2,5
7578,003,003_0237,3,5
7579,003,003_0237,4,5
7580,003,003_0237,5,5
7581,003,003_0237,6,5
7582,003,003_0237,7,5
7583,003,003_0237,8,5
7584,003,003_0238,1,4
7585,003,003_0238,2,4
7586,003,003_0238,3,4
7587,003,003_0238,4,4
7588,003,003_0238,5,4
7589,003,003_0238,6,4
7590,003,003_0238,7,4
7591,003,003_0238,8,4
7592,003,003_0239,1,3
7593,003,003_0239,2,3
7594,003,003_0239,3,3
7595,003,003_0239,4,3
7596,003,003_0239,5,3
7597,003,003_0239,6,3
7598,003,003_0239,7,3
7599,003,003_0239,8,3
7600,003,003_0240,1,2
7601,003,003_0240,2,2
7602,003,003_0240,3,2
7603,003,003_0240,4,2
7604,003,003_0240,5,2
7605,003,003_0240,6,2
7606,003,003_0240,7,2
7607,003,003_0240,8,2
7608,003,003_0241,1,1
7609,003,003_0241,2,1
7610,003,003_0241,3,1
7611,003,003_0241,4,1
7612,003,003_0241,5,1
7613,003,003_0241,6,1
7614,003,003_0241,7,1
7615,003,003_0241,8,1
7616,003,003_0242,1,5
7617,003,003_0242,2,5
7618,003,003_0242,3,5
7619,003,003_0242,4,5
7620,003,003_0242,5,5
7621,003,003_0242,6,5
7622,003,003_0242,7,5
7623,003,003_0242,8,5
7624,003,003_0243,1,4
7625,003,003_0243,2,4
7626,003,003_0243,3,4
7627,003,003_0243,4,4
7628,003,003_0243,5,4
7629,003,003_0243,6,4
7630,003,003_0243,7,4
7631,003,003_0243,8,4
7632,003,003_0244,1,3
7633,003,003_0244,2,3
7634,003,003_0244,3,3
7635,003,003_0244,4,3
7636,003,003_0244,5,3
7637,003,003_0244,6,3
7638,003,003_0244,7,3
7639,003,003_0244,8,3
7640,003,003_0245,1,2
7641,003,003_0245,2,2
7642,003,003_0245,3,2
7643,003,003_0245,4,2
7644,003,003_0245,5,2
7645,003,003_0245,6,2
7646,003,003_0245,7,2
7647,003,003_0245,8,2
7648,003,003_0246,1,1
7649,003,003_0246,2,1
7650,003,003_0246,3,1
7651,003,003_0246,4,1
7652,003,003_0246,5,1
7653,003,003_0246,6,1
7654,003,003_0246,7,1
7655,003,003_0246,8,1
7656,003,003_0247,1,5
7657,003,003_0247,2,5
7658,003,003_0247,3,5
7659,003,003_0247,4,5
7660,003,003_0247,5,5
7661,003,003_0247,6,5
7662,003,003_0247,7,5
7663,003,003_0247,8,5
7664,003,003_0248,1,4
7665,003,003_0248,2,4
7666,003,003_0248,3,4
7667,003,003_0248,4,4
7668,003,003_0248,5,4
7669,003,003_0248,6,4
7670,003,003_0248,7,4
7671,003,003_0248,8,4
7672,003,003_0249,1,3
7673,003,003_0249,2,3
7674,003,003_0249,3,3
7675,003,003_0249,4,3
7676,003,003_0249,5,3
7677,003,003_0249,6,3
7678,003,003_0249,7,3
7679,003,003_0249,8,3
7680,003,003_0250,1,2
7681,003,003_0250,2,2
7682,003,003_0250,3,2
7683,003,003_0250,4,2
7684,003,003_0250,5,2
7685,003,003_0250,6,2
7686,003,003_0250,7,2
7687,003,003_0250,8,2
7688,004,004_0001,1,1
7689,004,004_0001,2,1
7690,004,004_0001,3,1
7691,004,004_0001,4,1
7692,004,004_0001,5,1
7693,004,004_0001,6,1
7694,004,004_0001,7,1
7695,004,004_0001,8,1
7696,004,004_0002,1,5
7697,004,004_0002,2,5
7698,004,004_0002,3,5
7699,004,004_0002,4,5
7700,004,004_0002,5,5
7701,004,004_0002,6,5
7702,004,004_0002,7,5
7703,004,004_0002,8,5
7704,004,004_0003,1,4
7705,004,004_0003,2,4
7706,004,004_0003,3,4
7707,004,004_0003,4,4
7708,004,004_0003,5,4
7709,004,004_0003,6,4
7710,004,004_0003,7,4
7711,004,004_0003,8,4
7712,004,004_0004,1,3
7713,004,004_0004,2,3
7714,004,004_0004,3,3
7715,004,004_0004,4,3
7716,004,004_0004,5,3
7717,004,004_0004,6,3
7718,004,004_0004,7,3
7719,004,004_0004,8,3
7720,004,004_0005,1,2
7721,004,004_0005,2,2
7722,004,004_0005,3,2
7723,004,004_0005,4,2
7724,004,004_0005,5,2
7725,004,004_0005,6,2
7726,004,004_0005,7,2
7727,004,004_0005,8,2
7728,004,004_0006,1,1
7729,004,004_0006,2,1
7730,004,004_0006,3,1
7731,004,004_0006,4,1
7732,004,004_0006,5,1
7733,004,004_0006,6,1
7734,004,004_0006,7,1
7735,004,004_0006,8,1
7736,004,004_0007,1,5
7737,004,004_0007,2,5
7738,004,004_0007,3,5
7739,004,004_0007,4,5
7740,004,004_0007,5,5
7741,004,004_0007,6,5
7742,004,004_0007,7,5
7743,004,004_0007,8,5
7744,004,004_0008,1,4
7745,004,004_0008,2,4
7746,004,004_0008,3,4
7747,004,004_0008,4,4
7748,004,004_0008,5,4
7749,004,004_0008,6,4
7750,004,004_0008,7,4
7751,004,004_0008,8,4
7752,004,004_0009,1,3
7753,004,004_0009,2,3
7754,004,004_0009,3,3
7755,004,004_0009,4,3
7756,004,004_0009,5,3
7757,004,004_0009,6,3
7758,004,004_0009,7,3
7759,004,004_0009,8,3
7760,004,004_0010,1,2
7761,004,004_0010,2,2
7762,004,004_0010,3,2
7763,004,004_0010,4,2
7764,004,004_0010,5,2
7765,004,004_0010,6,2
7766,004,004_0010,7,2
7767,004,004_0010,8,2
7768,004,004_0011,1,1
7769,004,004_0011,2,1
7770,004,004_0011,3,1
7771,004,004_0011,4,1
7772,004,004_0011,5,1
7773,004,004_0011,6,1
7774,004,004_0011,7,1
7775,004,004_0011,8,1
7776,004,004_0012,1,5
7777,004,004_0012,2,5
7778,004,004_0012,3,5
7779,004,004_0012,4,5
7780,004,004_0012,5,5
7781,004,004_0012,6,5
7782,004,004_0012,7,5
7783,004,004_0012,8,5
7784,004,004_0013,1,4
7785,004,004_0013,2,4
7786,004,004_0013,3,4
7787,004,004_0013,4,4
7788,004,004_0013,5,4
7789,004,004_0013,6,4
7790,004,004_0013,7,4
7791,004,004_0013,8,4
7792,004,004_0014,1,3
7793,004,004_0014,2,3
7794,004,004_0014,3,3
7795,004,004_0014,4,3
7796,004,004_0014,5,3
7797,004,004_0014,6,3
7798,004,004_0014,7,3
7799,004,004_0014,8,3
7800,004,004_0015,1,2
7801,004,004_0015,2,2
7802,004,004_0015,3,2
7803,004,004_0015,4,2
7804,004,004_0015,5,2
7805,004,004_0015,6,2
7806,004,004_0015,7,2
7807,004,004_0015,8,2
7808,004,004_0016,1,1
7809,004,004_0016,2,1
7810,004,004_0016,3,1
7811,004,004_0016,4,1
7812,004,004_0016,5,1
7813,004,004_0016,6,1
7814,004,004_0016,7,1
7815,004,004_0016,8,1
7816,004,004_0017,1,5
7817,004,004_0017,2,5
7818,004,004_0017,3,5
7819,004,004_0017,4,5
7820,004,004_0017,5,5
7821,004,004_0017,6,5
7822,004,004_0017,7,5
7823,004,004_0017,8,5
7824,004,004_0018,1,4
7825,004,004_0018,2,4
7826,004,004_0018,3,4
7827,004,004_0018,4,4
7828,004,004_0018,5,4
7829,004,004_0018,6,4
7830,004,004_0018,7,4
7831,004,004_0018,8,4
7832,004,004_0019,1,3
7833,004,004_0019,2,3
7834,004,004_0019,3,3
7835,004,004_0019,4,3
7836,004,004_0019,5,3
7837,004,004_0019,6,3
7838,004,004_0019,7,3
7839,004,004_0019,8,3
7840,004,004_0020,1,2
7841,004,004_0020,2,2
7842,004,004_0020,3,2
7843,004,004_0020,4,2
7844,004,004_0020,5,2
7845,004,004_0020,6,2
7846,004,004_0020,7,2
7847,004,004_0020,8,2
7848,004,004_0021,1,1
7849,004,004_0021,2,1
7850,004,004_0021,3,1
7851,004,004_0021,4,1
7852,004,004_0021,5,1
7853,004,004_0021,6,1
7854,004,004_0021,7,1
7855,004,004_0021,8,1
7856,004,004_0022,1,5
7857,004,004_0022,2,5
7858,004,004_0022,3,5
7859,004,004_0022,4,5
7860,004,004_0022,5,5
7861,004,004_0022,6,5
7862,004,004_0022,7,5
7863,004,004_0022,8,5
7864,004,004_0023,1,4
7865,004,004_0023,2,4
7866,004,004_0023,3,4
7867,004,004_0023,4,4
7868,004,004_0023,5,4
7869,004,004_0023,6,4
7870,004,004_0023,7,4
7871,004,004_0023,8,4
7872,004,004_0024,1,3
7873,004,004_0024,2,3
7874,004,004_0024,3,3
7875,004,004_0024,4,3
7876,004,004_0024,5,3
7877,004,004_0024,6,3
7878,004,004_0024,7,3
7879,004,004_0024,8,3
7880,004,004_0025,1,2
7881,004,004_0025,2,2
7882,004,004_0025,3,2
7883,004,004_0025,4,2
7884,004,004_0025,5,2
7885,004,004_0025,6,2
7886,004,004_0025,7,2
7887,004,004_0025,8,2
7888,004,004_0026,1,1
7889,004,004_0026,2,1
7890,004,004_0026,3,1
7891,004,004_0026,4,1
7892,004,004_0026,5,1
7893,004,004_0026,6,1
7894,004,004_0026,7,1
7895,004,004_0026,8,1
7896,004,004_0027,1,5
7897,004,004_0027,2,5
7898,004,004_0027,3,5
7899,004,004_0027,4,5
7900,004,004_0027,5,5
7901,004,004_0027,6,5
7902,004,004_0027,7,5
7903,004,004_0027,8,5
7904,004,004_0028,1,4
7905,004,004_0028,2,4
7906,004,004_0028,3,4
7907,004,004_0028,4,4
7908,004,004_0028,5,4
7909,004,004_0028,6,4
7910,004,004_0028,7,4
7911,004,004_0028,8,4
7912,004,004_0029,1,3
7913,004,004_0029,2,3
7914,004,004_0029,3,3
7915,004,004_0029,4,3
7916,004,004_0029,5,3
7917,004,004_0029,6,3
7918,004,004_0029,7,3
7919,004,004_0029,8,3
7920,004,004_0030,1,2
7921,004,004_0030,2,2
7922,004,004_0030,3,2
7923,004,004_0030,4,2
7924,004,004_0030,5,2
7925,004,004_0030,6,2
7926,004,004_0030,7,2
7927,004,004_0030,8,2
7928,004,004_0031,1,1
7929,004,004_0031,2,1
7930,004,004_0031,3,1
7931,004,004_0031,4,1
7932,004,004_0031,5,1
7933,004,004_0031,6,1
7934,004,004_0031,7,1
7935,004,004_0031,8,1
7936,004,004_0032,1,5
7937,004,004_0032,2,5
7938,004,004_0032,3,5
7939,004,004_0032,4,5
7940,004,004_0032,5,5
7941,004,004_0032,6,5
7942,004,004_0032,7,5
7943,004,004_0032,8,5
7944,004,004_0033,1,4
7945,004,004_0033,2,4
7946,004,004_0033,3,4
7947,004,004_0033,4,4
7948,004,004_0033,5,4
7949,004,004_0033,6,4
7950,004,004_0033,7,4
7951,004,004_0033,8,4
7952,004,004_0034,1,3
7953,004,004_0034,2,3
7954,004,004_0034,3,3
7955,004,004_0034,4,3
7956,004,004_0034,5,3
7957,004,004_0034,6,3
7958,004,004_0034,7,3
7959,004,004_0034,8,3
7960,004,004_0035,1,2
7961,004,004_0035,2,2
7962,004,004_0035,3,2
7963,004,004_0035,4,2
7964,004,004_0035,5,2
7965,004,004_0035,6,2
7966,004,004_0035,7,2
7967,004,004_0035,8,2
7968,004,004_0036,1,1
7969,004,004_0036,2,1
7970,004,004_0036,3,1
7971,004,004_0036,4,1
7972,004,004_0036,5,1
7973,004,004_0036,6,1
7974,004,004_0036,7,1
7975,004,004_0036,8,1
7976,004,004_0037,1,5
7977,004,004_0037,2,5
7978,004,004_0037,3,5
7979,004,004_0037,4,5
7980,004,004_0037,5,5
7981,004,004_0037,6,5
7982,004,004_0037,7,5
7983,004,004_0037,8,5
7984,004,004_0038,1,4
7985,004,004_0038,2,4
7986,004,004_0038,3,4
7987,004,004_0038,4,4
7988,004,004_0038,5,4
7989,004,004_0038,6,4
7990,004,004_0038,7,4
7991,004,004_0038,8,4
7992,004,004_0039,1,3
7993,004,004_0039,2,3
7994,004,004_0039,3,3
7995,004,004_0039,4,3
7996,004,004_0039,5,3
7997,004,004_0039,6,3
7998,004,004_0039,7,3
7999,004,004_0039,8,3
8000,004,004_0040,1,2
8001,004,004_0040,2,2
8002,004,004_0040,3,2
8003,004,004_0040,4,2
8004,004,004_0040,5,2
8005,004,004_0040,6,2
8006,004,004_0040,7,2
8007,004,004_0040,8,2
8008,004,004_0041,1,1
8009,004,004_0041,2,1
8010,004,004_0041,3,1
8011,004,004_0041,4,1
8012,004,004_0041,5,1
8013,004,004_0041,6,1
8014,004,004_0041,7,1
8015,004,004_0041,8,1
8016,004,004_0042,1,5
8017,004,004_0042,2,5
8018,004,004_0042,3,5
8019,004,004_0042,4,5
8020,004,004_0042,5,5
8021,004,004_0042,6,5
8022,004,004_0042,7,5
8023,004,004_0042,8,5
8024,004,004_0043,1,4
8025,004,004_0043,2,4
8026,004,004_0043,3,4
8027,004,004_0043,4,4
8028,004,004_0043,5,4
8029,004,004_0043,6,4
8030,004,004_0043,7,4
8031,004,004_0043,8,4
8032,004,004_0044,1,3
8033,004,004_0044,2,3
8034,004,004_0044,3,3
8035,004,004_0044,4,3
8036,004,004_0044,5,3
8037,004,004_0044,6,3
8038,004,004_0044,7,3
8039,004,004_0044,8,3
8040,004,004_0045,1,2
8041,004,004_0045,2,2
8042,004,004_0045,3,2
8043,004,004_0045,4,2
8044,004,004_0045,5,2
8045,004,004_0045,6,2
8046,004,004_0045,7,2
8047,004,004_0045,8,2
8048,004,004_0046,1,1
8049,004,004_0046,2,1
8050,004,004_0046,3,1
8051,004,004_0046,4,1
8052,004,004_0046,5,1
8053,004,004_0046,6,1
8054,004,004_0046,7,1
8055,004,004_0046,8,1
8056,004,004_0047,1,5
8057,004,004_0047,2,5
8058,004,004_0047,3,5
8059,004,004_0047,4,5
8060,004,004_0047,5,5
8061,004,004_0047,6,5
8062,004,004_0047,7,5
8063,004,004_0047,8,5
8064,004,004_0048,1,4
8065,004,004_0048,2,4
8066,004,004_0048,3,4
8067,004,004_0048,4,4
8068,004,004_0048,5,4
8069,004,004_0048,6,4
8070,004,004_0048,7,4
8071,004,004_0048,8,4
8072,004,004_0049,1,3
8073,004,004_0049,2,3
8074,004,004_0049,3,3
8075,004,004_0049,4,3
8076,004,004_0049,5,3
8077,004,004_0049,6,3
8078,004,004_0049,7,3
8079,004,004_0049,8,3
8080,004,004_0050,1,2
8081,004,004_0050,2,2
8082,004,004_0050,3,2
8083,004,004_0050,4,2
8084,004,004_0050,5,2
8085,004,004_0050,6,2
8086,004,004_0050,7,2
8087,004,004_0050,8,2
8088,004,004_0051,1,1
8089,004,004_0051,2,1
8090,004,004_0051,3,1
8091,004,004_0051,4,1
8092,004,004_0051,5,1
8093,004,004_0051,6,1
8094,004,004_0051,7,1
8095,004,004_0051,8,1
8096,004,004_0052,1,5
8097,004,004_0052,2,5
8098,004,004_0052,3,5
8099,004,004_0052,4,5
8100,004,004_0052,5,5
8101,004,004_0052,6,5
8102,004,004_0052,7,5
8103,004,004_0052,8,5
8104,004,004_0053,1,4
8105,004,004_0053,2,4
8106,004,004_0053,3,4
8107,004,004_0053,4,4
8108,004,004_0053,5,4
8109,004,004_0053,6,4
8110,004,004_0053,7,4
8111,004,004_0053,8,4
8112,004,004_0054,1,3
8113,004,004_0054,2,3
8114,004,004_0054,3,3
8115,004,004_0054,4,3
8116,004,004_0054,5,3
8117,004,004_0054,6,3
8118,004,004_0054,7,3
8119,004,004_0054,8,3
8120,004,004_0055,1,2
8121,004,004_0055,2,2
8122,004,004_0055,3,2
8123,004,004_0055,4,2
8124,004,004_0055,5,2
8125,004,004_0055,6,2
8126,004,004_0055,7,2
8127,004,004_0055,8,2
8128,004,004_0056,1,1
8129,004,004_0056,2,1
8130,004,004_0056,3,1
8131,004,004_0056,4,1
8132,004,004_0056,5,1
8133,004,004_0056,6,1
8134,004,004_0056,7,1
8135,004,004_0056,8,1
8136,004,004_0057,1,5
8137,004,004_0057,2,5
8138,004,004_0057,3,5
8139,004,004_0057,4,5
8140,004,004_0057,5,5
8141,004,004_0057,6,5
8142,004,004_0057,7,5
8143,004,004_0057,8,5
8144,004,004_0058,1,4
8145,004,004_0058,2,4
8146,004,004_0058,3,4
8147,004,004_0058,4,4
8148,004,004_0058,5,4
8149,004,004_0058,6,4
8150,004,004_0058,7,4
8151,004,004_0058,8,4
8152,004,004_0059,1,3
8153,004,004_0059,2,3
8154,004,004_0059,3,3
8155,004,004_0059,4,3
8156,004,004_0059,5,3
8157,004,004_0059,6,3
8158,004,004_0059,7,3
8159,004,004_0059,8,3
8160,004,004_0060,1,2
8161,004,004_0060,2,2
8162,004,004_0060,3,2
8163,004,004_0060,4,2
8164,004,004_0060,5,2
8165,004,004_0060,6,2
8166,004,004_0060,7,2
8167,004,004_0060,8,2
8168,004,004_0061,1,1
8169,004,004_0061,2,1
8170,004,004_0061,3,1
8171,004,004_0061,4,1
8172,004,004_0061,5,1
8173,004,004_0061,6,1
8174,004,004_0061,7,1
8175,004,004_0061,8,1
8176,004,004_0062,1,5
8177,004,004_0062,2,5
8178,004,004_0062,3,5
8179,004,004_0062,4,5
8180,004,004_0062,5,5
8181,004,004_0062,6,5
8182,004,004_0062,7,5
8183,004,004_0062,8,5
8184,004,004_0063,1,4
8185,004,004_0063,2,4
8186,004,004_0063,3,4
8187,004,004_0063,4,4
8188,004,004_0063,5,4
8189,004,004_0063,6,4
8190,004,004_0063,7,4
8191,004,004_0063,8,4
8192,004,004_0064,1,3
8193,004,004_0064,2,3
8194,004,004_0064,3,3
8195,004,004_0064,4,3
8196,004,004_0064,5,3
8197,004,004_0064,6,3
8198,004,004_0064,7,3
8199,004,004_0064,8,3
8200,004,004_0065,1,2
8201,004,004_0065,2,2
8202,004,004_0065,3,2
8203,004,004_0065,4,2
8204,004,004_0065,5,2
8205,004,004_0065,6,2
8206,004,004_0065,7,2
8207,004,004_0065,8,2
8208,004,004_0066,1,1
8209,004,004_0066,2,1
8210,004,004_0066,3,1
8211,004,004_0066,4,1
8212,004,004_0066,5,1
8213,004,004_0066,6,1
8214,004,004_0066,7,1
8215,004,004_0066,8,1
8216,004,004_0067,1,5
8217,004,004_0067,2,5
8218,004,004_0067,3,5
8219,004,004_0067,4,5
8220,004,004_0067,5,5
8221,004,004_0067,6,5
8222,004,004_0067,7,5
8223,004,004_0067,8,5
8224,004,004_0068,1,4
8225,004,004_0068,2,4
8226,004,004_0068,3,4
8227,004,004_0068,4,4
8228,004,004_0068,5,4
8229,004,004_0068,6,4
8230,004,004_0068,7,4
8231,004,004_0068,8,4
8232,004,004_0069,1,3
8233,004,004_0069,2,3
8234,004,004_0069,3,3
8235,004,004_0069,4,3
8236,004,004_0069,5,3
8237,004,004_0069,6,3
8238,004,004_0069,7,3
8239,004,004_0069,8,3
8240,004,004_0070,1,2
8241,004,004_0070,2,2
8242,004,004_0070,3,2
8243,004,004_0070,4,2
8244,004,004_0070,5,2
8245,004,004_0070,6,2
8246,004,004_0070,7,2
8247,004,004_0070,8,2
8248,004,004_0071,1,1
8249,004,004_0071,2,1
8250,004,004_0071,3,1
8251,004,004_0071,4,1
8252,004,004_0071,5,1
8253,004,004_0071,6,1
8254,004,004_0071,7,1
8255,004,004_0071,8,1
8256,004,004_0072,1,5
8257,004,004_0072,2,5
8258,004,004_0072,3,5
8259,004,004_0072,4,5
8260,004,004_0072,5,5
8261,004,004_0072,6,5
8262,004,004_0072,7,5
8263,004,004_0072,8,5
8264,004,004_0073,1,4
8265,004,004_0073,2,4
8266,004,004_0073,3,4
8267,004,004_0073,4,4
8268,004,004_0073,5,4
8269,004,004_0073,6,4
8270,004,004_0073,7,4
8271,004,004_0073,8,4
8272,004,004_0074,1,3
8273,004,004_0074,2,3
8274,004,004_0074,3,3
8275,004,004_0074,4,3
8276,004,004_0074,5,3
8277,004,004_0074,6,3
8278,004,004_0074,7,3
8279,004,004_0074,8,3
8280,004,004_0075,1,2
8281,004,004_0075,2,2
8282,004,004_0075,3,2
8283,004,004_0075,4,2
8284,004,004_0075,5,2
8285,004,004_0075,6,2
8286,004,004_0075,7,2
8287,004,004_0075,8,2
8288,004,004_0076,1,1
8289,004,004_0076,2,1
8290,004,004_0076,3,1
8291,004,004_0076,4,1
8292,004,004_0076,5,1
8293,004,004_0076,6,1
8294,004,004_0076,7,1
8295,004,004_0076,8,1
8296,004,004_0077,1,5
8297,004,004_0077,2,5
8298,004,004_0077,3,5
8299,004,004_0077,4,5
8300,004,004_0077,5,5
8301,004,004_0077,6,5
8302,004,004_0077,7,5
8303,004,004_0077,8,5
8304,004,004_0078,1,4
8305,004,004_0078,2,4
8306,004,004_0078,3,4
8307,004,004_0078,4,4
8308,004,004_0078,5,4
8309,004,004_0078,6,4
8310,004,004_0078,7,4
8311,004,004_0078,8,4
8312,004,004_0079,1,3
8313,004,004_0079,2,3
8314,004,004_0079,3,3
8315,004,004_0079,4,3
8316,004,004_0079,5,3
8317,004,004_0079,6,3
8318,004,004_0079,7,3
8319,004,004_0079,8,3
8320,004,004_0080,1,2
8321,004,004_0080,2,2
8322,004,004_0080,3,2
8323,004,004_0080,4,2
8324,004,004_0080,5,2
8325,004,004_0080,6,2
8326,004,004_0080,7,2
8327,004,004_0080,8,2
8328,004,004_0081,1,1
8329,004,004_0081,2,1
8330,004,004_0081,3,1
8331,004,004_0081,4,1
8332,004,004_0081,5,1
8333,004,004_0081,6,1
8334,004,004_0081,7,1
8335,004,004_0081,8,1
8336,004,004_0082,1,5
8337,004,004_0082,2,5
8338,004,004_0082,3,5
8339,004,004_0082,4,5
8340,004,004_0082,5,5
8341,004,004_0082,6,5
8342,004,004_0082,7,5
8343,004,004_0082,8,5
8344,004,004_0083,1,4
8345,004,004_0083,2,4
8346,004,004_0083,3,4
8347,004,004_0083,4,4
8348,004,004_0083,5,4
8349,004,004_0083,6,4
8350,004,004_0083,7,4
8351,004,004_0083,8,4
8352,004,004_0084,1,3
8353,004,004_0084,2,3
8354,004,004_0084,3,3
8355,004,004_0084,4,3
8356,004,004_0084,5,3
8357,004,004_0084,6,3
8358,004,004_0084,7,3
8359,004,004_0084,8,3
8360,004,004_0085,1,2
8361,004,004_0085,2,2
8362,004,004_0085,3,2
8363,004,004_0085,4,2
8364,004,004_0085,5,2
8365,004,004_0085,6,2
8366,004,004_0085,7,2
8367,004,004_0085,8,2
8368,004,004_0086,1,1
8369,004,004_0086,2,1
8370,004,004_0086,3,1
8371,004,004_0086,4,1
8372,004,004_0086,5,1
8373,004,004_0086,6,1
8374,004,004_0086,7,1
8375,004,004_0086,8,1
8376,004,004_0087,1,5
8377,004,004_0087,2,5
8378,004,004_0087,3,5
8379,004,004_0087,4,5
8380,004,004_0087,5,5
8381,004,004_0087,6,5
8382,004,004_0087,7,5
8383,004,004_0087,8,5
8384,004,004_0088,1,4
8385,004,004_0088,2,4
8386,004,004_0088,3,4
8387,004,004_0088,4,4
8388,004,004_0088,5,4
8389,004,004_0088,6,4
8390,004,004_0088,7,4
8391,004,004_0088,8,4
8392,004,004_0089,1,3
8393,004,004_0089,2,3
8394,004,004_0089,3,3
8395,004,004_0089,4,3
8396,004,004_0089,5,3
8397,004,004_0089,6,3
8398,004,004_0089,7,3
8399,004,004_0089,8,3
8400,004,004_0090,1,2
8401,004,004_0090,2,2
8402,004,004_0090,3,2
8403,004,004_0090,4,2
8404,004,004_0090,5,2
8405,004,004_0090,6,2
8406,004,004_0090,7,2
8407,004,004_0090,8,2
8408,004,004_0091,1,1
8409,004,004_0091,2,1
8410,004,004_0091,3,1
8411,004,004_0091,4,1
8412,004,004_0091,5,1
8413,004,004_0091,6,1
8414,004,004_0091,7,1
8415,004,004_0091,8,1
8416,004,004_0092,1,5
8417,004,004_0092,2,5
8418,004,004_0092,3,5
8419,004,004_0092,4,5
8420,004,004_0092,5,5
8421,004,004_0092,6,5
8422,004,004_0092,7,5
8423,004,004_0092,8,5
8424,004,004_0093,1,4
8425,004,004_0093,2,4
8426,004,004_0093,3,4
8427,004,004_0093,4,4
8428,004,004_0093,5,4
8429,004,004_0093,6,4
8430,004,004_0093,7,4
8431,004,004_0093,8,4
8432,004,004_0094,1,3
8433,004,004_0094,2,3
8434,004,004_0094,3,3
8435,004,004_0094,4,3
8436,004,004_0094,5,3
8437,004,004_0094,6,3
8438,004,004_0094,7,3
8439,004,004_0094,8,3
8440,004,004_0095,1,2
8441,004,004_0095,2,2
8442,004,004_0095,3,2
8443,004,004_0095,4,2
8444,004,004_0095,5,2
8445,004,004_0095,6,2
8446,004,004_0095,7,2
8447,004,004_0095,8,2
8448,004,004_0096,1,1
8449,004,004_0096,2,1
8450,004,004_0096,3,1
8451,004,004_0096,4,1
8452,004,004_0096,5,1
8453,004,004_0096,6,1
8454,004,004_0096,7,1
8455,004,004_0096,8,1
8456,004,004_0097,1,5
8457,004,004_0097,2,5
8458,004,004_0097,3,5
8459,004,004_0097,4,5
8460,004,004_0097,5,5
8461,004,004_0097,6,5
8462,004,004_0097,7,5
8463,004,004_0097,8,5
8464,004,004_0098,1,4
8465,004,004_0098,2,4
8466,004,004_0098,3,4
8467,004,004_0098,4,4
8468,004,004_0098,5,4
8469,004,004_0098,6,4
8470,004,004_0098,7,4
8471,004,004_0098,8,4
8472,004,004_0099,1,3
8473,004,004_0099,2,3
8474,004,004_0099,3,3
8475,004,004_0099,4,3
8476,004,004_0099,5,3
8477,004,004_0099,6,3
8478,004,004_0099,7,3
8479,004,004_0099,8,3
8480,004,004_0100,1,2
8481,004,004_0100,2,2
8482,004,004_0100,3,2
8483,004,004_0100,4,2
8484,004,004_0100,5,2
8485,004,004_0100,6,2
8486,004,004_0100,7,2
8487,004,004_0100,8,2
8488,004,004_0101,1,1
8489,004,004_0101,2,1
8490,004,004_0101,3,1
8491,004,004_0101,4,1
8492,004,004_0101,5,1
8493,004,004_0101,6,1
8494,004,004_0101,7,1
8495,004,004_0101,8,1
8496,004,004_0102,1,5
8497,004,004_0102,2,5
8498,004,004_0102,3,5
8499,004,004_0102,4,5
8500,004,004_0102,5,5
8501,004,004_0102,6,5
8502,004,004_0102,7,5
8503,004,004_0102,8,5
8504,004,004_0103,1,4
8505,004,004_0103,2,4
8506,004,004_0103,3,4
8507,004,004_0103,4,4
8508,004,004_0103,5,4
8509,004,004_0103,6,4
8510,004,004_0103,7,4
8511,004,004_0103,8,4
8512,004,004_0104,1,3
8513,004,004_0104,2,3
8514,004,004_0104,3,3
8515,004,004_0104,4,3
8516,004,004_0104,5,3
8517,004,004_0104,6,3
8518,004,004_0104,7,3
8519,004,004_0104,8,3
8520,004,004_0105,1,2
8521,004,004_0105,2,2
8522,004,004_0105,3,2
8523,004,004_0105,4,2
8524,004,004_0105,5,2
8525,004,004_0105,6,2
8526,004,004_0105,7,2
8527,004,004_0105,8,2
8528,004,004_0106,1,1
8529,004,004_0106,2,1
8530,004,004_0106,3,1
8531,004,004_0106,4,1
8532,004,004_0106,5,1
8533,004,004_0106,6,1
8534,004,004_0106,7,1
8535,004,004_0106,8,1
8536,004,004_0107,1,5
8537,004,004_0107,2,5
8538,004,004_0107,3,5
8539,004,004_0107,4,5
8540,004,004_0107,5,5
8541,004,004_0107,6,5
8542,004,004_0107,7,5
8543,004,004_0107,8,5
8544,004,004_0108,1,4
8545,004,004_0108,2,4
8546,004,004_0108,3,4
8547,004,004_0108,4,4
8548,004,004_0108,5,4
8549,004,004_0108,6,4
8550,004,004_0108,7,4
8551,004,004_0108,8,4
8552,004,004_0109,1,3
8553,004,004_0109,2,3
8554,004,004_0109,3,3
8555,004,004_0109,4,3
8556,004,004_0109,5,3
8557,004,004_0109,6,3
8558,004,004_0109,7,3
8559,004,004_0109,8,3
8560,004,004_0110,1,2
8561,004,004_0110,2,2
8562,004,004_0110,3,2
8563,004,004_0110,4,2
8564,004,004_0110,5,2
8565,004,004_0110,6,2
8566,004,004_0110,7,2
8567,004,004_0110,8,2
8568,004,004_0111,1,1
8569,004,004_0111,2,1
8570,004,004_0111,3,1
8571,004,004_0111,4,1
8572,004,004_0111,5,1
8573,004,004_0111,6,1
8574,004,004_0111,7,1
8575,004,004_0111,8,1
8576,004,004_0112,1,5
8577,004,004_0112,2,5
8578,004,004_0112,3,5
8579,004,004_0112,4,5
8580,004,004_0112,5,5
8581,004,004_0112,6,5
8582,004,004_0112,7,5
8583,004,004_0112,8,5
8584,004,004_0113,1,4
8585,004,004_0113,2,4
8586,004,004_0113,3,4
8587,004,004_0113,4,4
8588,004,004_0113,5,4
8589,004,004_0113,6,4
8590,004,004_0113,7,4
8591,004,004_0113,8,4
8592,004,004_0114,1,3
8593,004,004_0114,2,3
8594,004,004_0114,3,3
8595,004,004_0114,4,3
8596,004,004_0114,5,3
8597,004,004_0114,6,3
8598,004,004_0114,7,3
8599,004,004_0114,8,3
8600,004,004_0115,1,2
8601,004,004_0115,2,2
8602,004,004_0115,3,2
8603,004,004_0115,4,2
8604,004,004_0115,5,2
8605,004,004_0115,6,2
8606,004,004_0115,7,2
8607,004,004_0115,8,2
8608,004,004_0116,1,1
8609,004,004_0116,2,1
8610,004,004_0116,3,1
8611,004,004_0116,4,1
8612,004,004_0116,5,1
8613,004,004_0116,6,1
8614,004,004_0116,7,1
8615,004,004_0116,8,1
8616,004,004_0117,1,5
8617,004,004_0117,2,5
8618,004,004_0117,3,5
8619,004,004_0117,4,5
8620,004,004_0117,5,5
8621,004,004_0117,6,5
8622,004,004_0117,7,5
8623,004,004_0117,8,5
8624,004,004_0118,1,4
8625,004,004_0118,2,4
8626,004,004_0118,3,4
8627,004,004_0118,4,4
8628,004,004_0118,5,4
8629,004,004_0118,6,4
8630,004,004_0118,7,4
8631,004,004_0118,8,4
8632,004,004_0119,1,3
8633,004,004_0119,2,3
8634,004,004_0119,3,3
8635,004,004_0119,4,3
8636,004,004_0119,5,3
8637,004,004_0119,6,3
8638,004,004_0119,7,3
8639,004,004_0119,8,3
8640,004,004_0120,1,2
8641,004,004_0120,2,2
8642,004,004_0120,3,2
8643,004,004_0120,4,2
8644,004,004_0120,5,2
8645,004,004_0120,6,2
8646,004,004_0120,7,2
8647,004,004_0120,8,2
8648,004,004_0121,1,1
8649,004,004_0121,2,1
8650,004,004_0121,3,1
8651,004,004_0121,4,1
8652,004,004_0121,5,1
8653,004,004_0121,6,1
8654,004,004_0121,7,1
8655,004,004_0121,8,1
8656,004,004_0122,1,5
8657,004,004_0122,2,5
8658,004,004_0122,3,5
8659,004,004_0122,4,5
8660,004,004_0122,5,5
8661,004,004_0122,6,5
8662,004,004_0122,7,5
8663,004,004_0122,8,5
8664,004,004_0123,1,4
8665,004,004_0123,2,4
8666,004,004_0123,3,4
8667,004,004_0123,4,4
8668,004,004_0123,5,4
8669,004,004_0123,6,4
8670,004,004_0123,7,4
8671,004,004_0123,8,4
8672,004,004_0124,1,3
8673,004,004_0124,2,3
8674,004,004_0124,3,3
8675,004,004_0124,4,3
8676,004,004_0124,5,3
8677,004,004_0124,6,3
8678,004,004_0124,7,3
8679,004,004_0124,8,3
8680,004,004_0125,1,2
8681,004,004_0125,2,2
8682,004,004_0125,3,2
8683,004,004_0125,4,2
8684,004,004_0125,5,2
8685,004,004_0125,6,2
8686,004,004_0125,7,2
8687,004,004_0125,8,2
8688,004,004_0126,1,1
8689,004,004_0126,2,1
8690,004,004_0126,3,1
8691,004,004_0126,4,1
8692,004,004_0126,5,1
8693,004,004_0126,6,1
8694,004,004_0126,7,1
8695,004,004_0126,8,1
8696,004,004_0127,1,5
8697,004,004_0127,2,5
8698,004,004_0127,3,5
8699,004,004_0127,4,5
8700,004,004_0127,5,5
8701,004,004_0127,6,5
8702,004,004_0127,7,5
8703,004,004_0127,8,5
8704,004,004_0128,1,4
8705,004,004_0128,2,4
8706,004,004_0128,3,4
8707,004,004_0128,4,4
8708,004,004_0128,5,4
8709,004,004_0128,6,4
8710,004,004_0128,7,4
8711,004,004_0128,8,4
8712,004,004_0129,1,3
8713,004,004_0129,2,3
8714,004,004_0129,3,3
8715,004,004_0129,4,3
8716,004,004_0129,5,3
8717,004,004_0129,6,3
8718,004,004_0129,7,3
8719,004,004_0129,8,3
8720,004,004_0130,1,2
8721,004,004_0130,2,2
8722,004,004_0130,3,2
8723,004,004_0130,4,2
8724,004,004_0130,5,2
8725,004,004_0130,6,2
8726,004,004_0130,7,2
8727,004,004_0130,8,2
8728,004,004_0131,1,1
8729,004,004_0131,2,1
8730,004,004_0131,3,1
8731,004,004_0131,4,1
8732,004,004_0131,5,1
8733,004,004_0131,6,1
8734,004,004_0131,7,1
8735,004,004_0131,8,1
8736,004,004_0132,1,5
8737,004,004_0132,2,5
8738,004,004_0132,3,5
8739,004,004_0132,4,5
8740,004,004_0132,5,5
8741,004,004_0132,6,5
8742,004,004_0132,7,5
8743,004,004_0132,8,5
8744,004,004_0133,1,4
8745,004,004_0133,2,4
8746,004,004_0133,3,4
8747,004,004_0133,4,4
8748,004,004_0133,5,4
8749,004,004_0133,6,4
8750,004,004_0133,7,4
8751,004,004_0133,8,4
8752,004,004_0134,1,3
8753,004,004_0134,2,3
8754,004,004_0134,3,3
8755,004,004_0134,4,3
8756,004,004_0134,5,3
8757,004,004_0134,6,3
8758,004,004_0134,7,3
8759,004,004_0134,8,3
8760,004,004_0135,1,2
8761,004,004_0135,2,2
8762,004,004_0135,3,2
8763,004,004_0135,4,2
8764,004,004_0135,5,2
8765,004,004_0135,6,2
8766,004,004_0135,7,2
8767,004,004_0135,8,2
8768,004,004_0136,1,1
8769,004,004_0136,2,1
8770,004,004_0136,3,1
8771,004,004_0136,4,1
8772,004,004_0136,5,1
8773,004,004_0136,6,1
8774,004,004_0136,7,1
8775,004,004_0136,8,1
8776,004,004_0137,1,5
8777,004,004_0137,2,5
8778,004,004_0137,3,5
8779,004,004_0137,4,5
8780,004,004_0137,5,5
8781,004,004_0137,6,5
8782,004,004_0137,7,5
8783,004,004_0137,8,5
8784,004,004_0138,1,4
8785,004,004_0138,2,4
8786,004,004_0138,3,4
8787,004,004_0138,4,4
8788,004,004_0138,5,4
8789,004,004_0138,6,4
8790,004,004_0138,7,4
8791,004,004_0138,8,4
8792,004,004_0139,1,3
8793,004,004_0139,2,3
8794,004,004_0139,3,3
8795,004,004_0139,4,3
8796,004,004_0139,5,3
8797,004,004_0139,6,3
8798,004,004_0139,7,3
8799,004,004_0139,8,3
8800,004,004_0140,1,2
8801,004,004_0140,2,2
8802,004,004_0140,3,2
8803,004,004_0140,4,2
8804,004,004_0140,5,2
8805,004,004_0140,6,2
8806,004,004_0140,7,2
8807,004,004_0140,8,2
8808,004,004_0141,1,1
8809,004,004_0141,2,1
8810,004,004_0141,3,1
8811,004,004_0141,4,1
8812,004,004_0141,5,1
8813,004,004_0141,6,1
8814,004,004_0141,7,1
8815,004,004_0141,8,1
8816,004,004_0142,1,5
8817,004,004_0142,2,5
8818,004,004_0142,3,5
8819,004,004_0142,4,5
8820,004,004_0142,5,5
8821,004,004_0142,6,5
8822,004,004_0142,7,5
8823,004,004_0142,8,5
8824,004,004_0143,1,4
8825,004,004_0143,2,4
8826,004,004_0143,3,4
8827,004,004_0143,4,4
8828,004,004_0143,5,4
8829,004,004_0143,6,4
8830,004,004_0143,7,4
8831,004,004_0143,8,4
8832,004,004_0144,1,3
8833,004,004_0144,2,3
8834,004,004_0144,3,3
8835,004,004_0144,4,3
8836,004,004_0144,5,3
8837,004,004_0144,6,3
8838,004,004_0144,7,3
8839,004,004_0144,8,3
8840,004,004_0145,1,2
8841,004,004_0145,2,2
8842,004,004_0145,3,2
8843,004,004_0145,4,2
8844,004,004_0145,5,2
8845,004,004_0145,6,2
8846,004,004_0145,7,2
8847,004,004_0145,8,2
8848,004,004_0146,1,1
8849,004,004_0146,2,1
8850,004,004_0146,3,1
8851,004,004_0146,4,1
8852,004,004_0146,5,1
8853,004,004_0146,6,1
8854,004,004_0146,7,1
8855,004,004_0146,8,1
8856,004,004_0147,1,5
8857,004,004_0147,2,5
8858,004,004_0147,3,5
8859,004,004_0147,4,5
8860,004,004_0147,5,5
8861,004,004_0147,6,5
8862,004,004_0147,7,5
8863,004,004_0147,8,5
8864,004,004_0148,1,4
8865,004,004_0148,2,4
8866,004,004_0148,3,4
8867,004,004_0148,4,4
8868,004,004_0148,5,4
8869,004,004_0148,6,4
8870,004,004_0148,7,4
8871,004,004_0148,8,4
8872,004,004_0149,1,3
8873,004,004_0149,2,3
8874,004,004_0149,3,3
8875,004,004_0149,4,3
8876,004,004_0149,5,3
8877,004,004_0149,6,3
8878,004,004_0149,7,3
8879,004,004_0149,8,3
8880,004,004_0150,1,2
8881,004,004_0150,2,2
8882,004,004_0150,3,2
8883,004,004_0150,4,2
8884,004,004_0150,5,2
8885,004,004_0150,6,2
8886,004,004_0150,7,2
8887,004,004_0150,8,2
8888,004,004_0151,1,1
8889,004,004_0151,2,1
8890,004,004_0151,3,1
8891,004,004_0151,4,1
8892,004,004_0151,5,1
8893,004,004_0151,6,1
8894,004,004_0151,7,1
8895,004,004_0151,8,1
8896,004,004_0152,1,5
8897,004,004_0152,2,5
8898,004,004_0152,3,5
8899,004,004_0152,4,5
8900,004,004_0152,5,5
8901,004,004_0152,6,5
8902,004,004_0152,7,5
8903,004,004_0152,8,5
8904,004,004_0153,1,4
8905,004,004_0153,2,4
8906,004,004_0153,3,4
8907,004,004_0153,4,4
8908,004,004_0153,5,4
8909,004,004_0153,6,4
8910,004,004_0153,7,4
8911,004,004_0153,8,4
8912,004,004_0154,1,3
8913,004,004_0154,2,3
8914,004,004_0154,3,3
8915,004,004_0154,4,3
8916,004,004_0154,5,3
8917,004,004_0154,6,3
8918,004,004_0154,7,3
8919,004,004_0154,8,3
8920,004,004_0155,1,2
8921,004,004_0155,2,2
8922,004,004_0155,3,2
8923,004,004_0155,4,2
8924,004,004_0155,5,2
8925,004,004_0155,6,2
8926,004,004_0155,7,2
8927,004,004_0155,8,2
8928,004,004_0156,1,1
8929,004,004_0156,2,1
8930,004,004_0156,3,1
8931,004,004_0156,4,1
8932,004,004_0156,5,1
8933,004,004_0156,6,1
8934,004,004_0156,7,1
8935,004,004_0156,8,1
8936,004,004_0157,1,5
8937,004,004_0157,2,5
8938,004,004_0157,3,5
8939,004,004_0157,4,5
8940,004,004_0157,5,5
8941,004,004_0157,6,5
8942,004,004_0157,7,5
8943,004,004_0157,8,5
8944,004,004_0158,1,4
8945,004,004_0158,2,4
8946,004,004_0158,3,4
8947,004,004_0158,4,4
8948,004,004_0158,5,4
8949,004,004_0158,6,4
8950,004,004_0158,7,4
8951,004,004_0158,8,4
8952,004,004_0159,1,3
8953,004,004_0159,2,3
8954,004,004_0159,3,3
8955,004,004_0159,4,3
8956,004,004_0159,5,3
8957,004,004_0159,6,3
8958,004,004_0159,7,3
8959,004,004_0159,8,3
8960,004,004_0160,1,2
8961,004,004_0160,2,2
8962,004,004_0160,3,2
8963,004,004_0160,4,2
8964,004,004_0160,5,2
8965,004,004_0160,6,2
8966,004,004_0160,7,2
8967,004,004_0160,8,2
8968,004,004_0161,1,1
8969,004,004_0161,2,1
8970,004,004_0161,3,1
8971,004,004_0161,4,1
8972,004,004_0161,5,1
8973,004,004_0161,6,1
8974,004,004_0161,7,1
8975,004,004_0161,8,1
8976,004,004_0162,1,5
8977,004,004_0162,2,5
8978,004,004_0162,3,5
8979,004,004_0162,4,5
8980,004,004_0162,5,5
8981,004,004_0162,6,5
8982,004,004_0162,7,5
8983,004,004_0162,8,5
8984,004,004_0163,1,4
8985,004,004_0163,2,4
8986,004,004_0163,3,4
8987,004,004_0163,4,4
8988,004,004_0163,5,4
8989,004,004_0163,6,4
8990,004,004_0163,7,4
8991,004,004_0163,8,4
8992,004,004_0164,1,3
8993,004,004_0164,2,3
8994,004,004_0164,3,3
8995,004,004_0164,4,3
8996,004,004_0164,5,3
8997,004,004_0164,6,3
8998,004,004_0164,7,3
8999,004,004_0164,8,3
9000,004,004_0165,1,2
9001,004,004_0165,2,2
9002,004,004_0165,3,2
9003,004,004_0165,4,2
9004,004,004_0165,5,2
9005,004,004_0165,6,2
9006,004,004_0165,7,2
9007,004,004_0165,8,2
9008,004,004_0166,1,1
9009,004,004_0166,2,1
9010,004,004_0166,3,1
9011,004,004_0166,4,1
9012,004,004_0166,5,1
9013,004,004_0166,6,1
9014,004,004_0166,7,1
9015,004,004_0166,8,1
9016,004,004_0167,1,5
9017,004,004_0167,2,5
9018,004,004_0167,3,5
9019,004,004_0167,4,5
9020,004,004_0167,5,5
9021,004,004_0167,6,5
9022,004,004_0167,7,5
9023,004,004_0167,8,5
9024,004,004_0168,1,4
9025,004,004_0168,2,4
9026,004,004_0168,3,4
9027,004,004_0168,4,4
9028,004,004_0168,5,4
9029,004,004_0168,6,4
9030,004,004_0168,7,4
9031,004,004_0168,8,4
9032,004,004_0169,1,3
9033,004,004_0169,2,3
9034,004,004_0169,3,3
9035,004,004_0169,4,3
9036,004,004_0169,5,3
9037,004,004_0169,6,3
9038,004,004_0169,7,3
9039,004,004_0169,8,3
9040,004,004_0170,1,2
9041,004,004_0170,2,2
9042,004,004_0170,3,2
9043,004,004_0170,4,2
9044,004,004_0170,5,2
9045,004,004_0170,6,2
9046,004,004_0170,7,2
9047,004,004_0170,8,2
9048,004,004_0171,1,1
9049,004,004_0171,2,1
9050,004,004_0171,3,1
9051,004,004_0171,4,1
9052,004,004_0171,5,1
9053,004,004_0171,6,1
9054,004,004_0171,7,1
9055,004,004_0171,8,1
9056,004,004_0172,1,5
9057,004,004_0172,2,5
9058,004,004_0172,3,5
9059,004,004_0172,4,5
9060,004,004_0172,5,5
9061,004,004_0172,6,5
9062,004,004_0172,7,5
9063,004,004_0172,8,5
9064,004,004_0173,1,4
9065,004,004_0173,2,4
9066,004,004_0173,3,4
9067,004,004_0173,4,4
9068,004,004_0173,5,4
9069,004,004_0173,6,4
9070,004,004_0173,7,4
9071,004,004_0173,8,4
9072,004,004_0174,1,3
9073,004,004_0174,2,3
9074,004,004_0174,3,3
9075,004,004_0174,4,3
9076,004,004_0174,5,3
9077,004,004_0174,6,3
9078,004,004_0174,7,3
9079,004,004_0174,8,3
9080,004,004_0175,1,2
9081,004,004_0175,2,2
9082,004,004_0175,3,2
9083,004,004_0175,4,2
9084,004,004_0175,5,2
9085,004,004_0175,6,2
9086,004,004_0175,7,2
9087,004,004_0175,8,2
9088,004,004_0176,1,1
9089,004,004_0176,2,1
9090,004,004_0176,3,1
9091,004,004_0176,4,1
9092,004,004_0176,5,1
9093,004,004_0176,6,1
9094,004,004_0176,7,1
9095,004,004_0176,8,1
9096,004,004_0177,1,5
9097,004,004_0177,2,5
9098,004,004_0177,3,5
9099,004,004_0177,4,5
9100,004,004_0177,5,5
9101,004,004_0177,6,5
9102,004,004_0177,7,5
9103,004,004_0177,8,5
9104,004,004_0178,1,4
9105,004,004_0178,2,4
9106,004,004_0178,3,4
9107,004,004_0178,4,4
9108,004,004_0178,5,4
9109,004,004_0178,6,4
9110,004,004_0178,7,4
9111,004,004_0178,8,4
9112,004,004_0179,1,3
9113,004,004_0179,2,3
9114,004,004_0179,3,3
9115,004,004_0179,4,3
9116,004,004_0179,5,3
9117,004,004_0179,6,3
9118,004,004_0179,7,3
9119,004,004_0179,8,3
9120,004,004_0180,1,2
9121,004,004_0180,2,2
9122,004,004_0180,3,2
9123,004,004_0180,4,2
9124,004,004_0180,5,2
9125,004,004_0180,6,2
9126,004,004_0180,7,2
9127,004,004_0180,8,2
9128,004,004_0181,1,1
9129,004,004_0181,2,1
9130,004,004_0181,3,1
9131,004,004_0181,4,1
9132,004,004_0181,5,1
9133,004,004_0181,6,1
9134,004,004_0181,7,1
9135,004,004_0181,8,1
9136,004,004_0182,1,5
9137,004,004_0182,2,5
9138,004,004_0182,3,5
9139,004,004_0182,4,5
9140,004,004_0182,5,5
9141,004,004_0182,6,5
9142,004,004_0182,7,5
9143,004,004_0182,8,5
9144,004,004_0183,1,4
9145,004,004_0183,2,4
9146,004,004_0183,3,4
9147,004,004_0183,4,4
9148,004,004_0183,5,4
9149,004,004_0183,6,4
9150,004,004_0183,7,4
9151,004,004_0183,8,4
9152,004,004_0184,1,3
9153,004,004_0184,2,3
9154,004,004_0184,3,3
9155,004,004_0184,4,3
9156,004,004_0184,5,3
9157,004,004_0184,6,3
9158,004,004_0184,7,3
9159,004,004_0184,8,3
9160,004,004_0185,1,2
9161,004,004_0185,2,2
9162,004,004_0185,3,2
9163,004,004_0185,4,2
9164,004,004_0185,5,2
9165,004,004_0185,6,2
9166,004,004_0185,7,2
9167,004,004_0185,8,2
9168,004,004_0186,1,1
9169,004,004_0186,2,1
9170,004,004_0186,3,1
9171,004,004_0186,4,1
9172,004,004_0186,5,1
9173,004,004_0186,6,1
9174,004,004_0186,7,1
9175,004,004_0186,8,1
9176,004,004_0187,1,5
9177,004,004_0187,2,5
9178,004,004_0187,3,5
9179,004,004_0187,4,5
9180,004,004_0187,5,5
9181,004,004_0187,6,5
9182,004,004_0187,7,5
9183,004,004_0187,8,5
9184,004,004_0188,1,4
9185,004,004_0188,2,4
9186,004,004_0188,3,4
9187,004,004_0188,4,4
9188,004,004_0188,5,4
9189,004,004_0188,6,4
9190,004,004_0188,7,4
9191,004,004_0188,8,4
9192,004,004_0189,1,3
9193,004,004_0189,2,3
9194,004,004_0189,3,3
9195,004,004_0189,4,3
9196,004,004_0189,5,3
9197,004,004_0189,6,3
9198,004,004_0189,7,3
9199,004,004_0189,8,3
9200,004,004_0190,1,2
9201,004,004_0190,2,2
9202,004,004_0190,3,2
9203,004,004_0190,4,2
9204,004,004_0190,5,2
9205,004,004_0190,6,2
9206,004,004_0190,7,2
9207,004,004_0190,8,2
9208,004,004_0191,1,1
9209,004,004_0191,2,1
9210,004,004_0191,3,1
9211,004,004_0191,4,1
9212,004,004_0191,5,1
9213,004,004_0191,6,1
9214,004,004_0191,7,1
9215,004,004_0191,8,1
9216,004,004_0192,1,5
9217,004,004_0192,2,5
9218,004,004_0192,3,5
9219,004,004_0192,4,5
9220,004,004_0192,5,5
9221,004,004_0192,6,5
9222,004,004_0192,7,5
9223,004,004_0192,8,5
9224,004,004_0193,1,4
9225,004,004_0193,2,4
9226,004,004_0193,3,4
9227,004,004_0193,4,4
9228,004,004_0193,5,4
9229,004,004_0193,6,4
9230,004,004_0193,7,4
9231,004,004_0193,8,4
9232,004,004_0194,1,3
9233,004,004_0194,2,3
9234,004,004_0194,3,3
9235,004,004_0194,4,3
9236,004,004_0194,5,3
9237,004,004_0194,6,3
9238,004,004_0194,7,3
9239,004,004_0194,8,3
9240,004,004_0195,1,2
9241,004,004_0195,2,2
9242,004,004_0195,3,2
9243,004,004_0195,4,2
9244,004,004_0195,5,2
9245,004,004_0195,6,2
9246,004,004_0195,7,2
9247,004,004_0195,8,2
9248,004,004_0196,1,1
9249,004,004_0196,2,1
9250,004,004_0196,3,1
9251,004,004_0196,4,1
9252,004,004_0196,5,1
9253,004,004_0196,6,1
9254,004,004_0196,7,1
9255,004,004_0196,8,1
9256,004,004_0197,1,5
9257,004,004_0197,2,5
9258,004,004_0197,3,5
9259,004,004_0197,4,5
9260,004,004_0197,5,5
9261,004,004_0197,6,5
9262,004,004_0197,7,5
9263,004,004_0197,8,5
9264,004,004_0198,1,4
9265,004,004_0198,2,4
9266,004,004_0198,3,4
9267,004,004_0198,4,4
9268,004,004_0198,5,4
9269,004,004_0198,6,4
9270,004,004_0198,7,4
9271,004,004_0198,8,4
9272,004,004_0199,1,3
9273,004,004_0199,2,3
9274,004,004_0199,3,3
9275,004,004_0199,4,3
9276,004,004_0199,5,3
9277,004,004_0199,6,3
9278,004,004_0199,7,3
9279,004,004_0199,8,3
9280,004,004_0200,1,2
9281,004,004_0200,2,2
9282,004,004_0200,3,2
9283,004,004_0200,4,2
9284,004,004_0200,5,2
9285,004,004_0200,6,2
9286,004,004_0200,7,2
9287,004,004_0200,8,2
9288,004,004_0201,1,1
9289,004,004_0201,2,1
9290,004,004_0201,3,1
9291,004,004_0201,4,1
9292,004,004_0201,5,1
9293,004,004_0201,6,1
9294,004,004_0201,7,1
9295,004,004_0201,8,1
9296,004,004_0202,1,5
9297,004,004_0202,2,5
9298,004,004_0202,3,5
9299,004,004_0202,4,5
9300,004,004_0202,5,5
9301,004,004_0202,6,5
9302,004,004_0202,7,5
9303,004,004_0202,8,5
9304,004,004_0203,1,4
9305,004,004_0203,2,4
9306,004,004_0203,3,4
9307,004,004_0203,4,4
9308,004,004_0203,5,4
9309,004,004_0203,6,4
9310,004,004_0203,7,4
9311,004,004_0203,8,4
9312,004,004_0204,1,3
9313,004,004_0204,2,3
9314,004,004_0204,3,3
9315,004,004_0204,4,3
9316,004,004_0204,5,3
9317,004,004_0204,6,3
9318,004,004_0204,7,3
9319,004,004_0204,8,3
9320,004,004_0205,1,2
9321,004,004_0205,2,2
9322,004,004_0205,3,2
9323,004,004_0205,4,2
9324,004,004_0205,5,2
9325,004,004_0205,6,2
9326,004,004_0205,7,2
9327,004,004_0205,8,2
9328,004,004_0206,1,1
9329,004,004_0206,2,1
9330,004,004_0206,3,1
9331,004,004_0206,4,1
9332,004,004_0206,5,1
9333,004,004_0206,6,1
9334,004,004_0206,7,1
9335,004,004_0206,8,1
9336,004,004_0207,1,5
9337,004,004_0207,2,5
9338,004,004_0207,3,5
9339,004,004_0207,4,5
9340,004,004_0207,5,5
9341,004,004_0207,6,5
9342,004,004_0207,7,5
9343,004,004_0207,8,5
9344,004,004_0208,1,4
9345,004,004_0208,2,4
9346,004,004_0208,3,4
9347,004,004_0208,4,4
9348,004,004_0208,5,4
9349,004,004_0208,6,4
9350,004,004_0208,7,4
9351,004,004_0208,8,4
9352,004,004_0209,1,3
9353,004,004_0209,2,3
9354,004,004_0209,3,3
9355,004,004_0209,4,3
9356,004,004_0209,5,3
9357,004,004_0209,6,3
9358,004,004_0209,7,3
9359,004,004_0209,8,3
9360,004,004_0210,1,2
9361,004,004_0210,2,2
9362,004,004_0210,3,2
9363,004,004_0210,4,2
9364,004,004_0210,5,2
9365,004,004_0210,6,2
9366,004,004_0210,7,2
9367,004,004_0210,8,2
9368,004,004_0211,1,1
9369,004,004_0211,2,1
9370,004,004_0211,3,1
9371,004,004_0211,4,1
9372,004,004_0211,5,1
9373,004,004_0211,6,1
9374,004,004_0211,7,1
9375,004,004_0211,8,1
9376,004,004_0212,1,5
9377,004,004_0212,2,5
9378,004,004_0212,3,5
9379,004,004_0212,4,5
9380,004,004_0212,5,5
9381,004,004_0212,6,5
9382,004,004_0212,7,5
9383,004,004_0212,8,5
9384,004,004_0213,1,4
9385,004,004_0213,2,4
9386,004,004_0213,3,4
9387,004,004_0213,4,4
9388,004,004_0213,5,4
9389,004,004_0213,6,4
9390,004,004_0213,7,4
9391,004,004_0213,8,4
9392,004,004_0214,1,3
9393,004,004_0214,2,3
9394,004,004_0214,3,3
9395,004,004_0214,4,3
9396,004,004_0214,5,3
9397,004,004_0214,6,3
9398,004,004_0214,7,3
9399,004,004_0214,8,3
9400,004,004_0215,1,2
9401,004,004_0215,2,2
9402,004,004_0215,3,2
9403,004,004_0215,4,2
9404,004,004_0215,5,2
9405,004,004_0215,6,2
9406,004,004_0215,7,2
9407,004,004_0215,8,2
9408,004,004_0216,1,1
9409,004,004_0216,2,1
9410,004,004_0216,3,1
9411,004,004_0216,4,1
9412,004,004_0216,5,1
9413,004,004_0216,6,1
9414,004,004_0216,7,1
9415,004,004_0216,8,1
9416,004,004_0217,1,5
9417,004,004_0217,2,5
9418,004,004_0217,3,5
9419,004,004_0217,4,5
9420,004,004_0217,5,5
9421,004,004_0217,6,5
9422,004,004_0217,7,5
9423,004,004_0217,8,5
9424,004,004_0218,1,4
9425,004,004_0218,2,4
9426,004,004_0218,3,4
9427,004,004_0218,4,4
9428,004,004_0218,5,4
9429,004,004_0218,6,4
9430,004,004_0218,7,4
9431,004,004_0218,8,4
9432,004,004_0219,1,3
9433,004,004_0219,2,3
9434,004,004_0219,3,3
9435,004,004_0219,4,3
9436,004,004_0219,5,3
9437,004,004_0219,6,3
9438,004,004_0219,7,3
9439,004,004_0219,8,3
9440,004,004_0220,1,2
9441,004,004_0220,2,2
9442,004,004_0220,3,2
9443,004,004_0220,4,2
9444,004,004_0220,5,2
9445,004,004_0220,6,2
9446,004,004_0220,7,2
9447,004,004_0220,8,2
9448,004,004_0221,1,1
9449,004,004_0221,2,1
9450,004,004_0221,3,1
9451,004,004_0221,4,1
9452,004,004_0221,5,1
9453,004,004_0221,6,1
9454,004,004_0221,7,1
9455,004,004_0221,8,1
9456,004,004_0222,1,5
9457,004,004_0222,2,5
9458,004,004_0222,3,5
9459,004,004_0222,4,5
9460,004,004_0222,5,5
9461,004,004_0222,6,5
9462,004,004_0222,7,5
9463,004,004_0222,8,5
9464,004,004_0223,1,4
9465,004,004_0223,2,4
9466,004,004_0223,3,4
9467,004,004_0223,4,4
9468,004,004_0223,5,4
9469,004,004_0223,6,4
9470,004,004_0223,7,4
9471,004,004_0223,8,4
9472,004,004_0224,1,3
9473,004,004_0224,2,3
9474,004,004_0224,3,3
9475,004,004_0224,4,3
9476,004,004_0224,5,3
9477,004,004_0224,6,3
9478,004,004_0224,7,3
9479,004,004_0224,8,3
9480,004,004_0225,1,2
9481,004,004_0225,2,2
9482,004,004_0225,3,2
9483,004,004_0225,4,2
9484,004,004_0225,5,2
9485,004,004_0225,6,2
9486,004,004_0225,7,2
9487,004,004_0225,8,2
9488,004,004_0226,1,1
9489,004,004_0226,2,1
9490,004,004_0226,3,1
9491,004,004_0226,4,1
9492,004,004_0226,5,1
9493,004,004_0226,6,1
9494,004,004_0226,7,1
9495,004,004_0226,8,1
9496,004,004_0227,1,5
9497,004,004_0227,2,5
9498,004,004_0227,3,5
9499,004,004_0227,4,5
9500,004,004_0227,5,5
9501,004,004_0227,6,5
9502,004,004_0227,7,5
9503,004,004_0227,8,5
9504,004,004_0228,1,4
9505,004,004_0228,2,4
9506,004,004_0228,3,4
9507,004,004_0228,4,4
9508,004,004_0228,5,4
9509,004,004_0228,6,4
9510,004,004_0228,7,4
9511,004,004_0228,8,4
9512,004,004_0229,1,3
9513,004,004_0229,2,3
9514,004,004_0229,3,3
9515,004,004_0229,4,3
9516,004,004_0229,5,3
9517,004,004_0229,6,3
9518,004,004_0229,7,3
9519,004,004_0229,8,3
9520,004,004_0230,1,2
9521,004,004_0230,2,2
9522,004,004_0230,3,2
9523,004,004_0230,4,2
9524,004,004_0230,5,2
9525,004,004_0230,6,2
9526,004,004_0230,7,2
9527,004,004_0230,8,2
9528,004,004_0231,1,1
9529,004,004_0231,2,1
9530,004,004_0231,3,1
9531,004,004_0231,4,1
9532,004,004_0231,5,1
9533,004,004_0231,6,1
9534,004,004_0231,7,1
9535,004,004_0231,8,1
9536,004,004_0232,1,5
9537,004,004_0232,2,5
9538,004,004_0232,3,5
9539,004,004_0232,4,5
9540,004,004_0232,5,5
9541,004,004_0232,6,5
9542,004,004_0232,7,5
9543,004,004_0232,8,5
9544,004,004_0233,1,4
9545,004,004_0233,2,4
9546,004,004_0233,3,4
9547,004,004_0233,4,4
9548,004,004_0233,5,4
9549,004,004_0233,6,4
9550,004,004_0233,7,4
9551,004,004_0233,8,4
9552,004,004_0234,1,3
9553,004,004_0234,2,3
9554,004,004_0234,3,3
9555,004,004_0234,4,3
9556,004,004_0234,5,3
9557,004,004_0234,6,3
9558,004,004_0234,7,3
9559,004,004_0234,8,3
9560,004,004_0235,1,2
9561,004,004_0235,2,2
9562,004,004_0235,3,2
9563,004,004_0235,4,2
9564,004,004_0235,5,2
9565,004,004_0235,6,2
9566,004,004_0235,7,2
9567,004,004_0235,8,2
9568,004,004_0236,1,1
9569,004,004_0236,2,1
9570,004,004_0236,3,1
9571,004,004_0236,4,1
9572,004,004_0236,5,1
9573,004,004_0236,6,1
9574,004,004_0236,7,1
9575,004,004_0236,8,1
9576,004,004_0237,1,5
9577,004,004_0237,2,5
9578,004,004_0237,3,5
9579,004,004_0237,4,5
9580,004,004_0237,5,5
9581,004,004_0237,6,5
9582,004,004_0237,7,5
9583,004,004_0237,8,5
9584,004,004_0238,1,4
9585,004,004_0238,2,4
9586,004,004_0238,3,4
9587,004,004_0238,4,4
9588,004,004_0238,5,4
9589,004,004_0238,6,4
9590,004,004_0238,7,4
9591,004,004_0238,8,4
9592,004,004_0239,1,3
9593,004,004_0239,2,3
9594,004,004_0239,3,3
9595,004,004_0239,4,3
9596,004,004_0239,5,3
9597,004,004_0239,6,3
9598,004,004_0239,7,3
9599,004,004_0239,8,3
9600,004,004_0240,1,2
9601,004,004_0240,2,2
9602,004,004_0240,3,2
9603,004,004_0240,4,2
9604,004,004_0240,5,2
9605,004,004_0240,6,2
9606,004,004_0240,7,2
9607,004,004_0240,8,2
9608,004,004_0241,1,1
9609,004,004_0241,2,1
9610,004,004_0241,3,1
9611,004,004_0241,4,1
9612,004,004_0241,5,1
9613,004,004_0241,6,1
9614,004,004_0241,7,1
9615,004,004_0241,8,1
9616,004,004_0242,1,5
9617,004,004_0242,2,5
9618,004,004_0242,3,5
9619,004,004_0242,4,5
9620,004,004_0242,5,5
9621,004,004_0242,6,5
9622,004,004_0242,7,5
9623,004,004_0242,8,5
9624,004,004_0243,1,4
9625,004,004_0243,2,4
9626,004,004_0243,3,4
9627,004,004_0243,4,4
9628,004,004_0243,5,4
9629,004,004_0243,6,4
9630,004,004_0243,7,4
9631,004,004_0243,8,4
9632,004,004_0244,1,3
9633,004,004_0244,2,3
9634,004,004_0244,3,3
9635,004,004_0244,4,3
9636,004,004_0244,5,3
9637,004,004_0244,6,3
9638,004,004_0244,7,3
9639,004,004_0244,8,3
9640,004,004_0245,1,2
9641,004,004_0245,2,2
9642,004,004_0245,3,2
9643,004,004_0245,4,2
9644,004,004_0245,5,2
9645,004,004_0245,6,2
9646,004,004_0245,7,2
9647,004,004_0245,8,2
9648,004,004_0246,1,1
9649,004,004_0246,2,1
9650,004,004_0246,3,1
9651,004,004_0246,4,1
9652,004,004_0246,5,1
9653,004,004_0246,6,1
9654,004,004_0246,7,1
9655,004,004_0246,8,1
9656,004,004_0247,1,5
9657,004,004_0247,2,5
9658,004,004_0247,3,5
9659,004,004_0247,4,5
9660,004,004_0247,5,5
9661,004,004_0247,6,5
9662,004,004_0247,7,5
9663,004,004_0247,8,5
9664,004,004_0248,1,4
9665,004,004_0248,2,4
9666,004,004_0248,3,4
9667,004,004_0248,4,4
9668,004,004_0248,5,4
9669,004,004_0248,6,4
9670,004,004_0248,7,4
9671,004,004_0248,8,4
9672,004,004_0249,1,3
9673,004,004_0249,2,3
9674,004,004_0249,3,3
9675,004,004_0249,4,3
9676,004,004_0249,5,3
9677,004,004_0249,6,3
9678,004,004_0249,7,3
9679,004,004_0249,8,3
9680,004,004_0250,1,2
9681,004,004_0250,2,2
9682,004,004_0250,3,2
9683,004,004_0250,4,2
9684,004,004_0250,5,2
9685,004,004_0250,6,2
9686,004,004_0250,7,2
9687,004,004_0250,8,2
9688,004,004_0251,1,1
9689,004,004_0251,2,1
9690,004,004_0251,3,1
9691,004,004_0251,4,1
9692,004,004_0251,5,1
9693,004,004_0251,6,1
9694,004,004_0251,7,1
9695,004,004_0251,8,1
9696,004,004_0252,1,5
9697,004,004_0252,2,5
9698,004,004_0252,3,5
9699,004,004_0252,4,5
9700,004,004_0252,5,5
9701,004,004_0252,6,5
9702,004,004_0252,7,5
9703,004,004_0252,8,5
9704,004,004_0253,1,4
9705,004,004_0253,2,4
9706,004,004_0253,3,4
9707,004,004_0253,4,4
9708,004,004_0253,5,4
9709,004,004_0253,6,4
9710,004,004_0253,7,4
9711,004,004_0253,8,4
9712,004,004_0254,1,3
9713,004,004_0254,2,3
9714,004,004_0254,3,3
9715,004,004_0254,4,3
9716,004,004_0254,5,3
9717,004,004_0254,6,3
9718,004,004_0254,7,3
9719,004,004_0254,8,3
9720,004,004_0255,1,2
9721,004,004_0255,2,2
9722,004,004_0255,3,2
9723,004,004_0255,4,2
9724,004,004_0255,5,2
9725,004,004_0255,6,2
9726,004,004_0255,7,2
9727,004,004_0255,8,2
9728,004,004_0256,1,1
9729,004,004_0256,2,1
9730,004,004_0256,3,1
9731,004,004_0256,4,1
9732,004,004_0256,5,1
9733,004,004_0256,6,1
9734,004,004_0256,7,1
9735,004,004_0256,8,1
9736,004,004_0257,1,5
9737,004,004_0257,2,5
9738,004,004_0257,3,5
9739,004,004_0257,4,5
9740,004,004_0257,5,5
9741,004,004_0257,6,5
9742,004,004_0257,7,5
9743,004,004_0257,8,5
9744,004,004_0258,1,4
9745,004,004_0258,2,4
9746,004,004_0258,3,4
9747,004,004_0258,4,4
9748,004,004_0258,5,4
9749,004,004_0258,6,4
9750,004,004_0258,7,4
9751,004,004_0258,8,4
9752,004,004_0259,1,3
9753,004,004_0259,2,3
9754,004,004_0259,3,3
9755,004,004_0259,4,3
9756,004,004_0259,5,3
9757,004,004_0259,6,3
9758,004,004_0259,7,3
9759,004,004_0259,8,3
9760,004,004_0260,1,2
9761,004,004_0260,2,2
9762,004,004_0260,3,2
9763,004,004_0260,4,2
9764,004,004_0260,5,2
9765,004,004_0260,6,2
9766,004,004_0260,7,2
9767,004,004_0260,8,2
9768,004,004_0261,1,1
9769,004,004_0261,2,1
9770,004,004_0261,3,1
9771,004,004_0261,4,1
9772,004,004_0261,5,1
9773,004,004_0261,6,1
9774,004,004_0261,7,1
9775,004,004_0261,8,1
9776,004,004_0262,1,5
9777,004,004_0262,2,5
9778,004,004_0262,3,5
9779,004,004_0262,4,5
9780,004,004_0262,5,5
9781,004,004_0262,6,5
9782,004,004_0262,7,5
9783,004,004_0262,8,5
9784,004,004_0263,1,4
9785,004,004_0263,2,4
9786,004,004_0263,3,4
9787,004,004_0263,4,4
9788,004,004_0263,5,4
9789,004,004_0263,6,4
9790,004,004_0263,7,4
9791,004,004_0263,8,4
9792,004,004_0264,1,3
9793,004,004_0264,2,3
9794,004,004_0264,3,3
9795,004,004_0264,4,3
9796,004,004_0264,5,3
9797,004,004_0264,6,3
9798,004,004_0264,7,3
9799,004,004_0264,8,3
9800,004,004_0265,1,2
9801,004,004_0265,2,2
9802,004,004_0265,3,2
9803,004,004_0265,4,2
9804,004,004_0265,5,2
9805,004,004_0265,6,2
9806,004,004_0265,7,2
9807,004,004_0265,8,2
9808,004,004_0266,1,1
9809,004,004_0266,2,1
9810,004,004_0266,3,1
9811,004,004_0266,4,1
9812,004,004_0266,5,1
9813,004,004_0266,6,1
9814,004,004_0266,7,1
9815,004,004_0266,8,1
9816,004,004_0267,1,5
9817,004,004_0267,2,5
9818,004,004_0267,3,5
9819,004,004_0267,4,5
9820,004,004_0267,5,5
9821,004,004_0267,6,5
9822,004,004_0267,7,5
9823,004,004_0267,8,5
9824,004,004_0268,1,4
9825,004,004_0268,2,4
9826,004,004_0268,3,4
9827,004,004_0268,4,4
9828,004,004_0268,5,4
9829,004,004_0268,6,4
9830,004,004_0268,7,4
9831,004,004_0268,8,4
9832,004,004_0269,1,3
9833,004,004_0269,2,3
9834,004,004_0269,3,3
9835,004,004_0269,4,3
9836,004,004_0269,5,3
9837,004,004_0269,6,3
9838,004,004_0269,7,3
9839,004,004_0269,8,3
9840,004,004_0270,1,2
9841,004,004_0270,2,2
9842,004,004_0270,3,2
9843,004,004_0270,4,2
9844,004,004_0270,5,2
9845,004,004_0270,6,2
9846,004,004_0270,7,2
9847,004,004_0270,8,2
9848,004,004_0271,1,1
9849,004,004_0271,2,1
9850,004,004_0271,3,1
9851,004,004_0271,4,1
9852,004,004_0271,5,1
9853,004,004_0271,6,1
9854,004,004_0271,7,1
9855,004,004_0271,8,1
9856,004,004_0272,1,5
9857,004,004_0272,2,5
9858,004,004_0272,3,5
9859,004,004_0272,4,5
9860,004,004_0272,5,5
9861,004,004_0272,6,5
9862,004,004_0272,7,5
9863,004,004_0272,8,5
9864,004,004_0273,1,4
9865,004,004_0273,2,4
9866,004,004_0273,3,4
9867,004,004_0273,4,4
9868,004,004_0273,5,4
9869,004,004_0273,6,4
9870,004,004_0273,7,4
9871,004,004_0273,8,4
9872,004,004_0274,1,3
9873,004,004_0274,2,3
9874,004,004_0274,3,3
9875,004,004_0274,4,3
9876,004,004_0274,5,3
9877,004,004_0274,6,3
9878,004,004_0274,7,3
9879,004,004_0274,8,3
9880,004,004_0275,1,2
9881,004,004_0275,2,2
9882,004,004_0275,3,2
9883,004,004_0275,4,2
9884,004,004_0275,5,2
9885,004,004_0275,6,2
9886,004,004_0275,7,2
9887,004,004_0275,8,2
9888,004,004_0276,1,1
9889,004,004_0276,2,1
9890,004,004_0276,3,1
9891,004,004_0276,4,1
9892,004,004_0276,5,1
9893,004,004_0276,6,1
9894,004,004_0276,7,1
9895,004,004_0276,8,1
9896,004,004_0277,1,5
9897,004,004_0277,2,5
9898,004,004_0277,3,5
9899,004,004_0277,4,5
9900,004,004_0277,5,5
9901,004,004_0277,6,5
9902,004,004_0277,7,5
9903,004,004_0277,8,5
9904,004,004_0278,1,4
9905,004,004_0278,2,4
9906,004,004_0278,3,4
9907,004,004_0278,4,4
9908,004,004_0278,5,4
9909,004,004_0278,6,4
9910,004,004_0278,7,4
9911,004,004_0278,8,4
9912,004,004_0279,1,3
9913,004,004_0279,2,3
9914,004,004_0279,3,3
9915,004,004_0279,4,3
9916,004,004_0279,5,3
9917,004,004_0279,6,3
9918,004,004_0279,7,3
9919,004,004_0279,8,3
9920,004,004_0280,1,2
9921,004,004_0280,2,2
9922,004,004_0280,3,2
9923,004,004_0280,4,2
9924,004,004_0280,5,2
9925,004,004_0280,6,2
9926,004,004_0280,7,2
9927,004,004_0280,8,2
9928,004,004_0281,1,1
9929,004,004_0281,2,1
9930,004,004_0281,3,1
9931,004,004_0281,4,1
9932,004,004_0281,5,1
9933,004,004_0281,6,1
9934,004,004_0281,7,1
9935,004,004_0281,8,1
9936,004,004_0282,1,5
9937,004,004_0282,2,5
9938,004,004_0282,3,5
9939,004,004_0282,4,5
9940,004,004_0282,5,5
9941,004,004_0282,6,5
9942,004,004_0282,7,5
9943,004,004_0282,8,5
9944,004,004_0283,1,4
9945,004,004_0283,2,4
9946,004,004_0283,3,4
9947,004,004_0283,4,4
9948,004,004_0283,5,4
9949,004,004_0283,6,4
9950,004,004_0283,7,4
9951,004,004_0283,8,4
9952,004,004_0284,1,3
9953,004,004_0284,2,3
9954,004,004_0284,3,3
9955,004,004_0284,4,3
9956,004,004_0284,5,3
9957,004,004_0284,6,3
9958,004,004_0284,7,3
9959,004,004_0284,8,3
9960,004,004_0285,1,2
9961,004,004_0285,2,2
9962,004,004_0285,3,2
9963,004,004_0285,4,2
9964,004,004_0285,5,2
9965,004,004_0285,6,2
9966,004,004_0285,7,2
9967,004,004_0285,8,2
9968,004,004_0286,1,1
9969,004,004_0286,2,1
9970,004,004_0286,3,1
9971,004,004_0286,4,1
9972,004,004_0286,5,1
9973,004,004_0286,6,1
9974,004,004_0286,7,1
9975,004,004_0286,8,1
9976,004,004_0287,1,5
9977,004,004_0287,2,5
9978,004,004_0287,3,5
9979,004,004_0287,4,5
9980,004,004_0287,5,5
9981,004,004_0287,6,5
9982,004,004_0287,7,5
9983,004,004_0287,8,5
9984,005,005_0001,1,4
9985,005,005_0001,2,4
9986,005,005_0001,3,4
9987,005,005_0001,4,4
9988,005,005_0001,5,4
9989,005,005_0001,6,4
9990,005,005_0001,7,4
9991,005,005_0001,8,4
9992,005,005_0002,1,3
9993,005,005_0002,2,3
9994,005,005_0002,3,3
9995,005,005_0002,4,3
9996,005,005_0002,5,3
9997,005,005_0002,6,3
9998,005,005_0002,7,3
9999,005,005_0002,8,3
10000,005,005_0003,1,2
10001,005,005_0003,2,2
10002,005,005_0003,3,2
10003,005,005_0003,4,2
10004,005,005_0003,5,2
10005,005,005_0003,6,2
10006,005,005_0003,7,2
10007,005,005_0003,8,2
10008,005,005_0004,1,1
10009,005,005_0004,2,1
10010,005,005_0004,3,1
10011,005,005_0004,4,1
10012,005,005_0004,5,1
10013,005,005_0004,6,1
10014,005,005_0004,7,1
10015,005,005_0004,8,1
10016,005,005_0005,1,5
10017,005,005_0005,2,5
10018,005,005_0005,3,5
10019,005,005_0005,4,5
10020,005,005_0005,5,5
10021,005,005_0005,6,5
10022,005,005_0005,7,5
10023,005,005_0005,8,5
10024,005,005_0006,1,4
10025,005,005_0006,2,4
10026,005,005_0006,3,4
10027,005,005_0006,4,4
10028,005,005_0006,5,4
10029,005,005_0006,6,4
10030,005,005_0006,7,4
10031,005,005_0006,8,4
10032,005,005_0007,1,3
10033,005,005_0007,2,3
10034,005,005_0007,3,3
10035,005,005_0007,4,3
10036,005,005_0007,5,3
10037,005,005_0007,6,3
10038,005,005_0007,7,3
10039,005,005_0007,8,3
10040,005,005_0008,1,2
10041,005,005_0008,2,2
10042,005,005_0008,3,2
10043,005,005_0008,4,2
10044,005,005_0008,5,2
10045,005,005_0008,6,2
10046,005,005_0008,7,2
10047,005,005_0008,8,2
10048,005,005_0009,1,1
10049,005,005_0009,2,1
10050,005,005_0009,3,1
10051,005,005_0009,4,1
10052,005,005_0009,5,1
10053,005,005_0009,6,1
10054,005,005_0009,7,1
10055,005,005_0009,8,1
10056,005,005_0010,1,5
10057,005,005_0010,2,5
10058,005,005_0010,3,5
10059,005,005_0010,4,5
10060,005,005_0010,5,5
10061,005,005_0010,6,5
10062,005,005_0010,7,5
10063,005,005_0010,8,5
10064,005,005_0011,1,4
10065,005,005_0011,2,4
10066,005,005_0011,3,4
10067,005,005_0011,4,4
10068,005,005_0011,5,4
10069,005,005_0011,6,4
10070,005,005_0011,7,4
10071,005,005_0011,8,4
10072,005,005_0012,1,3
10073,005,005_0012,2,3
10074,005,005_0012,3,3
10075,005,005_0012,4,3
10076,005,005_0012,5,3
10077,005,005_0012,6,3
10078,005,005_0012,7,3
10079,005,005_0012,8,3
10080,005,005_0013,1,2
10081,005,005_0013,2,2
10082,005,005_0013,3,2
10083,005,005_0013,4,2
10084,005,005_0013,5,2
10085,005,005_0013,6,2
10086,005,005_0013,7,2
10087,005,005_0013,8,2
10088,005,005_0014,1,1
10089,005,005_0014,2,1
10090,005,005_0014,3,1
10091,005,005_0014,4,1
10092,005,005_0014,5,1
10093,005,005_0014,6,1
10094,005,005_0014,7,1
10095,005,005_0014,8,1
10096,005,005_0015,1,5
10097,005,005_0015,2,5
10098,005,005_0015,3,5
10099,005,005_0015,4,5
10100,005,005_0015,5,5
10101,005,005_0015,6,5
10102,005,005_0015,7,5
10103,005,005_0015,8,5
10104,005,005_0016,1,4
10105,005,005_0016,2,4
10106,005,005_0016,3,4
10107,005,005_0016,4,4
10108,005,005_0016,5,4
10109,005,005_0016,6,4
10110,005,005_0016,7,4
10111,005,005_0016,8,4
10112,005,005_0017,1,3
10113,005,005_0017,2,3
10114,005,005_0017,3,3
10115,005,005_0017,4,3
10116,005,005_0017,5,3
10117,005,005_0017,6,3
10118,005,005_0017,7,3
10119,005,005_0017,8,3
10120,005,005_0018,1,2
10121,005,005_0018,2,2
10122,005,005_0018,3,2
10123,005,005_0018,4,2
10124,005,005_0018,5,2
10125,005,005_0018,6,2
10126,005,005_0018,7,2
10127,005,005_0018,8,2
10128,005,005_0019,1,1
10129,005,005_0019,2,1
10130,005,005_0019,3,1
10131,005,005_0019,4,1
10132,005,005_0019,5,1
10133,005,005_0019,6,1
10134,005,005_0019,7,1
10135,005,005_0019,8,1
10136,005,005_0020,1,5
10137,005,005_0020,2,5
10138,005,005_0020,3,5
10139,005,005_0020,4,5
10140,005,005_0020,5,5
10141,005,005_0020,6,5
10142,005,005_0020,7,5
10143,005,005_0020,8,5
10144,005,005_0021,1,4
10145,005,005_0021,2,4
10146,005,005_0021,3,4
10147,005,005_0021,4,4
10148,005,005_0021,5,4
10149,005,005_0021,6,4
10150,005,005_0021,7,4
10151,005,005_0021,8,4
10152,005,005_0022,1,3
10153,005,005_0022,2,3
10154,005,005_0022,3,3
10155,005,005_0022,4,3
10156,005,005_0022,5,3
10157,005,005_0022,6,3
10158,005,005_0022,7,3
10159,005,005_0022,8,3
10160,005,005_0023,1,2
10161,005,005_0023,2,2
10162,005,005_0023,3,2
10163,005,005_0023,4,2
10164,005,005_0023,5,2
10165,005,005_0023,6,2
10166,005,005_0023,7,2
10167,005,005_0023,8,2
10168,005,005_0024,1,1
10169,005,005_0024,2,1
10170,005,005_0024,3,1
10171,005,005_0024,4,1
10172,005,005_0024,5,1
10173,005,005_0024,6,1
10174,005,005_0024,7,1
10175,005,005_0024,8,1
10176,005,005_0025,1,5
10177,005,005_0025,2,5
10178,005,005_0025,3,5
10179,005,005_0025,4,5
10180,005,005_0025,5,5
10181,005,005_0025,6,5
10182,005,005_0025,7,5
10183,005,005_0025,8,5
10184,005,005_0026,1,4
10185,005,005_0026,2,4
10186,005,005_0026,3,4
10187,005,005_0026,4,4
10188,005,005_0026,5,4
10189,005,005_0026,6,4
10190,005,005_0026,7,4
10191,005,005_0026,8,4
10192,005,005_0027,1,3
10193,005,005_0027,2,3
10194,005,005_0027,3,3
10195,005,005_0027,4,3
10196,005,005_0027,5,3
10197,005,005_0027,6,3
10198,005,005_0027,7,3
10199,005,005_0027,8,3
10200,005,005_0028,1,2
10201,005,005_0028,2,2
10202,005,005_0028,3,2
10203,005,005_0028,4,2
10204,005,005_0028,5,2
10205,005,005_0028,6,2
10206,005,005_0028,7,2
10207,005,005_0028,8,2
10208,005,005_0029,1,1
10209,005,005_0029,2,1
10210,005,005_0029,3,1
10211,005,005_0029,4,1
10212,005,005_0029,5,1
10213,005,005_0029,6,1
10214,005,005_0029,7,1
10215,005,005_0029,8,1
10216,005,005_0030,1,5
10217,005,005_0030,2,5
10218,005,005_0030,3,5
10219,005,005_0030,4,5
10220,005,005_0030,5,5
10221,005,005_0030,6,5
10222,005,005_0030,7,5
10223,005,005_0030,8,5
10224,005,005_0031,1,4
10225,005,005_0031,2,4
10226,005,005_0031,3,4
10227,005,005_0031,4,4
10228,005,005_0031,5,4
10229,005,005_0031,6,4
10230,005,005_0031,7,4
10231,005,005_0031,8,4
10232,005,005_0032,1,3
10233,005,005_0032,2,3
10234,005,005_0032,3,3
10235,005,005_0032,4,3
10236,005,005_0032,5,3
10237,005,005_0032,6,3
10238,005,005_0032,7,3
10239,005,005_0032,8,3
10240,005,005_0033,1,2
10241,005,005_0033,2,2
10242,005,005_0033,3,2
10243,005,005_0033,4,2
10244,005,005_0033,5,2
10245,005,005_0033,6,2
10246,005,005_0033,7,2
10247,005,005_0033,8,2
10248,005,005_0034,1,1
10249,005,005_0034,2,1
10250,005,005_0034,3,1
10251,005,005_0034,4,1
10252,005,005_0034,5,1
10253,005,005_0034,6,1
10254,005,005_0034,7,1
10255,005,005_0034,8,1
10256,005,005_0035,1,5
10257,005,005_0035,2,5
10258,005,005_0035,3,5
10259,005,005_0035,4,5
10260,005,005_0035,5,5
10261,005,005_0035,6,5
10262,005,005_0035,7,5
10263,005,005_0035,8,5
10264,005,005_0036,1,4
10265,005,005_0036,2,4
10266,005,005_0036,3,4
10267,005,005_0036,4,4
10268,005,005_0036,5,4
10269,005,005_0036,6,4
10270,005,005_0036,7,4
10271,005,005_0036,8,4
10272,005,005_0037,1,3
10273,005,005_0037,2,3
10274,005,005_0037,3,3
10275,005,005_0037,4,3
10276,005,005_0037,5,3
10277,005,005_0037,6,3
10278,005,005_0037,7,3
10279,005,005_0037,8,3
10280,005,005_0038,1,2
10281,005,005_0038,2,2
10282,005,005_0038,3,2
10283,005,005_0038,4,2
10284,005,005_0038,5,2
10285,005,005_0038,6,2
10286,005,005_0038,7,2
10287,005,005_0038,8,2
10288,005,005_0039,1,1
10289,005,005_0039,2,1
10290,005,005_0039,3,1
10291,005,005_0039,4,1
10292,005,005_0039,5,1
10293,005,005_0039,6,1
10294,005,005_0039,7,1
10295,005,005_0039,8,1
10296,005,005_0040,1,5
10297,005,005_0040,2,5
10298,005,005_0040,3,5
10299,005,005_0040,4,5
10300,005,005_0040,5,5
10301,005,005_0040,6,5
10302,005,005_0040,7,5
10303,005,005_0040,8,5
10304,005,005_0041,1,4
10305,005,005_0041,2,4
10306,005,005_0041,3,4
10307,005,005_0041,4,4
10308,005,005_0041,5,4
10309,005,005_0041,6,4
10310,005,005_0041,7,4
10311,005,005_0041,8,4
10312,005,005_0042,1,3
10313,005,005_0042,2,3
10314,005,005_0042,3,3
10315,005,005_0042,4,3
10316,005,005_0042,5,3
10317,005,005_0042,6,3
10318,005,005_0042,7,3
10319,005,005_0042,8,3
10320,005,005_0043,1,2
10321,005,005_0043,2,2
10322,005,005_0043,3,2
10323,005,005_0043,4,2
10324,005,005_0043,5,2
10325,005,005_0043,6,2
10326,005,005_0043,7,2
10327,005,005_0043,8,2
10328,005,005_0044,1,1
10329,005,005_0044,2,1
10330,005,005_0044,3,1
10331,005,005_0044,4,1
10332,005,005_0044,5,1
10333,005,005_0044,6,1
10334,005,005_0044,7,1
10335,005,005_0044,8,1
10336,005,005_0045,1,5
10337,005,005_0045,2,5
10338,005,005_0045,3,5
10339,005,005_0045,4,5
10340,005,005_0045,5,5
10341,005,005_0045,6,5
10342,005,005_0045,7,5
10343,005,005_0045,8,5
10344,005,005_0046,1,4
10345,005,005_0046,2,4
10346,005,005_0046,3,4
10347,005,005_0046,4,4
10348,005,005_0046,5,4
10349,005,005_0046,6,4
10350,005,005_0046,7,4
10351,005,005_0046,8,4
10352,005,005_0047,1,3
10353,005,005_0047,2,3
10354,005,005_0047,3,3
10355,005,005_0047,4,3
10356,005,005_0047,5,3
10357,005,005_0047,6,3
10358,005,005_0047,7,3
10359,005,005_0047,8,3
10360,005,005_0048,1,2
10361,005,005_0048,2,2
10362,005,005_0048,3,2
10363,005,005_0048,4,2
10364,005,005_0048,5,2
10365,005,005_0048,6,2
10366,005,005_0048,7,2
10367,005,005_0048,8,2
10368,005,005_0049,1,1
10369,005,005_0049,2,1
10370,005,005_0049,3,1
10371,005,005_0049,4,1
10372,005,005_0049,5,1
10373,005,005_0049,6,1
10374,005,005_0049,7,1
10375,005,005_0049,8,1
10376,005,005_0050,1,5
10377,005,005_0050,2,5
10378,005,005_0050,3,5
10379,005,005_0050,4,5
10380,005,005_0050,5,5
10381,005,005_0050,6,5
10382,005,005_0050,7,5
10383,005,005_0050,8,5
10384,005,005_0051,1,4
10385,005,005_0051,2,4
10386,005,005_0051,3,4
10387,005,005_0051,4,4
10388,005,005_0051,5,4
10389,005,005_0051,6,4
10390,005,005_0051,7,4
10391,005,005_0051,8,4
10392,005,005_0052,1,3
10393,005,005_0052,2,3
10394,005,005_0052,3,3
10395,005,005_0052,4,3
10396,005,005_0052,5,3
10397,005,005_0052,6,3
10398,005,005_0052,7,3
10399,005,005_0052,8,3
10400,005,005_0053,1,2
10401,005,005_0053,2,2
10402,005,005_0053,3,2
10403,005,005_0053,4,2
10404,005,005_0053,5,2
10405,005,005_0053,6,2
10406,005,005_0053,7,2
10407,005,005_0053,8,2
10408,005,005_0054,1,1
10409,005,005_0054,2,1
10410,005,005_0054,3,1
10411,005,005_0054,4,1
10412,005,005_0054,5,1
10413,005,005_0054,6,1
10414,005,005_0054,7,1
10415,005,005_0054,8,1
10416,005,005_0055,1,5
10417,005,005_0055,2,5
10418,005,005_0055,3,5
10419,005,005_0055,4,5
10420,005,005_0055,5,5
10421,005,005_0055,6,5
10422,005,005_0055,7,5
10423,005,005_0055,8,5
10424,005,005_0056,1,4
10425,005,005_0056,2,4
10426,005,005_0056,3,4
10427,005,005_0056,4,4
10428,005,005_0056,5,4
10429,005,005_0056,6,4
10430,005,005_0056,7,4
10431,005,005_0056,8,4
10432,005,005_0057,1,3
10433,005,005_0057,2,3
10434,005,005_0057,3,3
10435,005,005_0057,4,3
10436,005,005_0057,5,3
10437,005,005_0057,6,3
10438,005,005_0057,7,3
10439,005,005_0057,8,3
10440,005,005_0058,1,2
10441,005,005_0058,2,2
10442,005,005_0058,3,2
10443,005,005_0058,4,2
10444,005,005_0058,5,2
10445,005,005_0058,6,2
10446,005,005_0058,7,2
10447,005,005_0058,8,2
10448,005,005_0059,1,1
10449,005,005_0059,2,1
10450,005,005_0059,3,1
10451,005,005_0059,4,1
10452,005,005_0059,5,1
10453,005,005_0059,6,1
10454,005,005_0059,7,1
10455,005,005_0059,8,1
10456,005,005_0060,1,5
10457,005,005_0060,2,5
10458,005,005_0060,3,5
10459,005,005_0060,4,5
10460,005,005_0060,5,5
10461,005,005_0060,6,5
10462,005,005_0060,7,5
10463,005,005_0060,8,5
10464,005,005_0061,1,4
10465,005,005_0061,2,4
10466,005,005_0061,3,4
10467,005,005_0061,4,4
10468,005,005_0061,5,4
10469,005,005_0061,6,4
10470,005,005_0061,7,4
10471,005,005_0061,8,4
10472,005,005_0062,1,3
10473,005,005_0062,2,3
10474,005,005_0062,3,3
10475,005,005_0062,4,3
10476,005,005_0062,5,3
10477,005,005_0062,6,3
10478,005,005_0062,7,3
10479,005,005_0062,8,3
10480,005,005_0063,1,2
10481,005,005_0063,2,2
10482,005,005_0063,3,2
10483,005,005_0063,4,2
10484,005,005_0063,5,2
10485,005,005_0063,6,2
10486,005,005_0063,7,2
10487,005,005_0063,8,2
10488,005,005_0064,1,1
10489,005,005_0064,2,1
10490,005,005_0064,3,1
10491,005,005_0064,4,1
10492,005,005_0064,5,1
10493,005,005_0064,6,1
10494,005,005_0064,7,1
10495,005,005_0064,8,1
10496,005,005_0065,1,5
10497,005,005_0065,2,5
10498,005,005_0065,3,5
10499,005,005_0065,4,5
10500,005,005_0065,5,5
10501,005,005_0065,6,5
10502,005,005_0065,7,5
10503,005,005_0065,8,5
10504,005,005_0066,1,4
10505,005,005_0066,2,4
10506,005,005_0066,3,4
10507,005,005_0066,4,4
10508,005,005_0066,5,4
10509,005,005_0066,6,4
10510,005,005_0066,7,4
10511,005,005_0066,8,4
10512,005,005_0067,1,3
10513,005,005_0067,2,3
10514,005,005_0067,3,3
10515,005,005_0067,4,3
10516,005,005_0067,5,3
10517,005,005_0067,6,3
10518,005,005_0067,7,3
10519,005,005_0067,8,3
10520,005,005_0068,1,2
10521,005,005_0068,2,2
10522,005,005_0068,3,2
10523,005,005_0068,4,2
10524,005,005_0068,5,2
10525,005,005_0068,6,2
10526,005,005_0068,7,2
10527,005,005_0068,8,2
10528,005,005_0069,1,1
10529,005,005_0069,2,1
10530,005,005_0069,3,1
10531,005,005_0069,4,1
10532,005,005_0069,5,1
10533,005,005_0069,6,1
10534,005,005_0069,7,1
10535,005,005_0069,8,1
10536,005,005_0070,1,5
10537,005,005_0070,2,5
10538,005,005_0070,3,5
10539,005,005_0070,4,5
10540,005,005_0070,5,5
10541,005,005_0070,6,5
10542,005,005_0070,7,5
10543,005,005_0070,8,5
10544,005,005_0071,1,4
10545,005,005_0071,2,4
10546,005,005_0071,3,4
10547,005,005_0071,4,4
10548,005,005_0071,5,4
10549,005,005_0071,6,4
10550,005,005_0071,7,4
10551,005,005_0071,8,4
10552,005,005_0072,1,3
10553,005,005_0072,2,3
10554,005,005_0072,3,3
10555,005,005_0072,4,3
10556,005,005_0072,5,3
10557,005,005_0072,6,3
10558,005,005_0072,7,3
10559,005,005_0072,8,3
10560,005,005_0073,1,2
10561,005,005_0073,2,2
10562,005,005_0073,3,2
10563,005,005_0073,4,2
10564,005,005_0073,5,2
10565,005,005_0073,6,2
10566,005,005_0073,7,2
10567,005,005_0073,8,2
10568,005,005_0074,1,1
10569,005,005_0074,2,1
10570,005,005_0074,3,1
10571,005,005_0074,4,1
10572,005,005_0074,5,1
10573,005,005_0074,6,1
10574,005,005_0074,7,1
10575,005,005_0074,8,1
10576,005,005_0075,1,5
10577,005,005_0075,2,5
10578,005,005_0075,3,5
10579,005,005_0075,4,5
10580,005,005_0075,5,5
10581,005,005_0075,6,5
10582,005,005_0075,7,5
10583,005,005_0075,8,5
10584,005,005_0076,1,4
10585,005,005_0076,2,4
10586,005,005_0076,3,4
10587,005,005_0076,4,4
10588,005,005_0076,5,4
10589,005,005_0076,6,4
10590,005,005_0076,7,4
10591,005,005_0076,8,4
10592,005,005_0077,1,3
10593,005,005_0077,2,3
10594,005,005_0077,3,3
10595,005,005_0077,4,3
10596,005,005_0077,5,3
10597,005,005_0077,6,3
10598,005,005_0077,7,3
10599,005,005_0077,8,3
10600,005,005_0078,1,2
10601,005,005_0078,2,2
10602,005,005_0078,3,2
10603,005,005_0078,4,2
10604,005,005_0078,5,2
10605,005,005_0078,6,2
10606,005,005_0078,7,2
10607,005,005_0078,8,2
10608,005,005_0079,1,1
10609,005,005_0079,2,1
10610,005,005_0079,3,1
10611,005,005_0079,4,1
10612,005,005_0079,5,1
10613,005,005_0079,6,1
10614,005,005_0079,7,1
10615,005,005_0079,8,1
10616,005,005_0080,1,5
10617,005,005_0080,2,5
10618,005,005_0080,3,5
10619,005,005_0080,4,5
10620,005,005_0080,5,5
10621,005,005_0080,6,5
10622,005,005_0080,7,5
10623,005,005_0080,8,5
10624,005,005_0081,1,4
10625,005,005_0081,2,4
10626,005,005_0081,3,4
10627,005,005_0081,4,4
10628,005,005_0081,5,4
10629,005,005_0081,6,4
10630,005,005_0081,7,4
10631,005,005_0081,8,4
10632,005,005_0082,1,3
10633,005,005_0082,2,3
10634,005,005_0082,3,3
10635,005,005_0082,4,3
10636,005,005_0082,5,3
10637,005,005_0082,6,3
10638,005,005_0082,7,3
10639,005,005_0082,8,3
10640,005,005_0083,1,2
10641,005,005_0083,2,2
10642,005,005_0083,3,2
10643,005,005_0083,4,2
10644,005,005_0083,5,2
10645,005,005_0083,6,2
10646,005,005_0083,7,2
10647,005,005_0083,8,2
10648,005,005_0084,1,1
10649,005,005_0084,2,1
10650,005,005_0084,3,1
10651,005,005_0084,4,1
10652,005,005_0084,5,1
10653,005,005_0084,6,1
10654,005,005_0084,7,1
10655,005,005_0084,8,1
10656,005,005_0085,1,5
10657,005,005_0085,2,5
10658,005,005_0085,3,5
10659,005,005_0085,4,5
10660,005,005_0085,5,5
10661,005,005_0085,6,5
10662,005,005_0085,7,5
10663,005,005_0085,8,5
10664,005,005_0086,1,4
10665,005,005_0086,2,4
10666,005,005_0086,3,4
10667,005,005_0086,4,4
10668,005,005_0086,5,4
10669,005,005_0086,6,4
10670,005,005_0086,7,4
10671,005,005_0086,8,4
10672,005,005_0087,1,3
10673,005,005_0087,2,3
10674,005,005_0087,3,3
10675,005,005_0087,4,3
10676,005,005_0087,5,3
10677,005,005_0087,6,3
10678,005,005_0087,7,3
10679,005,005_0087,8,3
10680,005,005_0088,1,2
10681,005,005_0088,2,2
10682,005,005_0088,3,2
10683,005,005_0088,4,2
10684,005,005_0088,5,2
10685,005,005_0088,6,2
10686,005,005_0088,7,2
10687,005,005_0088,8,2
10688,005,005_0089,1,1
10689,005,005_0089,2,1
10690,005,005_0089,3,1
10691,005,005_0089,4,1
10692,005,005_0089,5,1
10693,005,005_0089,6,1
10694,005,005_0089,7,1
10695,005,005_0089,8,1
10696,005,005_0090,1,5
10697,005,005_0090,2,5
10698,005,005_0090,3,5
10699,005,005_0090,4,5
10700,005,005_0090,5,5
10701,005,005_0090,6,5
10702,005,005_0090,7,5
10703,005,005_0090,8,5
10704,005,005_0091,1,4
10705,005,005_0091,2,4
10706,005,005_0091,3,4
10707,005,005_0091,4,4
10708,005,005_0091,5,4
10709,005,005_0091,6,4
10710,005,005_0091,7,4
10711,005,005_0091,8,4
10712,005,005_0092,1,3
10713,005,005_0092,2,3
10714,005,005_0092,3,3
10715,005,005_0092,4,3
10716,005,005_0092,5,3
10717,005,005_0092,6,3
10718,005,005_0092,7,3
10719,005,005_0092,8,3
10720,005,005_0093,1,2
10721,005,005_0093,2,2
10722,005,005_0093,3,2
10723,005,005_0093,4,2
10724,005,005_0093,5,2
10725,005,005_0093,6,2
10726,005,005_0093,7,2
10727,005,005_0093,8,2
10728,005,005_0094,1,1
10729,005,005_0094,2,1
10730,005,005_0094,3,1
10731,005,005_0094,4,1
10732,005,005_0094,5,1
10733,005,005_0094,6,1
10734,005,005_0094,7,1
10735,005,005_0094,8,1
10736,005,005_0095,1,5
10737,005,005_0095,2,5
10738,005,005_0095,3,5
10739,005,005_0095,4,5
10740,005,005_0095,5,5
10741,005,005_0095,6,5
10742,005,005_0095,7,5
10743,005,005_0095,8,5
10744,005,005_0096,1,4
10745,005,005_0096,2,4
10746,005,005_0096,3,4
10747,005,005_0096,4,4
10748,005,005_0096,5,4
10749,005,005_0096,6,4
10750,005,005_0096,7,4
10751,005,005_0096,8,4
10752,005,005_0097,1,3
10753,005,005_0097,2,3
10754,005,005_0097,3,3
10755,005,005_0097,4,3
10756,005,005_0097,5,3
10757,005,005_0097,6,3
10758,005,005_0097,7,3
10759,005,005_0097,8,3
10760,005,005_0098,1,2
10761,005,005_0098,2,2
10762,005,005_0098,3,2
10763,005,005_0098,4,2
10764,005,005_0098,5,2
10765,005,005_0098,6,2
10766,005,005_0098,7,2
10767,005,005_0098,8,2
10768,005,005_0099,1,1
10769,005,005_0099,2,1
10770,005,005_0099,3,1
10771,005,005_0099,4,1
10772,005,005_0099,5,1
10773,005,005_0099,6,1
10774,005,005_0099,7,1
10775,005,005_0099,8,1
10776,005,005_0100,1,5
10777,005,005_0100,2,5
10778,005,005_0100,3,5
10779,005,005_0100,4,5
10780,005,005_0100,5,5
10781,005,005_0100,6,5
10782,005,005_0100,7,5
10783,005,005_0100,8,5
10784,005,005_0101,1,4
10785,005,005_0101,2,4
10786,005,005_0101,3,4
10787,005,005_0101,4,4
10788,005,005_0101,5,4
10789,005,005_0101,6,4
10790,005,005_0101,7,4
10791,005,005_0101,8,4
10792,005,005_0102,1,3
10793,005,005_0102,2,3
10794,005,005_0102,3,3
10795,005,005_0102,4,3
10796,005,005_0102,5,3
10797,005,005_0102,6,3
10798,005,005_0102,7,3
10799,005,005_0102,8,3
10800,005,005_0103,1,2
10801,005,005_0103,2,2
10802,005,005_0103,3,2
10803,005,005_0103,4,2
10804,005,005_0103,5,2
10805,005,005_0103,6,2
10806,005,005_0103,7,2
10807,005,005_0103,8,2
10808,005,005_0104,1,1
10809,005,005_0104,2,1
10810,005,005_0104,3,1
10811,005,005_0104,4,1
10812,005,005_0104,5,1
10813,005,005_0104,6,1
10814,005,005_0104,7,1
10815,005,005_0104,8,1
10816,005,005_0105,1,5
10817,005,005_0105,2,5
10818,005,005_0105,3,5
10819,005,005_0105,4,5
10820,005,005_0105,5,5
10821,005,005_0105,6,5
10822,005,005_0105,7,5
10823,005,005_0105,8,5
10824,005,005_0106,1,4
10825,005,005_0106,2,4
10826,005,005_0106,3,4
10827,005,005_0106,4,4
10828,005,005_0106,5,4
10829,005,005_0106,6,4
10830,005,005_0106,7,4
10831,005,005_0106,8,4
10832,005,005_0107,1,3
10833,005,005_0107,2,3
10834,005,005_0107,3,3
10835,005,005_0107,4,3
10836,005,005_0107,5,3
10837,005,005_0107,6,3
10838,005,005_0107,7,3
10839,005,005_0107,8,3
10840,005,005_0108,1,2
10841,005,005_0108,2,2
10842,005,005_0108,3,2
10843,005,005_0108,4,2
10844,005,005_0108,5,2
10845,005,005_0108,6,2
10846,005,005_0108,7,2
10847,005,005_0108,8,2
10848,005,005_0109,1,1
10849,005,005_0109,2,1
10850,005,005_0109,3,1
10851,005,005_0109,4,1
10852,005,005_0109,5,1
10853,005,005_0109,6,1
10854,005,005_0109,7,1
10855,005,005_0109,8,1
10856,005,005_0110,1,5
10857,005,005_0110,2,5
10858,005,005_0110,3,5
10859,005,005_0110,4,5
10860,005,005_0110,5,5
10861,005,005_0110,6,5
10862,005,005_0110,7,5
10863,005,005_0110,8,5
10864,005,005_0111,1,4
10865,005,005_0111,2,4
10866,005,005_0111,3,4
10867,005,005_0111,4,4
10868,005,005_0111,5,4
10869,005,005_0111,6,4
10870,005,005_0111,7,4
10871,005,005_0111,8,4
10872,005,005_0112,1,3
10873,005,005_0112,2,3
10874,005,005_0112,3,3
10875,005,005_0112,4,3
10876,005,005_0112,5,3
10877,005,005_0112,6,3
10878,005,005_0112,7,3
10879,005,005_0112,8,3
10880,005,005_0113,1,2
10881,005,005_0113,2,2
10882,005,005_0113,3,2
10883,005,005_0113,4,2
10884,005,005_0113,5,2
10885,005,005_0113,6,2
10886,005,005_0113,7,2
10887,005,005_0113,8,2
10888,005,005_0114,1,1
10889,005,005_0114,2,1
10890,005,005_0114,3,1
10891,005,005_0114,4,1
10892,005,005_0114,5,1
10893,005,005_0114,6,1
10894,005,005_0114,7,1
10895,005,005_0114,8,1
10896,005,005_0115,1,5
10897,005,005_0115,2,5
10898,005,005_0115,3,5
10899,005,005_0115,4,5
10900,005,005_0115,5,5
10901,005,005_0115,6,5
10902,005,005_0115,7,5
10903,005,005_0115,8,5
10904,005,005_0116,1,4
10905,005,005_0116,2,4
10906,005,005_0116,3,4
10907,005,005_0116,4,4
10908,005,005_0116,5,4
10909,005,005_0116,6,4
10910,005,005_0116,7,4
10911,005,005_0116,8,4
10912,005,005_0117,1,3
10913,005,005_0117,2,3
10914,005,005_0117,3,3
10915,005,005_0117,4,3
10916,005,005_0117,5,3
10917,005,005_0117,6,3
10918,005,005_0117,7,3
10919,005,005_0117,8,3
10920,005,005_0118,1,2
10921,005,005_0118,2,2
10922,005,005_0118,3,2
10923,005,005_0118,4,2
10924,005,005_0118,5,2
10925,005,005_0118,6,2
10926,005,005_0118,7,2
10927,005,005_0118,8,2
10928,005,005_0119,1,1
10929,005,005_0119,2,1
10930,005,005_0119,3,1
10931,005,005_0119,4,1
10932,005,005_0119,5,1
10933,005,005_0119,6,1
10934,005,005_0119,7,1
10935,005,005_0119,8,1
10936,005,005_0120,1,5
10937,005,005_0120,2,5
10938,005,005_0120,3,5
10939,005,005_0120,4,5
10940,005,005_0120,5,5
10941,005,005_0120,6,5
10942,005,005_0120,7,5
10943,005,005_0120,8,5
10944,005,005_0121,1,4
10945,005,005_0121,2,4
10946,005,005_0121,3,4
10947,005,005_0121,4,4
10948,005,005_0121,5,4
10949,005,005_0121,6,4
10950,005,005_0121,7,4
10951,005,005_0121,8,4
10952,005,005_0122,1,3
10953,005,005_0122,2,3
10954,005,005_0122,3,3
10955,005,005_0122,4,3
10956,005,005_0122,5,3
10957,005,005_0122,6,3
10958,005,005_0122,7,3
10959,005,005_0122,8,3
10960,005,005_0123,1,2
10961,005,005_0123,2,2
10962,005,005_0123,3,2
10963,005,005_0123,4,2
10964,005,005_0123,5,2
10965,005,005_0123,6,2
10966,005,005_0123,7,2
10967,005,005_0123,8,2
10968,005,005_0124,1,1
10969,005,005_0124,2,1
10970,005,005_0124,3,1
10971,005,005_0124,4,1
10972,005,005_0124,5,1
10973,005,005_0124,6,1
10974,005,005_0124,7,1
10975,005,005_0124,8,1
10976,005,005_0125,1,5
10977,005,005_0125,2,5
10978,005,005_0125,3,5
10979,005,005_0125,4,5
10980,005,005_0125,5,5
10981,005,005_0125,6,5
10982,005,005_0125,7,5
10983,005,005_0125,8,5
10984,005,005_0126,1,4
10985,005,005_0126,2,4
10986,005,005_0126,3,4
10987,005,005_0126,4,4
10988,005,005_0126,5,4
10989,005,005_0126,6,4
10990,005,005_0126,7,4
10991,005,005_0126,8,4
10992,005,005_0127,1,3
10993,005,005_0127,2,3
10994,005,005_0127,3,3
10995,005,005_0127,4,3
10996,005,005_0127,5,3
10997,005,005_0127,6,3
10998,005,005_0127,7,3
10999,005,005_0127,8,3
11000,005,005_0128,1,2
11001,005,005_0128,2,2
11002,005,005_0128,3,2
11003,005,005_0128,4,2
11004,005,005_0128,5,2
11005,005,005_0128,6,2
11006,005,005_0128,7,2
11007,005,005_0128,8,2
11008,005,005_0129,1,1
11009,005,005_0129,2,1
11010,005,005_0129,3,1
11011,005,005_0129,4,1
11012,005,005_0129,5,1
11013,005,005_0129,6,1
11014,005,005_0129,7,1
11015,005,005_0129,8,1
11016,005,005_0130,1,5
11017,005,005_0130,2,5
11018,005,005_0130,3,5
11019,005,005_0130,4,5
11020,005,005_0130,5,5
11021,005,005_0130,6,5
11022,005,005_0130,7,5
11023,005,005_0130,8,5
11024,005,005_0131,1,4
11025,005,005_0131,2,4
11026,005,005_0131,3,4
11027,005,005_0131,4,4
11028,005,005_0131,5,4
11029,005,005_0131,6,4
11030,005,005_0131,7,4
11031,005,005_0131,8,4
11032,005,005_0132,1,3
11033,005,005_0132,2,3
11034,005,005_0132,3,3
11035,005,005_0132,4,3
11036,005,005_0132,5,3
11037,005,005_0132,6,3
11038,005,005_0132,7,3
11039,005,005_0132,8,3
11040,005,005_0133,1,2
11041,005,005_0133,2,2
11042,005,005_0133,3,2
11043,005,005_0133,4,2
11044,005,005_0133,5,2
11045,005,005_0133,6,2
11046,005,005_0133,7,2
11047,005,005_0133,8,2
11048,005,005_0134,1,1
11049,005,005_0134,2,1
11050,005,005_0134,3,1
11051,005,005_0134,4,1
11052,005,005_0134,5,1
11053,005,005_0134,6,1
11054,005,005_0134,7,1
11055,005,005_0134,8,1
11056,005,005_0135,1,5
11057,005,005_0135,2,5
11058,005,005_0135,3,5
11059,005,005_0135,4,5
11060,005,005_0135,5,5
11061,005,005_0135,6,5
11062,005,005_0135,7,5
11063,005,005_0135,8,5
11064,005,005_0136,1,4
11065,005,005_0136,2,4
11066,005,005_0136,3,4
11067,005,005_0136,4,4
11068,005,005_0136,5,4
11069,005,005_0136,6,4
11070,005,005_0136,7,4
11071,005,005_0136,8,4
11072,005,005_0137,1,3
11073,005,005_0137,2,3
11074,005,005_0137,3,3
11075,005,005_0137,4,3
11076,005,005_0137,5,3
11077,005,005_0137,6,3
11078,005,005_0137,7,3
11079,005,005_0137,8,3
11080,005,005_0138,1,2
11081,005,005_0138,2,2
11082,005,005_0138,3,2
11083,005,005_0138,4,2
11084,005,005_0138,5,2
11085,005,005_0138,6,2
11086,005,005_0138,7,2
11087,005,005_0138,8,2
11088,005,005_0139,1,1
11089,005,005_0139,2,1
11090,005,005_0139,3,1
11091,005,005_0139,4,1
11092,005,005_0139,5,1
11093,005,005_0139,6,1
11094,005,005_0139,7,1
11095,005,005_0139,8,1
11096,005,005_0140,1,5
11097,005,005_0140,2,5
11098,005,005_0140,3,5
11099,005,005_0140,4,5
11100,005,005_0140,5,5
11101,005,005_0140,6,5
11102,005,005_0140,7,5
11103,005,005_0140,8,5
11104,005,005_0141,1,4
11105,005,005_0141,2,4
11106,005,005_0141,3,4
11107,005,005_0141,4,4
11108,005,005_0141,5,4
11109,005,005_0141,6,4
11110,005,005_0141,7,4
11111,005,005_0141,8,4
11112,005,005_0142,1,3
11113,005,005_0142,2,3
11114,005,005_0142,3,3
11115,005,005_0142,4,3
11116,005,005_0142,5,3
11117,005,005_0142,6,3
11118,005,005_0142,7,3
11119,005,005_0142,8,3
11120,005,005_0143,1,2
11121,005,005_0143,2,2
11122,005,005_0143,3,2
11123,005,005_0143,4,2
11124,005,005_0143,5,2
11125,005,005_0143,6,2
11126,005,005_0143,7,2
11127,005,005_0143,8,2
11128,005,005_0144,1,1
11129,005,005_0144,2,1
11130,005,005_0144,3,1
11131,005,005_0144,4,1
11132,005,005_0144,5,1
11133,005,005_0144,6,1
11134,005,005_0144,7,1
11135,005,005_0144,8,1
11136,005,005_0145,1,5
11137,005,005_0145,2,5
11138,005,005_0145,3,5
11139,005,005_0145,4,5
11140,005,005_0145,5,5
11141,005,005_0145,6,5
11142,005,005_0145,7,5
11143,005,005_0145,8,5
11144,005,005_0146,1,4
11145,005,005_0146,2,4
11146,005,005_0146,3,4
11147,005,005_0146,4,4
11148,005,005_0146,5,4
11149,005,005_0146,6,4
11150,005,005_0146,7,4
11151,005,005_0146,8,4
11152,005,005_0147,1,3
11153,005,005_0147,2,3
11154,005,005_0147,3,3
11155,005,005_0147,4,3
11156,005,005_0147,5,3
11157,005,005_0147,6,3
11158,005,005_0147,7,3
11159,005,005_0147,8,3
11160,005,005_0148,1,2
11161,005,005_0148,2,2
11162,005,005_0148,3,2
11163,005,005_0148,4,2
11164,005,005_0148,5,2
11165,005,005_0148,6,2
11166,005,005_0148,7,2
11167,005,005_0148,8,2
11168,005,005_0149,1,1
11169,005,005_0149,2,1
11170,005,005_0149,3,1
11171,005,005_0149,4,1
11172,005,005_0149,5,1
11173,005,005_0149,6,1
11174,005,005_0149,7,1
11175,005,005_0149,8,1
11176,005,005_0150,1,5
11177,005,005_0150,2,5
11178,005,005_0150,3,5
11179,005,005_0150,4,5
11180,005,005_0150,5,5
11181,005,005_0150,6,5
11182,005,005_0150,7,5
11183,005,005_0150,8,5
11184,005,005_0151,1,4
11185,005,005_0151,2,4
11186,005,005_0151,3,4
11187,005,005_0151,4,4
11188,005,005_0151,5,4
11189,005,005_0151,6,4
11190,005,005_0151,7,4
11191,005,005_0151,8,4
11192,005,005_0152,1,3
11193,005,005_0152,2,3
11194,005,005_0152,3,3
11195,005,005_0152,4,3
11196,005,005_0152,5,3
11197,005,005_0152,6,3
11198,005,005_0152,7,3
11199,005,005_0152,8,3
11200,005,005_0153,1,2
11201,005,005_0153,2,2
11202,005,005_0153,3,2
11203,005,005_0153,4,2
11204,005,005_0153,5,2
11205,005,005_0153,6,2
11206,005,005_0153,7,2
11207,005,005_0153,8,2
11208,005,005_0154,1,1
11209,005,005_0154,2,1
11210,005,005_0154,3,1
11211,005,005_0154,4,1
11212,005,005_0154,5,1
11213,005,005_0154,6,1
11214,005,005_0154,7,1
11215,005,005_0154,8,1
11216,005,005_0155,1,5
11217,005,005_0155,2,5
11218,005,005_0155,3,5
11219,005,005_0155,4,5
11220,005,005_0155,5,5
11221,005,005_0155,6,5
11222,005,005_0155,7,5
11223,005,005_0155,8,5
11224,005,005_0156,1,4
11225,005,005_0156,2,4
11226,005,005_0156,3,4
11227,005,005_0156,4,4
11228,005,005_0156,5,4
11229,005,005_0156,6,4
11230,005,005_0156,7,4
11231,005,005_0156,8,4
11232,005,005_0157,1,3
11233,005,005_0157,2,3
11234,005,005_0157,3,3
11235,005,005_0157,4,3
11236,005,005_0157,5,3
11237,005,005_0157,6,3
11238,005,005_0157,7,3
11239,005,005_0157,8,3
11240,005,005_0158,1,2
11241,005,005_0158,2,2
11242,005,005_0158,3,2
11243,005,005_0158,4,2
11244,005,005_0158,5,2
11245,005,005_0158,6,2
11246,005,005_0158,7,2
11247,005,005_0158,8,2
11248,005,005_0159,1,1
11249,005,005_0159,2,1
11250,005,005_0159,3,1
11251,005,005_0159,4,1
11252,005,005_0159,5,1
11253,005,005_0159,6,1
11254,005,005_0159,7,1
11255,005,005_0159,8,1
11256,005,005_0160,1,5
11257,005,005_0160,2,5
11258,005,005_0160,3,5
11259,005,005_0160,4,5
11260,005,005_0160,5,5
11261,005,005_0160,6,5
11262,005,005_0160,7,5
11263,005,005_0160,8,5
11264,005,005_0161,1,4
11265,005,005_0161,2,4
11266,005,005_0161,3,4
11267,005,005_0161,4,4
11268,005,005_0161,5,4
11269,005,005_0161,6,4
11270,005,005_0161,7,4
11271,005,005_0161,8,4
11272,005,005_0162,1,3
11273,005,005_0162,2,3
11274,005,005_0162,3,3
11275,005,005_0162,4,3
11276,005,005_0162,5,3
11277,005,005_0162,6,3
11278,005,005_0162,7,3
11279,005,005_0162,8,3
11280,005,005_0163,1,2
11281,005,005_0163,2,2
11282,005,005_0163,3,2
11283,005,005_0163,4,2
11284,005,005_0163,5,2
11285,005,005_0163,6,2
11286,005,005_0163,7,2
11287,005,005_0163,8,2
11288,005,005_0164,1,1
11289,005,005_0164,2,1
11290,005,005_0164,3,1
11291,005,005_0164,4,1
11292,005,005_0164,5,1
11293,005,005_0164,6,1
11294,005,005_0164,7,1
11295,005,005_0164,8,1
11296,005,005_0165,1,5
11297,005,005_0165,2,5
11298,005,005_0165,3,5
11299,005,005_0165,4,5
11300,005,005_0165,5,5
11301,005,005_0165,6,5
11302,005,005_0165,7,5
11303,005,005_0165,8,5
11304,005,005_0166,1,4
11305,005,005_0166,2,4
11306,005,005_0166,3,4
11307,005,005_0166,4,4
11308,005,005_0166,5,4
11309,005,005_0166,6,4
11310,005,005_0166,7,4
11311,005,005_0166,8,4
11312,005,005_0167,1,3
11313,005,005_0167,2,3
11314,005,005_0167,3,3
11315,005,005_0167,4,3
11316,005,005_0167,5,3
11317,005,005_0167,6,3
11318,005,005_0167,7,3
11319,005,005_0167,8,3
11320,005,005_0168,1,2
11321,005,005_0168,2,2
11322,005,005_0168,3,2
11323,005,005_0168,4,2
11324,005,005_0168,5,2
11325,005,005_0168,6,2
11326,005,005_0168,7,2
11327,005,005_0168,8,2
11328,005,005_0169,1,1
11329,005,005_0169,2,1
11330,005,005_0169,3,1
11331,005,005_0169,4,1
11332,005,005_0169,5,1
11333,005,005_0169,6,1
11334,005,005_0169,7,1
11335,005,005_0169,8,1
11336,005,005_0170,1,5
11337,005,005_0170,2,5
11338,005,005_0170,3,5
11339,005,005_0170,4,5
11340,005,005_0170,5,5
11341,005,005_0170,6,5
11342,005,005_0170,7,5
11343,005,005_0170,8,5
11344,005,005_0171,1,4
11345,005,005_0171,2,4
11346,005,005_0171,3,4
11347,005,005_0171,4,4
11348,005,005_0171,5,4
11349,005,005_0171,6,4
11350,005,005_0171,7,4
11351,005,005_0171,8,4
11352,005,005_0172,1,3
11353,005,005_0172,2,3
11354,005,005_0172,3,3
11355,005,005_0172,4,3
11356,005,005_0172,5,3
11357,005,005_0172,6,3
11358,005,005_0172,7,3
11359,005,005_0172,8,3
11360,005,005_0173,1,2
11361,005,005_0173,2,2
11362,005,005_0173,3,2
11363,005,005_0173,4,2
11364,005,005_0173,5,2
11365,005,005_0173,6,2
11366,005,005_0173,7,2
11367,005,005_0173,8,2
11368,005,005_0174,1,1
11369,005,005_0174,2,1
11370,005,005_0174,3,1
11371,005,005_0174,4,1
11372,005,005_0174,5,1
11373,005,005_0174,6,1
11374,005,005_0174,7,1
11375,005,005_0174,8,1
11376,005,005_0175,1,5
11377,005,005_0175,2,5
11378,005,005_0175,3,5
11379,005,005_0175,4,5
11380,005,005_0175,5,5
11381,005,005_0175,6,5
11382,005,005_0175,7,5
11383,005,005_0175,8,5
11384,005,005_0176,1,4
11385,005,005_0176,2,4
11386,005,005_0176,3,4
11387,005,005_0176,4,4
11388,005,005_0176,5,4
11389,005,005_0176,6,4
11390,005,005_0176,7,4
11391,005,005_0176,8,4
11392,005,005_0177,1,3
11393,005,005_0177,2,3
11394,005,005_0177,3,3
11395,005,005_0177,4,3
11396,005,005_0177,5,3
11397,005,005_0177,6,3
11398,005,005_0177,7,3
11399,005,005_0177,8,3
11400,005,005_0178,1,2
11401,005,005_0178,2,2
11402,005,005_0178,3,2
11403,005,005_0178,4,2
11404,005,005_0178,5,2
11405,005,005_0178,6,2
11406,005,005_0178,7,2
11407,005,005_0178,8,2
11408,005,005_0179,1,1
11409,005,005_0179,2,1
11410,005,005_0179,3,1
11411,005,005_0179,4,1
11412,005,005_0179,5,1
11413,005,005_0179,6,1
11414,005,005_0179,7,1
11415,005,005_0179,8,1
11416,005,005_0180,1,5
11417,005,005_0180,2,5
11418,005,005_0180,3,5
11419,005,005_0180,4,5
11420,005,005_0180,5,5
11421,005,005_0180,6,5
11422,005,005_0180,7,5
11423,005,005_0180,8,5
11424,005,005_0181,1,4
11425,005,005_0181,2,4
11426,005,005_0181,3,4
11427,005,005_0181,4,4
11428,005,005_0181,5,4
11429,005,005_0181,6,4
11430,005,005_0181,7,4
11431,005,005_0181,8,4
11432,005,005_0182,1,3
11433,005,005_0182,2,3
11434,005,005_0182,3,3
11435,005,005_0182,4,3
11436,005,005_0182,5,3
11437,005,005_0182,6,3
11438,005,005_0182,7,3
11439,005,005_0182,8,3
11440,005,005_0183,1,2
11441,005,005_0183,2,2
11442,005,005_0183,3,2
11443,005,005_0183,4,2
11444,005,005_0183,5,2
11445,005,005_0183,6,2
11446,005,005_0183,7,2
11447,005,005_0183,8,2
11448,005,005_0184,1,1
11449,005,005_0184,2,1
11450,005,005_0184,3,1
11451,005,005_0184,4,1
11452,005,005_0184,5,1
11453,005,005_0184,6,1
11454,005,005_0184,7,1
11455,005,005_0184,8,1
11456,005,005_0185,1,5
11457,005,005_0185,2,5
11458,005,005_0185,3,5
11459,005,005_0185,4,5
11460,005,005_0185,5,5
11461,005,005_0185,6,5
11462,005,005_0185,7,5
11463,005,005_0185,8,5
11464,005,005_0186,1,4
11465,005,005_0186,2,4
11466,005,005_0186,3,4
11467,005,005_0186,4,4
11468,005,005_0186,5,4
11469,005,005_0186,6,4
11470,005,005_0186,7,4
11471,005,005_0186,8,4
11472,005,005_0187,1,3
11473,005,005_0187,2,3
11474,005,005_0187,3,3
11475,005,005_0187,4,3
11476,005,005_0187,5,3
11477,005,005_0187,6,3
11478,005,005_0187,7,3
11479,005,005_0187,8,3
11480,005,005_0188,1,2
11481,005,005_0188,2,2
11482,005,005_0188,3,2
11483,005,005_0188,4,2
11484,005,005_0188,5,2
11485,005,005_0188,6,2
11486,005,005_0188,7,2
11487,005,005_0188,8,2
11488,005,005_0189,1,1
11489,005,005_0189,2,1
11490,005,005_0189,3,1
11491,005,005_0189,4,1
11492,005,005_0189,5,1
11493,005,005_0189,6,1
11494,005,005_0189,7,1
11495,005,005_0189,8,1
11496,005,005_0190,1,5
11497,005,005_0190,2,5
11498,005,005_0190,3,5
11499,005,005_0190,4,5
11500,005,005_0190,5,5
11501,005,005_0190,6,5
11502,005,005_0190,7,5
11503,005,005_0190,8,5
11504,005,005_0191,1,4
11505,005,005_0191,2,4
11506,005,005_0191,3,4
11507,005,005_0191,4,4
11508,005,005_0191,5,4
11509,005,005_0191,6,4
11510,005,005_0191,7,4
11511,005,005_0191,8,4
11512,005,005_0192,1,3
11513,005,005_0192,2,3
11514,005,005_0192,3,3
11515,005,005_0192,4,3
11516,005,005_0192,5,3
11517,005,005_0192,6,3
11518,005,005_0192,7,3
11519,005,005_0192,8,3
11520,005,005_0193,1,2
11521,005,005_0193,2,2
11522,005,005_0193,3,2
11523,005,005_0193,4,2
11524,005,005_0193,5,2
11525,005,005_0193,6,2
11526,005,005_0193,7,2
11527,005,005_0193,8,2
11528,005,005_0194,1,1
11529,005,005_0194,2,1
11530,005,005_0194,3,1
11531,005,005_0194,4,1
11532,005,005_0194,5,1
11533,005,005_0194,6,1
11534,005,005_0194,7,1
11535,005,005_0194,8,1
11536,005,005_0195,1,5
11537,005,005_0195,2,5
11538,005,005_0195,3,5
11539,005,005_0195,4,5
11540,005,005_0195,5,5
11541,005,005_0195,6,5
11542,005,005_0195,7,5
11543,005,005_0195,8,5
11544,005,005_0196,1,4
11545,005,005_0196,2,4
11546,005,005_0196,3,4
11547,005,005_0196,4,4
11548,005,005_0196,5,4
11549,005,005_0196,6,4
11550,005,005_0196,7,4
11551,005,005_0196,8,4
11552,005,005_0197,1,3
11553,005,005_0197,2,3
11554,005,005_0197,3,3
11555,005,005_0197,4,3
11556,005,005_0197,5,3
11557,005,005_0197,6,3
11558,005,005_0197,7,3
11559,005,005_0197,8,3
11560,005,005_0198,1,2
11561,005,005_0198,2,2
11562,005,005_0198,3,2
11563,005,005_0198,4,2
11564,005,005_0198,5,2
11565,005,005_0198,6,2
11566,005,005_0198,7,2
11567,005,005_0198,8,2
11568,005,005_0199,1,1
11569,005,005_0199,2,1
11570,005,005_0199,3,1
11571,005,005_0199,4,1
11572,005,005_0199,5,1
11573,005,005_0199,6,1
11574,005,005_0199,7,1
11575,005,005_0199,8,1
11576,005,005_0200,1,5
11577,005,005_0200,2,5
11578,005,005_0200,3,5
11579,005,005_0200,4,5
11580,005,005_0200,5,5
11581,005,005_0200,6,5
11582,005,005_0200,7,5
11583,005,005_0200,8,5
11584,005,005_0201,1,4
11585,005,005_0201,2,4
11586,005,005_0201,3,4
11587,005,005_0201,4,4
11588,005,005_0201,5,4
11589,005,005_0201,6,4
11590,005,005_0201,7,4
11591,005,005_0201,8,4
11592,005,005_0202,1,3
11593,005,005_0202,2,3
11594,005,005_0202,3,3
11595,005,005_0202,4,3
11596,005,005_0202,5,3
11597,005,005_0202,6,3
11598,005,005_0202,7,3
11599,005,005_0202,8,3
11600,005,005_0203,1,2
11601,005,005_0203,2,2
11602,005,005_0203,3,2
11603,005,005_0203,4,2
11604,005,005_0203,5,2
11605,005,005_0203,6,2
11606,005,005_0203,7,2
11607,005,005_0203,8,2
11608,005,005_0204,1,1
11609,005,005_0204,2,1
11610,005,005_0204,3,1
11611,005,005_0204,4,1
11612,005,005_0204,5,1
11613,005,005_0204,6,1
11614,005,005_0204,7,1
11615,005,005_0204,8,1
11616,005,005_0205,1,5
11617,005,005_0205,2,5
11618,005,005_0205,3,5
11619,005,005_0205,4,5
11620,005,005_0205,5,5
11621,005,005_0205,6,5
11622,005,005_0205,7,5
11623,005,005_0205,8,5
11624,005,005_0206,1,4
11625,005,005_0206,2,4
11626,005,005_0206,3,4
11627,005,005_0206,4,4
11628,005,005_0206,5,4
11629,005,005_0206,6,4
11630,005,005_0206,7,4
11631,005,005_0206,8,4
11632,005,005_0207,1,3
11633,005,005_0207,2,3
11634,005,005_0207,3,3
11635,005,005_0207,4,3
11636,005,005_0207,5,3
11637,005,005_0207,6,3
11638,005,005_0207,7,3
11639,005,005_0207,8,3
11640,005,005_0208,1,2
11641,005,005_0208,2,2
11642,005,005_0208,3,2
11643,005,005_0208,4,2
11644,005,005_0208,5,2
11645,005,005_0208,6,2
11646,005,005_0208,7,2
11647,005,005_0208,8,2
11648,005,005_0209,1,1
11649,005,005_0209,2,1
11650,005,005_0209,3,1
11651,005,005_0209,4,1
11652,005,005_0209,5,1
11653,005,005_0209,6,1
11654,005,005_0209,7,1
11655,005,005_0209,8,1
11656,005,005_0210,1,5
11657,005,005_0210,2,5
11658,005,005_0210,3,5
11659,005,005_0210,4,5
11660,005,005_0210,5,5
11661,005,005_0210,6,5
11662,005,005_0210,7,5
11663,005,005_0210,8,5
11664,005,005_0211,1,4
11665,005,005_0211,2,4
11666,005,005_0211,3,4
11667,005,005_0211,4,4
11668,005,005_0211,5,4
11669,005,005_0211,6,4
11670,005,005_0211,7,4
11671,005,005_0211,8,4
11672,005,005_0212,1,3
11673,005,005_0212,2,3
11674,005,005_0212,3,3
11675,005,005_0212,4,3
11676,005,005_0212,5,3
11677,005,005_0212,6,3
11678,005,005_0212,7,3
11679,005,005_0212,8,3
11680,005,005_0213,1,2
11681,005,005_0213,2,2
11682,005,005_0213,3,2
11683,005,005_0213,4,2
11684,005,005_0213,5,2
11685,005,005_0213,6,2
11686,005,005_0213,7,2
11687,005,005_0213,8,2
11688,005,005_0214,1,1
11689,005,005_0214,2,1
11690,005,005_0214,3,1
11691,005,005_0214,4,1
11692,005,005_0214,5,1
11693,005,005_0214,6,1
11694,005,005_0214,7,1
11695,005,005_0214,8,1
11696,005,005_0215,1,5
11697,005,005_0215,2,5
11698,005,005_0215,3,5
11699,005,005_0215,4,5
11700,005,005_0215,5,5
11701,005,005_0215,6,5
11702,005,005_0215,7,5
11703,005,005_0215,8,5
11704,005,005_0216,1,4
11705,005,005_0216,2,4
11706,005,005_0216,3,4
11707,005,005_0216,4,4
11708,005,005_0216,5,4
11709,005,005_0216,6,4
11710,005,005_0216,7,4
11711,005,005_0216,8,4
11712,005,005_0217,1,3
11713,005,005_0217,2,3
11714,005,005_0217,3,3
11715,005,005_0217,4,3
11716,005,005_0217,5,3
11717,005,005_0217,6,3
11718,005,005_0217,7,3
11719,005,005_0217,8,3
11720,005,005_0218,1,2
11721,005,005_0218,2,2
11722,005,005_0218,3,2
11723,005,005_0218,4,2
11724,005,005_0218,5,2
11725,005,005_0218,6,2
11726,005,005_0218,7,2
11727,005,005_0218,8,2
11728,005,005_0219,1,1
11729,005,005_0219,2,1
11730,005,005_0219,3,1
11731,005,005_0219,4,1
11732,005,005_0219,5,1
11733,005,005_0219,6,1
11734,005,005_0219,7,1
11735,005,005_0219,8,1
11736,005,005_0220,1,5
11737,005,005_0220,2,5
11738,005,005_0220,3,5
11739,005,005_0220,4,5
11740,005,005_0220,5,5
11741,005,005_0220,6,5
11742,005,005_0220,7,5
11743,005,005_0220,8,5
11744,005,005_0221,1,4
11745,005,005_0221,2,4
11746,005,005_0221,3,4
11747,005,005_0221,4,4
11748,005,005_0221,5,4
11749,005,005_0221,6,4
11750,005,005_0221,7,4
11751,005,005_0221,8,4
11752,005,005_0222,1,3
11753,005,005_0222,2,3
11754,005,005_0222,3,3
11755,005,005_0222,4,3
11756,005,005_0222,5,3
11757,005,005_0222,6,3
11758,005,005_0222,7,3
11759,005,005_0222,8,3
11760,005,005_0223,1,2
11761,005,005_0223,2,2
11762,005,005_0223,3,2
11763,005,005_0223,4,2
11764,005,005_0223,5,2
11765,005,005_0223,6,2
11766,005,005_0223,7,2
11767,005,005_0223,8,2
11768,005,005_0224,1,1
11769,005,005_0224,2,1
11770,005,005_0224,3,1
11771,005,005_0224,4,1
11772,005,005_0224,5,1
11773,005,005_0224,6,1
11774,005,005_0224,7,1
11775,005,005_0224,8,1
11776,005,005_0225,1,5
11777,005,005_0225,2,5
11778,005,005_0225,3,5
11779,005,005_0225,4,5
11780,005,005_0225,5,5
11781,005,005_0225,6,5
11782,005,005_0225,7,5
11783,005,005_0225,8,5
11784,005,005_0226,1,4
11785,005,005_0226,2,4
11786,005,005_0226,3,4
11787,005,005_0226,4,4
11788,005,005_0226,5,4
11789,005,005_0226,6,4
11790,005,005_0226,7,4
11791,005,005_0226,8,4
11792,005,005_0227,1,3
11793,005,005_0227,2,3
11794,005,005_0227,3,3
11795,005,005_0227,4,3
11796,005,005_0227,5,3
11797,005,005_0227,6,3
11798,005,005_0227,7,3
11799,005,005_0227,8,3
11800,005,005_0228,1,2
11801,005,005_0228,2,2
11802,005,005_0228,3,2
11803,005,005_0228,4,2
11804,005,005_0228,5,2
11805,005,005_0228,6,2
11806,005,005_0228,7,2
11807,005,005_0228,8,2
11808,005,005_0229,1,1
11809,005,005_0229,2,1
11810,005,005_0229,3,1
11811,005,005_0229,4,1
11812,005,005_0229,5,1
11813,005,005_0229,6,1
11814,005,005_0229,7,1
11815,005,005_0229,8,1
11816,005,005_0230,1,5
11817,005,005_0230,2,5
11818,005,005_0230,3,5
11819,005,005_0230,4,5
11820,005,005_0230,5,5
11821,005,005_0230,6,5
11822,005,005_0230,7,5
11823,005,005_0230,8,5
11824,005,005_0231,1,4
11825,005,005_0231,2,4
11826,005,005_0231,3,4
11827,005,005_0231,4,4
11828,005,005_0231,5,4
11829,005,005_0231,6,4
11830,005,005_0231,7,4
11831,005,005_0231,8,4
11832,005,005_0232,1,3
11833,005,005_0232,2,3
11834,005,005_0232,3,3
11835,005,005_0232,4,3
11836,005,005_0232,5,3
11837,005,005_0232,6,3
11838,005,005_0232,7,3
11839,005,005_0232,8,3
11840,005,005_0233,1,2
11841,005,005_0233,2,2
11842,005,005_0233,3,2
11843,005,005_0233,4,2
11844,005,005_0233,5,2
11845,005,005_0233,6,2
11846,005,005_0233,7,2
11847,005,005_0233,8,2
11848,005,005_0234,1,1
11849,005,005_0234,2,1
11850,005,005_0234,3,1
11851,005,005_0234,4,1
11852,005,005_0234,5,1
11853,005,005_0234,6,1
11854,005,005_0234,7,1
11855,005,005_0234,8,1
11856,005,005_0235,1,5
11857,005,005_0235,2,5
11858,005,005_0235,3,5
11859,005,005_0235,4,5
11860,005,005_0235,5,5
11861,005,005_0235,6,5
11862,005,005_0235,7,5
11863,005,005_0235,8,5
11864,005,005_0236,1,4
11865,005,005_0236,2,4
11866,005,005_0236,3,4
11867,005,005_0236,4,4
11868,005,005_0236,5,4
11869,005,005_0236,6,4
11870,005,005_0236,7,4
11871,005,005_0236,8,4
11872,005,005_0237,1,3
11873,005,005_0237,2,3
11874,005,005_0237,3,3
11875,005,005_0237,4,3
11876,005,005_0237,5,3
11877,005,005_0237,6,3
11878,005,005_0237,7,3
11879,005,005_0237,8,3
11880,005,005_0238,1,2
11881,005,005_0238,2,2
11882,005,005_0238,3,2
11883,005,005_0238,4,2
11884,005,005_0238,5,2
11885,005,005_0238,6,2
11886,005,005_0238,7,2
11887,005,005_0238,8,2
11888,005,005_0239,1,1
11889,005,005_0239,2,1
11890,005,005_0239,3,1
11891,005,005_0239,4,1
11892,005,005_0239,5,1
11893,005,005_0239,6,1
11894,005,005_0239,7,1
11895,005,005_0239,8,1
11896,005,005_0240,1,5
11897,005,005_0240,2,5
11898,005,005_0240,3,5
11899,005,005_0240,4,5
11900,005,005_0240,5,5
11901,005,005_0240,6,5
11902,005,005_0240,7,5
11903,005,005_0240,8,5
11904,005,005_0241,1,4
11905,005,005_0241,2,4
11906,005,005_0241,3,4
11907,005,005_0241,4,4
11908,005,005_0241,5,4
11909,005,005_0241,6,4
11910,005,005_0241,7,4
11911,005,005_0241,8,4
11912,005,005_0242,1,3
11913,005,005_0242,2,3
11914,005,005_0242,3,3
11915,005,005_0242,4,3
11916,005,005_0242,5,3
11917,005,005_0242,6,3
11918,005,005_0242,7,3
11919,005,005_0242,8,3
11920,005,005_0243,1,2
11921,005,005_0243,2,2
11922,005,005_0243,3,2
11923,005,005_0243,4,2
11924,005,005_0243,5,2
11925,005,005_0243,6,2
11926,005,005_0243,7,2
11927,005,005_0243,8,2
11928,005,005_0244,1,1
11929,005,005_0244,2,1
11930,005,005_0244,3,1
11931,005,005_0244,4,1
11932,005,005_0244,5,1
11933,005,005_0244,6,1
11934,005,005_0244,7,1
11935,005,005_0244,8,1
11936,005,005_0245,1,5
11937,005,005_0245,2,5
11938,005,005_0245,3,5
11939,005,005_0245,4,5
11940,005,005_0245,5,5
11941,005,005_0245,6,5
11942,005,005_0245,7,5
11943,005,005_0245,8,5
11944,005,005_0246,1,4
11945,005,005_0246,2,4
11946,005,005_0246,3,4
11947,005,005_0246,4,4
11948,005,005_0246,5,4
11949,005,005_0246,6,4
11950,005,005_0246,7,4
11951,005,005_0246,8,4
11952,005,005_0247,1,3
11953,005,005_0247,2,3
11954,005,005_0247,3,3
11955,005,005_0247,4,3
11956,005,005_0247,5,3
11957,005,005_0247,6,3
11958,005,005_0247,7,3
11959,005,005_0247,8,3
11960,005,005_0248,1,2
11961,005,005_0248,2,2
11962,005,005_0248,3,2
11963,005,005_0248,4,2
11964,005,005_0248,5,2
11965,005,005_0248,6,2
11966,005,005_0248,7,2
11967,005,005_0248,8,2
11968,005,005_0249,1,1
11969,005,005_0249,2,1
11970,005,005_0249,3,1
11971,005,005_0249,4,1
11972,005,005_0249,5,1
11973,005,005_0249,6,1
11974,005,005_0249,7,1
11975,005,005_0249,8,1
11976,005,005_0250,1,5
11977,005,005_0250,2,5
11978,005,005_0250,3,5
11979,005,005_0250,4,5
11980,005,005_0250,5,5
11981,005,005_0250,6,5
11982,005,005_0250,7,5
11983,005,005_0250,8,5
11984,005,005_0251,1,4
11985,005,005_0251,2,4
11986,005,005_0251,3,4
11987,005,005_0251,4,4
11988,005,005_0251,5,4
11989,005,005_0251,6,4
11990,005,005_0251,7,4
11991,005,005_0251,8,4
11992,005,005_0252,1,3
11993,005,005_0252,2,3
11994,005,005_0252,3,3
11995,005,005_0252,4,3
11996,005,005_0252,5,3
11997,005,005_0252,6,3
11998,005,005_0252,7,3
11999,005,005_0252,8,3
12000,005,005_0253,1,2
12001,005,005_0253,2,2
12002,005,005_0253,3,2
12003,005,005_0253,4,2
12004,005,005_0253,5,2
12005,005,005_0253,6,2
12006,005,005_0253,7,2
12007,005,005_0253,8,2
12008,005,005_0254,1,1
12009,005,005_0254,2,1
12010,005,005_0254,3,1
12011,005,005_0254,4,1
12012,005,005_0254,5,1
12013,005,005_0254,6,1
12014,005,005_0254,7,1
12015,005,005_0254,8,1
12016,005,005_0255,1,5
12017,005,005_0255,2,5
12018,005,005_0255,3,5
12019,005,005_0255,4,5
12020,005,005_0255,5,5
12021,005,005_0255,6,5
12022,005,005_0255,7,5
12023,005,005_0255,8,5
12024,005,005_0256,1,4
12025,005,005_0256,2,4
12026,005,005_0256,3,4
12027,005,005_0256,4,4
12028,005,005_0256,5,4
12029,005,005_0256,6,4
12030,005,005_0256,7,4
12031,005,005_0256,8,4
12032,005,005_0257,1,3
12033,005,005_0257,2,3
12034,005,005_0257,3,3
12035,005,005_0257,4,3
12036,005,005_0257,5,3
12037,005,005_0257,6,3
12038,005,005_0257,7,3
12039,005,005_0257,8,3
12040,005,005_0258,1,2
12041,005,005_0258,2,2
12042,005,005_0258,3,2
12043,005,005_0258,4,2
12044,005,005_0258,5,2
12045,005,005_0258,6,2
12046,005,005_0258,7,2
12047,005,005_0258,8,2
12048,005,005_0259,1,1
12049,005,005_0259,2,1
12050,005,005_0259,3,1
12051,005,005_0259,4,1
12052,005,005_0259,5,1
12053,005,005_0259,6,1
12054,005,005_0259,7,1
12055,005,005_0259,8,1
12056,005,005_0260,1,5
12057,005,005_0260,2,5
12058,005,005_0260,3,5
12059,005,005_0260,4,5
12060,005,005_0260,5,5
12061,005,005_0260,6,5
12062,005,005_0260,7,5
12063,005,005_0260,8,5
12064,005,005_0261,1,4
12065,005,005_0261,2,4
12066,005,005_0261,3,4
12067,005,005_0261,4,4
12068,005,005_0261,5,4
12069,005,005_0261,6,4
12070,005,005_0261,7,4
12071,005,005_0261,8,4
12072,005,005_0262,1,3
12073,005,005_0262,2,3
12074,005,005_0262,3,3
12075,005,005_0262,4,3
12076,005,005_0262,5,3
12077,005,005_0262,6,3
12078,005,005_0262,7,3
12079,005,005_0262,8,3
12080,005,005_0263,1,2
12081,005,005_0263,2,2
12082,005,005_0263,3,2
12083,005,005_0263,4,2
12084,005,005_0263,5,2
12085,005,005_0263,6,2
12086,005,005_0263,7,2
12087,005,005_0263,8,2
12088,005,005_0264,1,1
12089,005,005_0264,2,1
12090,005,005_0264,3,1
12091,005,005_0264,4,1
12092,005,005_0264,5,1
12093,005,005_0264,6,1
12094,005,005_0264,7,1
12095,005,005_0264,8,1
12096,005,005_0265,1,5
12097,005,005_0265,2,5
12098,005,005_0265,3,5
12099,005,005_0265,4,5
12100,005,005_0265,5,5
12101,005,005_0265,6,5
12102,005,005_0265,7,5
12103,005,005_0265,8,5
12104,005,005_0266,1,4
12105,005,005_0266,2,4
12106,005,005_0266,3,4
12107,005,005_0266,4,4
12108,005,005_0266,5,4
12109,005,005_0266,6,4
12110,005,005_0266,7,4
12111,005,005_0266,8,4
12112,005,005_0267,1,3
12113,005,005_0267,2,3
12114,005,005_0267,3,3
12115,005,005_0267,4,3
12116,005,005_0267,5,3
12117,005,005_0267,6,3
12118,005,005_0267,7,3
12119,005,005_0267,8,3
12120,005,005_0268,1,2
12121,005,005_0268,2,2
12122,005,005_0268,3,2
12123,005,005_0268,4,2
12124,005,005_0268,5,2
12125,005,005_0268,6,2
12126,005,005_0268,7,2
12127,005,005_0268,8,2
12128,005,005_0269,1,1
12129,005,005_0269,2,1
12130,005,005_0269,3,1
12131,005,005_0269,4,1
12132,005,005_0269,5,1
12133,005,005_0269,6,1
12134,005,005_0269,7,1
12135,005,005_0269,8,1
12136,005,005_0270,1,5
12137,005,005_0270,2,5
12138,005,005_0270,3,5
12139,005,005_0270,4,5
12140,005,005_0270,5,5
12141,005,005_0270,6,5
12142,005,005_0270,7,5
12143,005,005_0270,8,5
12144,005,005_0271,1,4
12145,005,005_0271,2,4
12146,005,005_0271,3,4
12147,005,005_0271,4,4
12148,005,005_0271,5,4
12149,005,005_0271,6,4
12150,005,005_0271,7,4
12151,005,005_0271,8,4
12152,005,005_0272,1,3
12153,005,005_0272,2,3
12154,005,005_0272,3,3
12155,005,005_0272,4,3
12156,005,005_0272,5,3
12157,005,005_0272,6,3
12158,005,005_0272,7,3
12159,005,005_0272,8,3
12160,005,005_0273,1,2
12161,005,005_0273,2,2
12162,005,005_0273,3,2
12163,005,005_0273,4,2
12164,005,005_0273,5,2
12165,005,005_0273,6,2
12166,005,005_0273,7,2
12167,005,005_0273,8,2
12168,005,005_0274,1,1
12169,005,005_0274,2,1
12170,005,005_0274,3,1
12171,005,005_0274,4,1
12172,005,005_0274,5,1
12173,005,005_0274,6,1
12174,005,005_0274,7,1
12175,005,005_0274,8,1
12176,005,005_0275,1,5
12177,005,005_0275,2,5
12178,005,005_0275,3,5
12179,005,005_0275,4,5
12180,005,005_0275,5,5
12181,005,005_0275,6,5
12182,005,005_0275,7,5
12183,005,005_0275,8,5
12184,005,005_0276,1,4
12185,005,005_0276,2,4
12186,005,005_0276,3,4
12187,005,005_0276,4,4
12188,005,005_0276,5,4
12189,005,005_0276,6,4
12190,005,005_0276,7,4
12191,005,005_0276,8,4
12192,005,005_0277,1,3
12193,005,005_0277,2,3
12194,005,005_0277,3,3
12195,005,005_0277,4,3
12196,005,005_0277,5,3
12197,005,005_0277,6,3
12198,005,005_0277,7,3
12199,005,005_0277,8,3
12200,005,005_0278,1,2
12201,005,005_0278,2,2
12202,005,005_0278,3,2
12203,005,005_0278,4,2
12204,005,005_0278,5,2
12205,005,005_0278,6,2
12206,005,005_0278,7,2
12207,005,005_0278,8,2
12208,005,005_0279,1,1
12209,005,005_0279,2,1
12210,005,005_0279,3,1
12211,005,005_0279,4,1
12212,005,005_0279,5,1
12213,005,005_0279,6,1
12214,005,005_0279,7,1
12215,005,005_0279,8,1
12216,005,005_0280,1,5
12217,005,005_0280,2,5
12218,005,005_0280,3,5
12219,005,005_0280,4,5
12220,005,005_0280,5,5
12221,005,005_0280,6,5
12222,005,005_0280,7,5
12223,005,005_0280,8,5
12224,005,005_0281,1,4
12225,005,005_0281,2,4
12226,005,005_0281,3,4
12227,005,005_0281,4,4
12228,005,005_0281,5,4
12229,005,005_0281,6,4
12230,005,005_0281,7,4
12231,005,005_0281,8,4
12232,005,005_0282,1,3
12233,005,005_0282,2,3
12234,005,005_0282,3,3
12235,005,005_0282,4,3
12236,005,005_0282,5,3
12237,005,005_0282,6,3
12238,005,005_0282,7,3
12239,005,005_0282,8,3
12240,005,005_0283,1,2
12241,005,005_0283,2,2
12242,005,005_0283,3,2
12243,005,005_0283,4,2
12244,005,005_0283,5,2
12245,005,005_0283,6,2
12246,005,005_0283,7,2
12247,005,005_0283,8,2
12248,005,005_0284,1,1
12249,005,005_0284,2,1
12250,005,005_0284,3,1
12251,005,005_0284,4,1
12252,005,005_0284,5,1
12253,005,005_0284,6,1
12254,005,005_0284,7,1
12255,005,005_0284,8,1
12256,005,005_0285,1,5
12257,005,005_0285,2,5
12258,005,005_0285,3,5
12259,005,005_0285,4,5
12260,005,005_0285,5,5
12261,005,005_0285,6,5
12262,005,005_0285,7,5
12263,005,005_0285,8,5
12264,005,005_0286,1,4
12265,005,005_0286,2,4
12266,005,005_0286,3,4
12267,005,005_0286,4,4
12268,005,005_0286,5,4
12269,005,005_0286,6,4
12270,005,005_0286,7,4
12271,005,005_0286,8,4
12272,005,005_0287,1,3
12273,005,005_0287,2,3
12274,005,005_0287,3,3
12275,005,005_0287,4,3
12276,005,005_0287,5,3
12277,005,005_0287,6,3
12278,005,005_0287,7,3
12279,005,005_0287,8,3
12280,005,005_0288,1,2
12281,005,005_0288,2,2
12282,005,005_0288,3,2
12283,005,005_0288,4,2
12284,005,005_0288,5,2
12285,005,005_0288,6,2
12286,005,005_0288,7,2
12287,005,005_0288,8,2
12288,005,005_0289,1,1
12289,005,005_0289,2,1
12290,005,005_0289,3,1
12291,005,005_0289,4,1
12292,005,005_0289,5,1
12293,005,005_0289,6,1
12294,005,005_0289,7,1
12295,005,005_0289,8,1
12296,005,005_0290,1,5
12297,005,005_0290,2,5
12298,005,005_0290,3,5
12299,005,005_0290,4,5
12300,005,005_0290,5,5
12301,005,005_0290,6,5
12302,005,005_0290,7,5
12303,005,005_0290,8,5
12304,005,005_0291,1,4
12305,005,005_0291,2,4
12306,005,005_0291,3,4
12307,005,005_0291,4,4
12308,005,005_0291,5,4
12309,005,005_0291,6,4
12310,005,005_0291,7,4
12311,005,005_0291,8,4
12312,005,005_0292,1,3
12313,005,005_0292,2,3
12314,005,005_0292,3,3
12315,005,005_0292,4,3
12316,005,005_0292,5,3
12317,005,005_0292,6,3
12318,005,005_0292,7,3
12319,005,005_0292,8,3
12320,005,005_0293,1,2
12321,005,005_0293,2,2
12322,005,005_0293,3,2
12323,005,005_0293,4,2
12324,005,005_0293,5,2
12325,005,005_0293,6,2
12326,005,005_0293,7,2
12327,005,005_0293,8,2
12328,006,006_0001,1,1
12329,006,006_0001,2,1
12330,006,006_0001,3,1
12331,006,006_0001,4,1
12332,006,006_0001,5,1
12333,006,006_0001,6,1
12334,006,006_0001,7,1
12335,006,006_0001,8,1
12336,006,006_0002,1,5
12337,006,006_0002,2,5
12338,006,006_0002,3,5
12339,006,006_0002,4,5
12340,006,006_0002,5,5
12341,006,006_0002,6,5
12342,006,006_0002,7,5
12343,006,006_0002,8,5
12344,006,006_0003,1,4
12345,006,006_0003,2,4
12346,006,006_0003,3,4
12347,006,006_0003,4,4
12348,006,006_0003,5,4
12349,006,006_0003,6,4
12350,006,006_0003,7,4
12351,006,006_0003,8,4
12352,006,006_0004,1,3
12353,006,006_0004,2,3
12354,006,006_0004,3,3
12355,006,006_0004,4,3
12356,006,006_0004,5,3
12357,006,006_0004,6,3
12358,006,006_0004,7,3
12359,006,006_0004,8,3
12360,006,006_0005,1,2
12361,006,006_0005,2,2
12362,006,006_0005,3,2
12363,006,006_0005,4,2
12364,006,006_0005,5,2
12365,006,006_0005,6,2
12366,006,006_0005,7,2
12367,006,006_0005,8,2
12368,006,006_0006,1,1
12369,006,006_0006,2,1
12370,006,006_0006,3,1
12371,006,006_0006,4,1
12372,006,006_0006,5,1
12373,006,006_0006,6,1
12374,006,006_0006,7,1
12375,006,006_0006,8,1
12376,006,006_0007,1,5
12377,006,006_0007,2,5
12378,006,006_0007,3,5
12379,006,006_0007,4,5
12380,006,006_0007,5,5
12381,006,006_0007,6,5
12382,006,006_0007,7,5
12383,006,006_0007,8,5
12384,006,006_0008,1,4
12385,006,006_0008,2,4
12386,006,006_0008,3,4
12387,006,006_0008,4,4
12388,006,006_0008,5,4
12389,006,006_0008,6,4
12390,006,006_0008,7,4
12391,006,006_0008,8,4
12392,006,006_0009,1,3
12393,006,006_0009,2,3
12394,006,006_0009,3,3
12395,006,006_0009,4,3
12396,006,006_0009,5,3
12397,006,006_0009,6,3
12398,006,006_0009,7,3
12399,006,006_0009,8,3
12400,006,006_0010,1,2
12401,006,006_0010,2,2
12402,006,006_0010,3,2
12403,006,006_0010,4,2
12404,006,006_0010,5,2
12405,006,006_0010,6,2
12406,006,006_0010,7,2
12407,006,006_0010,8,2
12408,006,006_0011,1,1
12409,006,006_0011,2,1
12410,006,006_0011,3,1
12411,006,006_0011,4,1
12412,006,006_0011,5,1
12413,006,006_0011,6,1
12414,006,006_0011,7,1
12415,006,006_0011,8,1
12416,006,006_0012,1,5
12417,006,006_0012,2,5
12418,006,006_0012,3,5
12419,006,006_0012,4,5
12420,006,006_0012,5,5
12421,006,006_0012,6,5
12422,006,006_0012,7,5
12423,006,006_0012,8,5
12424,006,006_0013,1,4
12425,006,006_0013,2,4
12426,006,006_0013,3,4
12427,006,006_0013,4,4
12428,006,006_0013,5,4
12429,006,006_0013,6,4
12430,006,006_0013,7,4
12431,006,006_0013,8,4
12432,006,006_0014,1,3
12433,006,006_0014,2,3
12434,006,006_0014,3,3
12435,006,006_0014,4,3
12436,006,006_0014,5,3
12437,006,006_0014,6,3
12438,006,006_0014,7,3
12439,006,006_0014,8,3
12440,006,006_0015,1,2
12441,006,006_0015,2,2
12442,006,006_0015,3,2
12443,006,006_0015,4,2
12444,006,006_0015,5,2
12445,006,006_0015,6,2
12446,006,006_0015,7,2
12447,006,006_0015,8,2
12448,006,006_0016,1,1
12449,006,006_0016,2,1
12450,006,006_0016,3,1
12451,006,006_0016,4,1
12452,006,006_0016,5,1
12453,006,006_0016,6,1
12454,006,006_0016,7,1
12455,006,006_0016,8,1
12456,006,006_0017,1,5
12457,006,006_0017,2,5
12458,006,006_0017,3,5
12459,006,006_0017,4,5
12460,006,006_0017,5,5
12461,006,006_0017,6,5
12462,006,006_0017,7,5
12463,006,006_0017,8,5
12464,006,006_0018,1,4
12465,006,006_0018,2,4
12466,006,006_0018,3,4
12467,006,006_0018,4,4
12468,006,006_0018,5,4
12469,006,006_0018,6,4
12470,006,006_0018,7,4
12471,006,006_0018,8,4
12472,006,006_0019,1,3
12473,006,006_0019,2,3
12474,006,006_0019,3,3
12475,006,006_0019,4,3
12476,006,006_0019,5,3
12477,006,006_0019,6,3
12478,006,006_0019,7,3
12479,006,006_0019,8,3
12480,006,006_0020,1,2
12481,006,006_0020,2,2
12482,006,006_0020,3,2
12483,006,006_0020,4,2
12484,006,006_0020,5,2
12485,006,006_0020,6,2
12486,006,006_0020,7,2
12487,006,006_0020,8,2
12488,006,006_0021,1,1
12489,006,006_0021,2,1
12490,006,006_0021,3,1
12491,006,006_0021,4,1
12492,006,006_0021,5,1
12493,006,006_0021,6,1
12494,006,006_0021,7,1
12495,006,006_0021,8,1
12496,006,006_0022,1,5
12497,006,006_0022,2,5
12498,006,006_0022,3,5
12499,006,006_0022,4,5
12500,006,006_0022,5,5
12501,006,006_0022,6,5
12502,006,006_0022,7,5
12503,006,006_0022,8,5
12504,006,006_0023,1,4
12505,006,006_0023,2,4
12506,006,006_0023,3,4
12507,006,006_0023,4,4
12508,006,006_0023,5,4
12509,006,006_0023,6,4
12510,006,006_0023,7,4
12511,006,006_0023,8,4
12512,006,006_0024,1,3
12513,006,006_0024,2,3
12514,006,006_0024,3,3
12515,006,006_0024,4,3
12516,006,006_0024,5,3
12517,006,006_0024,6,3
12518,006,006_0024,7,3
12519,006,006_0024,8,3
12520,006,006_0025,1,2
12521,006,006_0025,2,2
12522,006,006_0025,3,2
12523,006,006_0025,4,2
12524,006,006_0025,5,2
12525,006,006_0025,6,2
12526,006,006_0025,7,2
12527,006,006_0025,8,2
12528,006,006_0026,1,1
12529,006,006_0026,2,1
12530,006,006_0026,3,1
12531,006,006_0026,4,1
12532,006,006_0026,5,1
12533,006,006_0026,6,1
12534,006,006_0026,7,1
12535,006,006_0026,8,1
12536,006,006_0027,1,5
12537,006,006_0027,2,5
12538,006,006_0027,3,5
12539,006,006_0027,4,5
12540,006,006_0027,5,5
12541,006,006_0027,6,5
12542,006,006_0027,7,5
12543,006,006_0027,8,5
12544,006,006_0028,1,4
12545,006,006_0028,2,4
12546,006,006_0028,3,4
12547,006,006_0028,4,4
12548,006,006_0028,5,4
12549,006,006_0028,6,4
12550,006,006_0028,7,4
12551,006,006_0028,8,4
12552,006,006_0029,1,3
12553,006,006_0029,2,3
12554,006,006_0029,3,3
12555,006,006_0029,4,3
12556,006,006_0029,5,3
12557,006,006_0029,6,3
12558,006,006_0029,7,3
12559,006,006_0029,8,3
12560,006,006_0030,1,2
12561,006,006_0030,2,2
12562,006,006_0030,3,2
12563,006,006_0030,4,2
12564,006,006_0030,5,2
12565,006,006_0030,6,2
12566,006,006_0030,7,2
12567,006,006_0030,8,2
12568,006,006_0031,1,1
12569,006,006_0031,2,1
12570,006,006_0031,3,1
12571,006,006_0031,4,1
12572,006,006_0031,5,1
12573,006,006_0031,6,1
12574,006,006_0031,7,1
12575,006,006_0031,8,1
12576,006,006_0032,1,5
12577,006,006_0032,2,5
12578,006,006_0032,3,5
12579,006,006_0032,4,5
12580,006,006_0032,5,5
12581,006,006_0032,6,5
12582,006,006_0032,7,5
12583,006,006_0032,8,5
12584,006,006_0033,1,4
12585,006,006_0033,2,4
12586,006,006_0033,3,4
12587,006,006_0033,4,4
12588,006,006_0033,5,4
12589,006,006_0033,6,4
12590,006,006_0033,7,4
12591,006,006_0033,8,4
12592,006,006_0034,1,3
12593,006,006_0034,2,3
12594,006,006_0034,3,3
12595,006,006_0034,4,3
12596,006,006_0034,5,3
12597,006,006_0034,6,3
12598,006,006_0034,7,3
12599,006,006_0034,8,3
12600,006,006_0035,1,2
12601,006,006_0035,2,2
12602,006,006_0035,3,2
12603,006,006_0035,4,2
12604,006,006_0035,5,2
12605,006,006_0035,6,2
12606,006,006_0035,7,2
12607,006,006_0035,8,2
12608,006,006_0036,1,1
12609,006,006_0036,2,1
12610,006,006_0036,3,1
12611,006,006_0036,4,1
12612,006,006_0036,5,1
12613,006,006_0036,6,1
12614,006,006_0036,7,1
12615,006,006_0036,8,1
12616,006,006_0037,1,5
12617,006,006_0037,2,5
12618,006,006_0037,3,5
12619,006,006_0037,4,5
12620,006,006_0037,5,5
12621,006,006_0037,6,5
12622,006,006_0037,7,5
12623,006,006_0037,8,5
12624,006,006_0038,1,4
12625,006,006_0038,2,4
12626,006,006_0038,3,4
12627,006,006_0038,4,4
12628,006,006_0038,5,4
12629,006,006_0038,6,4
12630,006,006_0038,7,4
12631,006,006_0038,8,4
12632,006,006_0039,1,3
12633,006,006_0039,2,3
12634,006,006_0039,3,3
12635,006,006_0039,4,3
12636,006,006_0039,5,3
12637,006,006_0039,6,3
12638,006,006_0039,7,3
12639,006,006_0039,8,3
12640,006,006_0040,1,2
12641,006,006_0040,2,2
12642,006,006_0040,3,2
12643,006,006_0040,4,2
12644,006,006_0040,5,2
12645,006,006_0040,6,2
12646,006,006_0040,7,2
12647,006,006_0040,8,2
12648,006,006_0041,1,1
12649,006,006_0041,2,1
12650,006,006_0041,3,1
12651,006,006_0041,4,1
12652,006,006_0041,5,1
12653,006,006_0041,6,1
12654,006,006_0041,7,1
12655,006,006_0041,8,1
12656,006,006_0042,1,5
12657,006,006_0042,2,5
12658,006,006_0042,3,5
12659,006,006_0042,4,5
12660,006,006_0042,5,5
12661,006,006_0042,6,5
12662,006,006_0042,7,5
12663,006,006_0042,8,5
12664,006,006_0043,1,4
12665,006,006_0043,2,4
12666,006,006_0043,3,4
12667,006,006_0043,4,4
12668,006,006_0043,5,4
12669,006,006_0043,6,4
12670,006,006_0043,7,4
12671,006,006_0043,8,4
12672,006,006_0044,1,3
12673,006,006_0044,2,3
12674,006,006_0044,3,3
12675,006,006_0044,4,3
12676,006,006_0044,5,3
12677,006,006_0044,6,3
12678,006,006_0044,7,3
12679,006,006_0044,8,3
12680,006,006_0045,1,2
12681,006,006_0045,2,2
12682,006,006_0045,3,2
12683,006,006_0045,4,2
12684,006,006_0045,5,2
12685,006,006_0045,6,2
12686,006,006_0045,7,2
12687,006,006_0045,8,2
12688,006,006_0046,1,1
12689,006,006_0046,2,1
12690,006,006_0046,3,1
12691,006,006_0046,4,1
12692,006,006_0046,5,1
12693,006,006_0046,6,1
12694,006,006_0046,7,1
12695,006,006_0046,8,1
12696,006,006_0047,1,5
12697,006,006_0047,2,5
12698,006,006_0047,3,5
12699,006,006_0047,4,5
12700,006,006_0047,5,5
12701,006,006_0047,6,5
12702,006,006_0047,7,5
12703,006,006_0047,8,5
12704,006,006_0048,1,4
12705,006,006_0048,2,4
12706,006,006_0048,3,4
12707,006,006_0048,4,4
12708,006,006_0048,5,4
12709,006,006_0048,6,4
12710,006,006_0048,7,4
12711,006,006_0048,8,4
12712,006,006_0049,1,3
12713,006,006_0049,2,3
12714,006,006_0049,3,3
12715,006,006_0049,4,3
12716,006,006_0049,5,3
12717,006,006_0049,6,3
12718,006,006_0049,7,3
12719,006,006_0049,8,3
12720,006,006_0050,1,2
12721,006,006_0050,2,2
12722,006,006_0050,3,2
12723,006,006_0050,4,2
12724,006,006_0050,5,2
12725,006,006_0050,6,2
12726,006,006_0050,7,2
12727,006,006_0050,8,2
12728,006,006_0051,1,1
12729,006,006_0051,2,1
12730,006,006_0051,3,1
12731,006,006_0051,4,1
12732,006,006_0051,5,1
12733,006,006_0051,6,1
12734,006,006_0051,7,1
12735,006,006_0051,8,1
12736,006,006_0052,1,5
12737,006,006_0052,2,5
12738,006,006_0052,3,5
12739,006,006_0052,4,5
12740,006,006_0052,5,5
12741,006,006_0052,6,5
12742,006,006_0052,7,5
12743,006,006_0052,8,5
12744,006,006_0053,1,4
12745,006,006_0053,2,4
12746,006,006_0053,3,4
12747,006,006_0053,4,4
12748,006,006_0053,5,4
12749,006,006_0053,6,4
12750,006,006_0053,7,4
12751,006,006_0053,8,4
12752,006,006_0054,1,3
12753,006,006_0054,2,3
12754,006,006_0054,3,3
12755,006,006_0054,4,3
12756,006,006_0054,5,3
12757,006,006_0054,6,3
12758,006,006_0054,7,3
12759,006,006_0054,8,3
12760,006,006_0055,1,2
12761,006,006_0055,2,2
12762,006,006_0055,3,2
12763,006,006_0055,4,2
12764,006,006_0055,5,2
12765,006,006_0055,6,2
12766,006,006_0055,7,2
12767,006,006_0055,8,2
12768,006,006_0056,1,1
12769,006,006_0056,2,1
12770,006,006_0056,3,1
12771,006,006_0056,4,1
12772,006,006_0056,5,1
12773,006,006_0056,6,1
12774,006,006_0056,7,1
12775,006,006_0056,8,1
12776,006,006_0057,1,5
12777,006,006_0057,2,5
12778,006,006_0057,3,5
12779,006,006_0057,4,5
12780,006,006_0057,5,5
12781,006,006_0057,6,5
12782,006,006_0057,7,5
12783,006,006_0057,8,5
12784,006,006_0058,1,4
12785,006,006_0058,2,4
12786,006,006_0058,3,4
12787,006,006_0058,4,4
12788,006,006_0058,5,4
12789,006,006_0058,6,4
12790,006,006_0058,7,4
12791,006,006_0058,8,4
12792,006,006_0059,1,3
12793,006,006_0059,2,3
12794,006,006_0059,3,3
12795,006,006_0059,4,3
12796,006,006_0059,5,3
12797,006,006_0059,6,3
12798,006,006_0059,7,3
12799,006,006_0059,8,3
12800,006,006_0060,1,2
12801,006,006_0060,2,2
12802,006,006_0060,3,2
12803,006,006_0060,4,2
12804,006,006_0060,5,2
12805,006,006_0060,6,2
12806,006,006_0060,7,2
12807,006,006_0060,8,2
12808,006,006_0061,1,1
12809,006,006_0061,2,1
12810,006,006_0061,3,1
12811,006,006_0061,4,1
12812,006,006_0061,5,1
12813,006,006_0061,6,1
12814,006,006_0061,7,1
12815,006,006_0061,8,1
12816,006,006_0062,1,5
12817,006,006_0062,2,5
12818,006,006_0062,3,5
12819,006,006_0062,4,5
12820,006,006_0062,5,5
12821,006,006_0062,6,5
12822,006,006_0062,7,5
12823,006,006_0062,8,5
12824,006,006_0063,1,4
12825,006,006_0063,2,4
12826,006,006_0063,3,4
12827,006,006_0063,4,4
12828,006,006_0063,5,4
12829,006,006_0063,6,4
12830,006,006_0063,7,4
12831,006,006_0063,8,4
12832,006,006_0064,1,3
12833,006,006_0064,2,3
12834,006,006_0064,3,3
12835,006,006_0064,4,3
12836,006,006_0064,5,3
12837,006,006_0064,6,3
12838,006,006_0064,7,3
12839,006,006_0064,8,3
12840,006,006_0065,1,2
12841,006,006_0065,2,2
12842,006,006_0065,3,2
12843,006,006_0065,4,2
12844,006,006_0065,5,2
12845,006,006_0065,6,2
12846,006,006_0065,7,2
12847,006,006_0065,8,2
12848,006,006_0066,1,1
12849,006,006_0066,2,1
12850,006,006_0066,3,1
12851,006,006_0066,4,1
12852,006,006_0066,5,1
12853,006,006_0066,6,1
12854,006,006_0066,7,1
12855,006,006_0066,8,1
12856,006,006_0067,1,5
12857,006,006_0067,2,5
12858,006,006_0067,3,5
12859,006,006_0067,4,5
12860,006,006_0067,5,5
12861,006,006_0067,6,5
12862,006,006_0067,7,5
12863,006,006_0067,8,5
12864,006,006_0068,1,4
12865,006,006_0068,2,4
12866,006,006_0068,3,4
12867,006,006_0068,4,4
12868,006,006_0068,5,4
12869,006,006_0068,6,4
12870,006,006_0068,7,4
12871,006,006_0068,8,4
12872,006,006_0069,1,3
12873,006,006_0069,2,3
12874,006,006_0069,3,3
12875,006,006_0069,4,3
12876,006,006_0069,5,3
12877,006,006_0069,6,3
12878,006,006_0069,7,3
12879,006,006_0069,8,3
12880,006,006_0070,1,2
12881,006,006_0070,2,2
12882,006,006_0070,3,2
12883,006,006_0070,4,2
12884,006,006_0070,5,2
12885,006,006_0070,6,2
12886,006,006_0070,7,2
12887,006,006_0070,8,2
12888,006,006_0071,1,1
12889,006,006_0071,2,1
12890,006,006_0071,3,1
12891,006,006_0071,4,1
12892,006,006_0071,5,1
12893,006,006_0071,6,1
12894,006,006_0071,7,1
12895,006,006_0071,8,1
12896,006,006_0072,1,5
12897,006,006_0072,2,5
12898,006,006_0072,3,5
12899,006,006_0072,4,5
12900,006,006_0072,5,5
12901,006,006_0072,6,5
12902,006,006_0072,7,5
12903,006,006_0072,8,5
12904,006,006_0073,1,4
12905,006,006_0073,2,4
12906,006,006_0073,3,4
12907,006,006_0073,4,4
12908,006,006_0073,5,4
12909,006,006_0073,6,4
12910,006,006_0073,7,4
12911,006,006_0073,8,4
12912,006,006_0074,1,3
12913,006,006_0074,2,3
12914,006,006_0074,3,3
12915,006,006_0074,4,3
12916,006,006_0074,5,3
12917,006,006_0074,6,3
12918,006,006_0074,7,3
12919,006,006_0074,8,3
12920,006,006_0075,1,2
12921,006,006_0075,2,2
12922,006,006_0075,3,2
12923,006,006_0075,4,2
12924,006,006_0075,5,2
12925,006,006_0075,6,2
12926,006,006_0075,7,2
12927,006,006_0075,8,2
12928,006,006_0076,1,1
12929,006,006_0076,2,1
12930,006,006_0076,3,1
12931,006,006_0076,4,1
12932,006,006_0076,5,1
12933,006,006_0076,6,1
12934,006,006_0076,7,1
12935,006,006_0076,8,1
12936,006,006_0077,1,5
12937,006,006_0077,2,5
12938,006,006_0077,3,5
12939,006,006_0077,4,5
12940,006,006_0077,5,5
12941,006,006_0077,6,5
12942,006,006_0077,7,5
12943,006,006_0077,8,5
12944,006,006_0078,1,4
12945,006,006_0078,2,4
12946,006,006_0078,3,4
12947,006,006_0078,4,4
12948,006,006_0078,5,4
12949,006,006_0078,6,4
12950,006,006_0078,7,4
12951,006,006_0078,8,4
12952,006,006_0079,1,3
12953,006,006_0079,2,3
12954,006,006_0079,3,3
12955,006,006_0079,4,3
12956,006,006_0079,5,3
12957,006,006_0079,6,3
12958,006,006_0079,7,3
12959,006,006_0079,8,3
12960,006,006_0080,1,2
12961,006,006_0080,2,2
12962,006,006_0080,3,2
12963,006,006_0080,4,2
12964,006,006_0080,5,2
12965,006,006_0080,6,2
12966,006,006_0080,7,2
12967,006,006_0080,8,2
12968,006,006_0081,1,1
12969,006,006_0081,2,1
12970,006,006_0081,3,1
12971,006,006_0081,4,1
12972,006,006_0081,5,1
12973,006,006_0081,6,1
12974,006,006_0081,7,1
12975,006,006_0081,8,1
12976,006,006_0082,1,5
12977,006,006_0082,2,5
12978,006,006_0082,3,5
12979,006,006_0082,4,5
12980,006,006_0082,5,5
12981,006,006_0082,6,5
12982,006,006_0082,7,5
12983,006,006_0082,8,5
12984,006,006_0083,1,4
12985,006,006_0083,2,4
12986,006,006_0083,3,4
12987,006,006_0083,4,4
12988,006,006_0083,5,4
12989,006,006_0083,6,4
12990,006,006_0083,7,4
12991,006,006_0083,8,4
12992,006,006_0084,1,3
12993,006,006_0084,2,3
12994,006,006_0084,3,3
12995,006,006_0084,4,3
12996,006,006_0084,5,3
12997,006,006_0084,6,3
12998,006,006_0084,7,3
12999,006,006_0084,8,3
13000,006,006_0085,1,2
13001,006,006_0085,2,2
13002,006,006_0085,3,2
13003,006,006_0085,4,2
13004,006,006_0085,5,2
13005,006,006_0085,6,2
13006,006,006_0085,7,2
13007,006,006_0085,8,2
13008,006,006_0086,1,1
13009,006,006_0086,2,1
13010,006,006_0086,3,1
13011,006,006_0086,4,1
13012,006,006_0086,5,1
13013,006,006_0086,6,1
13014,006,006_0086,7,1
13015,006,006_0086,8,1
13016,006,006_0087,1,5
13017,006,006_0087,2,5
13018,006,006_0087,3,5
13019,006,006_0087,4,5
13020,006,006_0087,5,5
13021,006,006_0087,6,5
13022,006,006_0087,7,5
13023,006,006_0087,8,5
13024,006,006_0088,1,4
13025,006,006_0088,2,4
13026,006,006_0088,3,4
13027,006,006_0088,4,4
13028,006,006_0088,5,4
13029,006,006_0088,6,4
13030,006,006_0088,7,4
13031,006,006_0088,8,4
13032,006,006_0089,1,3
13033,006,006_0089,2,3
13034,006,006_0089,3,3
13035,006,006_0089,4,3
13036,006,006_0089,5,3
13037,006,006_0089,6,3
13038,006,006_0089,7,3
13039,006,006_0089,8,3
13040,006,006_0090,1,2
13041,006,006_0090,2,2
13042,006,006_0090,3,2
13043,006,006_0090,4,2
13044,006,006_0090,5,2
13045,006,006_0090,6,2
13046,006,006_0090,7,2
13047,006,006_0090,8,2
13048,006,006_0091,1,1
13049,006,006_0091,2,1
13050,006,006_0091,3,1
13051,006,006_0091,4,1
13052,006,006_0091,5,1
13053,006,006_0091,6,1
13054,006,006_0091,7,1
13055,006,006_0091,8,1
13056,006,006_0092,1,5
13057,006,006_0092,2,5
13058,006,006_0092,3,5
13059,006,006_0092,4,5
13060,006,006_0092,5,5
13061,006,006_0092,6,5
13062,006,006_0092,7,5
13063,006,006_0092,8,5
13064,006,006_0093,1,4
13065,006,006_0093,2,4
13066,006,006_0093,3,4
13067,006,006_0093,4,4
13068,006,006_0093,5,4
13069,006,006_0093,6,4
13070,006,006_0093,7,4
13071,006,006_0093,8,4
13072,006,006_0094,1,3
13073,006,006_0094,2,3
13074,006,006_0094,3,3
13075,006,006_0094,4,3
13076,006,006_0094,5,3
13077,006,006_0094,6,3
13078,006,006_0094,7,3
13079,006,006_0094,8,3
13080,006,006_0095,1,2
13081,006,006_0095,2,2
13082,006,006_0095,3,2
13083,006,006_0095,4,2
13084,006,006_0095,5,2
13085,006,006_0095,6,2
13086,006,006_0095,7,2
13087,006,006_0095,8,2
13088,006,006_0096,1,1
13089,006,006_0096,2,1
13090,006,006_0096,3,1
13091,006,006_0096,4,1
13092,006,006_0096,5,1
13093,006,006_0096,6,1
13094,006,006_0096,7,1
13095,006,006_0096,8,1
13096,006,006_0097,1,5
13097,006,006_0097,2,5
13098,006,006_0097,3,5
13099,006,006_0097,4,5
13100,006,006_0097,5,5
13101,006,006_0097,6,5
13102,006,006_0097,7,5
13103,006,006_0097,8,5
13104,006,006_0098,1,4
13105,006,006_0098,2,4
13106,006,006_0098,3,4
13107,006,006_0098,4,4
13108,006,006_0098,5,4
13109,006,006_0098,6,4
13110,006,006_0098,7,4
13111,006,006_0098,8,4
13112,006,006_0099,1,3
13113,006,006_0099,2,3
13114,006,006_0099,3,3
13115,006,006_0099,4,3
13116,006,006_0099,5,3
13117,006,006_0099,6,3
13118,006,006_0099,7,3
13119,006,006_0099,8,3
13120,006,006_0100,1,2
13121,006,006_0100,2,2
13122,006,006_0100,3,2
13123,006,006_0100,4,2
13124,006,006_0100,5,2
13125,006,006_0100,6,2
13126,006,006_0100,7,2
13127,006,006_0100,8,2
13128,006,006_0101,1,1
13129,006,006_0101,2,1
13130,006,006_0101,3,1
13131,006,006_0101,4,1
13132,006,006_0101,5,1
13133,006,006_0101,6,1
13134,006,006_0101,7,1
13135,006,006_0101,8,1
13136,006,006_0102,1,5
13137,006,006_0102,2,5
13138,006,006_0102,3,5
13139,006,006_0102,4,5
13140,006,006_0102,5,5
13141,006,006_0102,6,5
13142,006,006_0102,7,5
13143,006,006_0102,8,5
13144,006,006_0103,1,4
13145,006,006_0103,2,4
13146,006,006_0103,3,4
13147,006,006_0103,4,4
13148,006,006_0103,5,4
13149,006,006_0103,6,4
13150,006,006_0103,7,4
13151,006,006_0103,8,4
13152,006,006_0104,1,3
13153,006,006_0104,2,3
13154,006,006_0104,3,3
13155,006,006_0104,4,3
13156,006,006_0104,5,3
13157,006,006_0104,6,3
13158,006,006_0104,7,3
13159,006,006_0104,8,3
13160,006,006_0105,1,2
13161,006,006_0105,2,2
13162,006,006_0105,3,2
13163,006,006_0105,4,2
13164,006,006_0105,5,2
13165,006,006_0105,6,2
13166,006,006_0105,7,2
13167,006,006_0105,8,2
13168,006,006_0106,1,1
13169,006,006_0106,2,1
13170,006,006_0106,3,1
13171,006,006_0106,4,1
13172,006,006_0106,5,1
13173,006,006_0106,6,1
13174,006,006_0106,7,1
13175,006,006_0106,8,1
13176,006,006_0107,1,5
13177,006,006_0107,2,5
13178,006,006_0107,3,5
13179,006,006_0107,4,5
13180,006,006_0107,5,5
13181,006,006_0107,6,5
13182,006,006_0107,7,5
13183,006,006_0107,8,5
13184,006,006_0108,1,4
13185,006,006_0108,2,4
13186,006,006_0108,3,4
13187,006,006_0108,4,4
13188,006,006_0108,5,4
13189,006,006_0108,6,4
13190,006,006_0108,7,4
13191,006,006_0108,8,4
13192,006,006_0109,1,3
13193,006,006_0109,2,3
13194,006,006_0109,3,3
13195,006,006_0109,4,3
13196,006,006_0109,5,3
13197,006,006_0109,6,3
13198,006,006_0109,7,3
13199,006,006_0109,8,3
13200,006,006_0110,1,2
13201,006,006_0110,2,2
13202,006,006_0110,3,2
13203,006,006_0110,4,2
13204,006,006_0110,5,2
13205,006,006_0110,6,2
13206,006,006_0110,7,2
13207,006,006_0110,8,2
13208,006,006_0111,1,1
13209,006,006_0111,2,1
13210,006,006_0111,3,1
13211,006,006_0111,4,1
13212,006,006_0111,5,1
13213,006,006_0111,6,1
13214,006,006_0111,7,1
13215,006,006_0111,8,1
13216,006,006_0112,1,5
13217,006,006_0112,2,5
13218,006,006_0112,3,5
13219,006,006_0112,4,5
13220,006,006_0112,5,5
13221,006,006_0112,6,5
13222,006,006_0112,7,5
13223,006,006_0112,8,5
13224,006,006_0113,1,4
13225,006,006_0113,2,4
13226,006,006_0113,3,4
13227,006,006_0113,4,4
13228,006,006_0113,5,4
13229,006,006_0113,6,4
13230,006,006_0113,7,4
13231,006,006_0113,8,4
13232,006,006_0114,1,3
13233,006,006_0114,2,3
13234,006,006_0114,3,3
13235,006,006_0114,4,3
13236,006,006_0114,5,3
13237,006,006_0114,6,3
13238,006,006_0114,7,3
13239,006,006_0114,8,3
13240,006,006_0115,1,2
13241,006,006_0115,2,2
13242,006,006_0115,3,2
13243,006,006_0115,4,2
13244,006,006_0115,5,2
13245,006,006_0115,6,2
13246,006,006_0115,7,2
13247,006,006_0115,8,2
13248,006,006_0116,1,1
13249,006,006_0116,2,1
13250,006,006_0116,3,1
13251,006,006_0116,4,1
13252,006,006_0116,5,1
13253,006,006_0116,6,1
13254,006,006_0116,7,1
13255,006,006_0116,8,1
13256,006,006_0117,1,5
13257,006,006_0117,2,5
13258,006,006_0117,3,5
13259,006,006_0117,4,5
13260,006,006_0117,5,5
13261,006,006_0117,6,5
13262,006,006_0117,7,5
13263,006,006_0117,8,5
13264,006,006_0118,1,4
13265,006,006_0118,2,4
13266,006,006_0118,3,4
13267,006,006_0118,4,4
13268,006,006_0118,5,4
13269,006,006_0118,6,4
13270,006,006_0118,7,4
13271,006,006_0118,8,4
13272,006,006_0119,1,3
13273,006,006_0119,2,3
13274,006,006_0119,3,3
13275,006,006_0119,4,3
13276,006,006_0119,5,3
13277,006,006_0119,6,3
13278,006,006_0119,7,3
13279,006,006_0119,8,3
13280,006,006_0120,1,2
13281,006,006_0120,2,2
13282,006,006_0120,3,2
13283,006,006_0120,4,2
13284,006,006_0120,5,2
13285,006,006_0120,6,2
13286,006,006_0120,7,2
13287,006,006_0120,8,2
13288,006,006_0121,1,1
13289,006,006_0121,2,1
13290,006,006_0121,3,1
13291,006,006_0121,4,1
13292,006,006_0121,5,1
13293,006,006_0121,6,1
13294,006,006_0121,7,1
13295,006,006_0121,8,1
13296,006,006_0122,1,5
13297,006,006_0122,2,5
13298,006,006_0122,3,5
13299,006,006_0122,4,5
13300,006,006_0122,5,5
13301,006,006_0122,6,5
13302,006,006_0122,7,5
13303,006,006_0122,8,5
13304,006,006_0123,1,4
13305,006,006_0123,2,4
13306,006,006_0123,3,4
13307,006,006_0123,4,4
13308,006,006_0123,5,4
13309,006,006_0123,6,4
13310,006,006_0123,7,4
13311,006,006_0123,8,4
13312,006,006_0124,1,3
13313,006,006_0124,2,3
13314,006,006_0124,3,3
13315,006,006_0124,4,3
13316,006,006_0124,5,3
13317,006,006_0124,6,3
13318,006,006_0124,7,3
13319,006,006_0124,8,3
13320,006,006_0125,1,2
13321,006,006_0125,2,2
13322,006,006_0125,3,2
13323,006,006_0125,4,2
13324,006,006_0125,5,2
13325,006,006_0125,6,2
13326,006,006_0125,7,2
13327,006,006_0125,8,2
13328,006,006_0126,1,1
13329,006,006_0126,2,1
13330,006,006_0126,3,1
13331,006,006_0126,4,1
13332,006,006_0126,5,1
13333,006,006_0126,6,1
13334,006,006_0126,7,1
13335,006,006_0126,8,1
13336,006,006_0127,1,5
13337,006,006_0127,2,5
13338,006,006_0127,3,5
13339,006,006_0127,4,5
13340,006,006_0127,5,5
13341,006,006_0127,6,5
13342,006,006_0127,7,5
13343,006,006_0127,8,5
13344,006,006_0128,1,4
13345,006,006_0128,2,4
13346,006,006_0128,3,4
13347,006,006_0128,4,4
13348,006,006_0128,5,4
13349,006,006_0128,6,4
13350,006,006_0128,7,4
13351,006,006_0128,8,4
13352,006,006_0129,1,3
13353,006,006_0129,2,3
13354,006,006_0129,3,3
13355,006,006_0129,4,3
13356,006,006_0129,5,3
13357,006,006_0129,6,3
13358,006,006_0129,7,3
13359,006,006_0129,8,3
13360,006,006_0130,1,2
13361,006,006_0130,2,2
13362,006,006_0130,3,2
13363,006,006_0130,4,2
13364,006,006_0130,5,2
13365,006,006_0130,6,2
13366,006,006_0130,7,2
13367,006,006_0130,8,2
13368,006,006_0131,1,1
13369,006,006_0131,2,1
13370,006,006_0131,3,1
13371,006,006_0131,4,1
13372,006,006_0131,5,1
13373,006,006_0131,6,1
13374,006,006_0131,7,1
13375,006,006_0131,8,1
13376,006,006_0132,1,5
13377,006,006_0132,2,5
13378,006,006_0132,3,5
13379,006,006_0132,4,5
13380,006,006_0132,5,5
13381,006,006_0132,6,5
13382,006,006_0132,7,5
13383,006,006_0132,8,5
13384,006,006_0133,1,4
13385,006,006_0133,2,4
13386,006,006_0133,3,4
13387,006,006_0133,4,4
13388,006,006_0133,5,4
13389,006,006_0133,6,4
13390,006,006_0133,7,4
13391,006,006_0133,8,4
13392,006,006_0134,1,3
13393,006,006_0134,2,3
13394,006,006_0134,3,3
13395,006,006_0134,4,3
13396,006,006_0134,5,3
13397,006,006_0134,6,3
13398,006,006_0134,7,3
13399,006,006_0134,8,3
13400,006,006_0135,1,2
13401,006,006_0135,2,2
13402,006,006_0135,3,2
13403,006,006_0135,4,2
13404,006,006_0135,5,2
13405,006,006_0135,6,2
13406,006,006_0135,7,2
13407,006,006_0135,8,2
13408,006,006_0136,1,1
13409,006,006_0136,2,1
13410,006,006_0136,3,1
13411,006,006_0136,4,1
13412,006,006_0136,5,1
13413,006,006_0136,6,1
13414,006,006_0136,7,1
13415,006,006_0136,8,1
13416,006,006_0137,1,5
13417,006,006_0137,2,5
13418,006,006_0137,3,5
13419,006,006_0137,4,5
13420,006,006_0137,5,5
13421,006,006_0137,6,5
13422,006,006_0137,7,5
13423,006,006_0137,8,5
13424,006,006_0138,1,4
13425,006,006_0138,2,4
13426,006,006_0138,3,4
13427,006,006_0138,4,4
13428,006,006_0138,5,4
13429,006,006_0138,6,4
13430,006,006_0138,7,4
13431,006,006_0138,8,4
13432,006,006_0139,1,3
13433,006,006_0139,2,3
13434,006,006_0139,3,3
13435,006,006_0139,4,3
13436,006,006_0139,5,3
13437,006,006_0139,6,3
13438,006,006_0139,7,3
13439,006,006_0139,8,3
13440,006,006_0140,1,2
13441,006,006_0140,2,2
13442,006,006_0140,3,2
13443,006,006_0140,4,2
13444,006,006_0140,5,2
13445,006,006_0140,6,2
13446,006,006_0140,7,2
13447,006,006_0140,8,2
13448,006,006_0141,1,1
13449,006,006_0141,2,1
13450,006,006_0141,3,1
13451,006,006_0141,4,1
13452,006,006_0141,5,1
13453,006,006_0141,6,1
13454,006,006_0141,7,1
13455,006,006_0141,8,1
13456,006,006_0142,1,5
13457,006,006_0142,2,5
13458,006,006_0142,3,5
13459,006,006_0142,4,5
13460,006,006_0142,5,5
13461,006,006_0142,6,5
13462,006,006_0142,7,5
13463,006,006_0142,8,5
13464,006,006_0143,1,4
13465,006,006_0143,2,4
13466,006,006_0143,3,4
13467,006,006_0143,4,4
13468,006,006_0143,5,4
13469,006,006_0143,6,4
13470,006,006_0143,7,4
13471,006,006_0143,8,4
13472,006,006_0144,1,3
13473,006,006_0144,2,3
13474,006,006_0144,3,3
13475,006,006_0144,4,3
13476,006,006_0144,5,3
13477,006,006_0144,6,3
13478,006,006_0144,7,3
13479,006,006_0144,8,3
13480,006,006_0145,1,2
13481,006,006_0145,2,2
13482,006,006_0145,3,2
13483,006,006_0145,4,2
13484,006,006_0145,5,2
13485,006,006_0145,6,2
13486,006,006_0145,7,2
13487,006,006_0145,8,2
13488,006,006_0146,1,1
13489,006,006_0146,2,1
13490,006,006_0146,3,1
13491,006,006_0146,4,1
13492,006,006_0146,5,1
13493,006,006_0146,6,1
13494,006,006_0146,7,1
13495,006,006_0146,8,1
13496,006,006_0147,1,5
13497,006,006_0147,2,5
13498,006,006_0147,3,5
13499,006,006_0147,4,5
13500,006,006_0147,5,5
13501,006,006_0147,6,5
13502,006,006_0147,7,5
13503,006,006_0147,8,5
13504,006,006_0148,1,4
13505,006,006_0148,2,4
13506,006,006_0148,3,4
13507,006,006_0148,4,4
13508,006,006_0148,5,4
13509,006,006_0148,6,4
13510,006,006_0148,7,4
13511,006,006_0148,8,4
13512,006,006_0149,1,3
13513,006,006_0149,2,3
13514,006,006_0149,3,3
13515,006,006_0149,4,3
13516,006,006_0149,5,3
13517,006,006_0149,6,3
13518,006,006_0149,7,3
13519,006,006_0149,8,3
13520,006,006_0150,1,2
13521,006,006_0150,2,2
13522,006,006_0150,3,2
13523,006,006_0150,4,2
13524,006,006_0150,5,2
13525,006,006_0150,6,2
13526,006,006_0150,7,2
13527,006,006_0150,8,2
13528,006,006_0151,1,1
13529,006,006_0151,2,1
13530,006,006_0151,3,1
13531,006,006_0151,4,1
13532,006,006_0151,5,1
13533,006,006_0151,6,1
13534,006,006_0151,7,1
13535,006,006_0151,8,1
13536,006,006_0152,1,5
13537,006,006_0152,2,5
13538,006,006_0152,3,5
13539,006,006_0152,4,5
13540,006,006_0152,5,5
13541,006,006_0152,6,5
13542,006,006_0152,7,5
13543,006,006_0152,8,5
13544,006,006_0153,1,4
13545,006,006_0153,2,4
13546,006,006_0153,3,4
13547,006,006_0153,4,4
13548,006,006_0153,5,4
13549,006,006_0153,6,4
13550,006,006_0153,7,4
13551,006,006_0153,8,4
13552,006,006_0154,1,3
13553,006,006_0154,2,3
13554,006,006_0154,3,3
13555,006,006_0154,4,3
13556,006,006_0154,5,3
13557,006,006_0154,6,3
13558,006,006_0154,7,3
13559,006,006_0154,8,3
13560,006,006_0155,1,2
13561,006,006_0155,2,2
13562,006,006_0155,3,2
13563,006,006_0155,4,2
13564,006,006_0155,5,2
13565,006,006_0155,6,2
13566,006,006_0155,7,2
13567,006,006_0155,8,2
13568,006,006_0156,1,1
13569,006,006_0156,2,1
13570,006,006_0156,3,1
13571,006,006_0156,4,1
13572,006,006_0156,5,1
13573,006,006_0156,6,1
13574,006,006_0156,7,1
13575,006,006_0156,8,1
13576,006,006_0157,1,5
13577,006,006_0157,2,5
13578,006,006_0157,3,5
13579,006,006_0157,4,5
13580,006,006_0157,5,5
13581,006,006_0157,6,5
13582,006,006_0157,7,5
13583,006,006_0157,8,5
13584,006,006_0158,1,4
13585,006,006_0158,2,4
13586,006,006_0158,3,4
13587,006,006_0158,4,4
13588,006,006_0158,5,4
13589,006,006_0158,6,4
13590,006,006_0158,7,4
13591,006,006_0158,8,4
13592,006,006_0159,1,3
13593,006,006_0159,2,3
13594,006,006_0159,3,3
13595,006,006_0159,4,3
13596,006,006_0159,5,3
13597,006,006_0159,6,3
13598,006,006_0159,7,3
13599,006,006_0159,8,3
13600,006,006_0160,1,2
13601,006,006_0160,2,2
13602,006,006_0160,3,2
13603,006,006_0160,4,2
13604,006,006_0160,5,2
13605,006,006_0160,6,2
13606,006,006_0160,7,2
13607,006,006_0160,8,2
13608,006,006_0161,1,1
13609,006,006_0161,2,1
13610,006,006_0161,3,1
13611,006,006_0161,4,1
13612,006,006_0161,5,1
13613,006,006_0161,6,1
13614,006,006_0161,7,1
13615,006,006_0161,8,1
13616,006,006_0162,1,5
13617,006,006_0162,2,5
13618,006,006_0162,3,5
13619,006,006_0162,4,5
13620,006,006_0162,5,5
13621,006,006_0162,6,5
13622,006,006_0162,7,5
13623,006,006_0162,8,5
13624,006,006_0163,1,4
13625,006,006_0163,2,4
13626,006,006_0163,3,4
13627,006,006_0163,4,4
13628,006,006_0163,5,4
13629,006,006_0163,6,4
13630,006,006_0163,7,4
13631,006,006_0163,8,4
13632,006,006_0164,1,3
13633,006,006_0164,2,3
13634,006,006_0164,3,3
13635,006,006_0164,4,3
13636,006,006_0164,5,3
13637,006,006_0164,6,3
13638,006,006_0164,7,3
13639,006,006_0164,8,3
13640,006,006_0165,1,2
13641,006,006_0165,2,2
13642,006,006_0165,3,2
13643,006,006_0165,4,2
13644,006,006_0165,5,2
13645,006,006_0165,6,2
13646,006,006_0165,7,2
13647,006,006_0165,8,2
13648,006,006_0166,1,1
13649,006,006_0166,2,1
13650,006,006_0166,3,1
13651,006,006_0166,4,1
13652,006,006_0166,5,1
13653,006,006_0166,6,1
13654,006,006_0166,7,1
13655,006,006_0166,8,1
13656,006,006_0167,1,5
13657,006,006_0167,2,5
13658,006,006_0167,3,5
13659,006,006_0167,4,5
13660,006,006_0167,5,5
13661,006,006_0167,6,5
13662,006,006_0167,7,5
13663,006,006_0167,8,5
13664,006,006_0168,1,4
13665,006,006_0168,2,4
13666,006,006_0168,3,4
13667,006,006_0168,4,4
13668,006,006_0168,5,4
13669,006,006_0168,6,4
13670,006,006_0168,7,4
13671,006,006_0168,8,4
13672,006,006_0169,1,3
13673,006,006_0169,2,3
13674,006,006_0169,3,3
13675,006,006_0169,4,3
13676,006,006_0169,5,3
13677,006,006_0169,6,3
13678,006,006_0169,7,3
13679,006,006_0169,8,3
13680,006,006_0170,1,2
13681,006,006_0170,2,2
13682,006,006_0170,3,2
13683,006,006_0170,4,2
13684,006,006_0170,5,2
13685,006,006_0170,6,2
13686,006,006_0170,7,2
13687,006,006_0170,8,2
13688,006,006_0171,1,1
13689,006,006_0171,2,1
13690,006,006_0171,3,1
13691,006,006_0171,4,1
13692,006,006_0171,5,1
13693,006,006_0171,6,1
13694,006,006_0171,7,1
13695,006,006_0171,8,1
13696,006,006_0172,1,5
13697,006,006_0172,2,5
13698,006,006_0172,3,5
13699,006,006_0172,4,5
13700,006,006_0172,5,5
13701,006,006_0172,6,5
13702,006,006_0172,7,5
13703,006,006_0172,8,5
13704,006,006_0173,1,4
13705,006,006_0173,2,4
13706,006,006_0173,3,4
13707,006,006_0173,4,4
13708,006,006_0173,5,4
13709,006,006_0173,6,4
13710,006,006_0173,7,4
13711,006,006_0173,8,4
13712,006,006_0174,1,3
13713,006,006_0174,2,3
13714,006,006_0174,3,3
13715,006,006_0174,4,3
13716,006,006_0174,5,3
13717,006,006_0174,6,3
13718,006,006_0174,7,3
13719,006,006_0174,8,3
13720,006,006_0175,1,2
13721,006,006_0175,2,2
13722,006,006_0175,3,2
13723,006,006_0175,4,2
13724,006,006_0175,5,2
13725,006,006_0175,6,2
13726,006,006_0175,7,2
13727,006,006_0175,8,2
13728,006,006_0176,1,1
13729,006,006_0176,2,1
13730,006,006_0176,3,1
13731,006,006_0176,4,1
13732,006,006_0176,5,1
13733,006,006_0176,6,1
13734,006,006_0176,7,1
13735,006,006_0176,8,1
13736,006,006_0177,1,5
13737,006,006_0177,2,5
13738,006,006_0177,3,5
13739,006,006_0177,4,5
13740,006,006_0177,5,5
13741,006,006_0177,6,5
13742,006,006_0177,7,5
13743,006,006_0177,8,5
13744,006,006_0178,1,4
13745,006,006_0178,2,4
13746,006,006_0178,3,4
13747,006,006_0178,4,4
13748,006,006_0178,5,4
13749,006,006_0178,6,4
13750,006,006_0178,7,4
13751,006,006_0178,8,4
13752,006,006_0179,1,3
13753,006,006_0179,2,3
13754,006,006_0179,3,3
13755,006,006_0179,4,3
13756,006,006_0179,5,3
13757,006,006_0179,6,3
13758,006,006_0179,7,3
13759,006,006_0179,8,3
13760,006,006_0180,1,2
13761,006,006_0180,2,2
13762,006,006_0180,3,2
13763,006,006_0180,4,2
13764,006,006_0180,5,2
13765,006,006_0180,6,2
13766,006,006_0180,7,2
13767,006,006_0180,8,2
13768,006,006_0181,1,1
13769,006,006_0181,2,1
13770,006,006_0181,3,1
13771,006,006_0181,4,1
13772,006,006_0181,5,1
13773,006,006_0181,6,1
13774,006,006_0181,7,1
13775,006,006_0181,8,1
13776,006,006_0182,1,5
13777,006,006_0182,2,5
13778,006,006_0182,3,5
13779,006,006_0182,4,5
13780,006,006_0182,5,5
13781,006,006_0182,6,5
13782,006,006_0182,7,5
13783,006,006_0182,8,5
13784,006,006_0183,1,4
13785,006,006_0183,2,4
13786,006,006_0183,3,4
13787,006,006_0183,4,4
13788,006,006_0183,5,4
13789,006,006_0183,6,4
13790,006,006_0183,7,4
13791,006,006_0183,8,4
13792,006,006_0184,1,3
13793,006,006_0184,2,3
13794,006,006_0184,3,3
13795,006,006_0184,4,3
13796,006,006_0184,5,3
13797,006,006_0184,6,3
13798,006,006_0184,7,3
13799,006,006_0184,8,3
13800,006,006_0185,1,2
13801,006,006_0185,2,2
13802,006,006_0185,3,2
13803,006,006_0185,4,2
13804,006,006_0185,5,2
13805,006,006_0185,6,2
13806,006,006_0185,7,2
13807,006,006_0185,8,2
13808,006,006_0186,1,1
13809,006,006_0186,2,1
13810,006,006_0186,3,1
13811,006,006_0186,4,1
13812,006,006_0186,5,1
13813,006,006_0186,6,1
13814,006,006_0186,7,1
13815,006,006_0186,8,1
13816,006,006_0187,1,5
13817,006,006_0187,2,5
13818,006,006_0187,3,5
13819,006,006_0187,4,5
13820,006,006_0187,5,5
13821,006,006_0187,6,5
13822,006,006_0187,7,5
13823,006,006_0187,8,5
13824,006,006_0188,1,4
13825,006,006_0188,2,4
13826,006,006_0188,3,4
13827,006,006_0188,4,4
13828,006,006_0188,5,4
13829,006,006_0188,6,4
13830,006,006_0188,7,4
13831,006,006_0188,8,4
13832,006,006_0189,1,3
13833,006,006_0189,2,3
13834,006,006_0189,3,3
13835,006,006_0189,4,3
13836,006,006_0189,5,3
13837,006,006_0189,6,3
13838,006,006_0189,7,3
13839,006,006_0189,8,3
13840,006,006_0190,1,2
13841,006,006_0190,2,2
13842,006,006_0190,3,2
13843,006,006_0190,4,2
13844,006,006_0190,5,2
13845,006,006_0190,6,2
13846,006,006_0190,7,2
13847,006,006_0190,8,2
13848,006,006_0191,1,1
13849,006,006_0191,2,1
13850,006,006_0191,3,1
13851,006,006_0191,4,1
13852,006,006_0191,5,1
13853,006,006_0191,6,1
13854,006,006_0191,7,1
13855,006,006_0191,8,1
13856,006,006_0192,1,5
13857,006,006_0192,2,5
13858,006,006_0192,3,5
13859,006,006_0192,4,5
13860,006,006_0192,5,5
13861,006,006_0192,6,5
13862,006,006_0192,7,5
13863,006,006_0192,8,5
13864,006,006_0193,1,4
13865,006,006_0193,2,4
13866,006,006_0193,3,4
13867,006,006_0193,4,4
13868,006,006_0193,5,4
13869,006,006_0193,6,4
13870,006,006_0193,7,4
13871,006,006_0193,8,4
13872,006,006_0194,1,3
13873,006,006_0194,2,3
13874,006,006_0194,3,3
13875,006,006_0194,4,3
13876,006,006_0194,5,3
13877,006,006_0194,6,3
13878,006,006_0194,7,3
13879,006,006_0194,8,3
13880,006,006_0195,1,2
13881,006,006_0195,2,2
13882,006,006_0195,3,2
13883,006,006_0195,4,2
13884,006,006_0195,5,2
13885,006,006_0195,6,2
13886,006,006_0195,7,2
13887,006,006_0195,8,2
13888,006,006_0196,1,1
13889,006,006_0196,2,1
13890,006,006_0196,3,1
13891,006,006_0196,4,1
13892,006,006_0196,5,1
13893,006,006_0196,6,1
13894,006,006_0196,7,1
13895,006,006_0196,8,1
13896,006,006_0197,1,5
13897,006,006_0197,2,5
13898,006,006_0197,3,5
13899,006,006_0197,4,5
13900,006,006_0197,5,5
13901,006,006_0197,6,5
13902,006,006_0197,7,5
13903,006,006_0197,8,5
13904,006,006_0198,1,4
13905,006,006_0198,2,4
13906,006,006_0198,3,4
13907,006,006_0198,4,4
13908,006,006_0198,5,4
13909,006,006_0198,6,4
13910,006,006_0198,7,4
13911,006,006_0198,8,4
13912,006,006_0199,1,3
13913,006,006_0199,2,3
13914,006,006_0199,3,3
13915,006,006_0199,4,3
13916,006,006_0199,5,3
13917,006,006_0199,6,3
13918,006,006_0199,7,3
13919,006,006_0199,8,3
13920,006,006_0200,1,2
13921,006,006_0200,2,2
13922,006,006_0200,3,2
13923,006,006_0200,4,2
13924,006,006_0200,5,2
13925,006,006_0200,6,2
13926,006,006_0200,7,2
13927,006,006_0200,8,2
13928,006,006_0201,1,1
13929,006,006_0201,2,1
13930,006,006_0201,3,1
13931,006,006_0201,4,1
13932,006,006_0201,5,1
13933,006,006_0201,6,1
13934,006,006_0201,7,1
13935,006,006_0201,8,1
13936,006,006_0202,1,5
13937,006,006_0202,2,5
13938,006,006_0202,3,5
13939,006,006_0202,4,5
13940,006,006_0202,5,5
13941,006,006_0202,6,5
13942,006,006_0202,7,5
13943,006,006_0202,8,5
13944,006,006_0203,1,4
13945,006,006_0203,2,4
13946,006,006_0203,3,4
13947,006,006_0203,4,4
13948,006,006_0203,5,4
13949,006,006_0203,6,4
13950,006,006_0203,7,4
13951,006,006_0203,8,4
13952,006,006_0204,1,3
13953,006,006_0204,2,3
13954,006,006_0204,3,3
13955,006,006_0204,4,3
13956,006,006_0204,5,3
13957,006,006_0204,6,3
13958,006,006_0204,7,3
13959,006,006_0204,8,3
13960,006,006_0205,1,2
13961,006,006_0205,2,2
13962,006,006_0205,3,2
13963,006,006_0205,4,2
13964,006,006_0205,5,2
13965,006,006_0205,6,2
13966,006,006_0205,7,2
13967,006,006_0205,8,2
13968,006,006_0206,1,1
13969,006,006_0206,2,1
13970,006,006_0206,3,1
13971,006,006_0206,4,1
13972,006,006_0206,5,1
13973,006,006_0206,6,1
13974,006,006_0206,7,1
13975,006,006_0206,8,1
13976,006,006_0207,1,5
13977,006,006_0207,2,5
13978,006,006_0207,3,5
13979,006,006_0207,4,5
13980,006,006_0207,5,5
13981,006,006_0207,6,5
13982,006,006_0207,7,5
13983,006,006_0207,8,5
13984,006,006_0208,1,4
13985,006,006_0208,2,4
13986,006,006_0208,3,4
13987,006,006_0208,4,4
13988,006,006_0208,5,4
13989,006,006_0208,6,4
13990,006,006_0208,7,4
13991,006,006_0208,8,4
13992,006,006_0209,1,3
13993,006,006_0209,2,3
13994,006,006_0209,3,3
13995,006,006_0209,4,3
13996,006,006_0209,5,3
13997,006,006_0209,6,3
13998,006,006_0209,7,3
13999,006,006_0209,8,3
14000,006,006_0210,1,2
14001,006,006_0210,2,2
14002,006,006_0210,3,2
14003,006,006_0210,4,2
14004,006,006_0210,5,2
14005,006,006_0210,6,2
14006,006,006_0210,7,2
14007,006,006_0210,8,2
14008,006,006_0211,1,1
14009,006,006_0211,2,1
14010,006,006_0211,3,1
14011,006,006_0211,4,1
14012,006,006_0211,5,1
14013,006,006_0211,6,1
14014,006,006_0211,7,1
14015,006,006_0211,8,1
14016,006,006_0212,1,5
14017,006,006_0212,2,5
14018,006,006_0212,3,5
14019,006,006_0212,4,5
14020,006,006_0212,5,5
14021,006,006_0212,6,5
14022,006,006_0212,7,5
14023,006,006_0212,8,5
14024,006,006_0213,1,4
14025,006,006_0213,2,4
14026,006,006_0213,3,4
14027,006,006_0213,4,4
14028,006,006_0213,5,4
14029,006,006_0213,6,4
14030,006,006_0213,7,4
14031,006,006_0213,8,4
14032,006,006_0214,1,3
14033,006,006_0214,2,3
14034,006,006_0214,3,3
14035,006,006_0214,4,3
14036,006,006_0214,5,3
14037,006,006_0214,6,3
14038,006,006_0214,7,3
14039,006,006_0214,8,3
14040,006,006_0215,1,2
14041,006,006_0215,2,2
14042,006,006_0215,3,2
14043,006,006_0215,4,2
14044,006,006_0215,5,2
14045,006,006_0215,6,2
14046,006,006_0215,7,2
14047,006,006_0215,8,2
14048,006,006_0216,1,1
14049,006,006_0216,2,1
14050,006,006_0216,3,1
14051,006,006_0216,4,1
14052,006,006_0216,5,1
14053,006,006_0216,6,1
14054,006,006_0216,7,1
14055,006,006_0216,8,1
14056,006,006_0217,1,5
14057,006,006_0217,2,5
14058,006,006_0217,3,5
14059,006,006_0217,4,5
14060,006,006_0217,5,5
14061,006,006_0217,6,5
14062,006,006_0217,7,5
14063,006,006_0217,8,5
14064,006,006_0218,1,4
14065,006,006_0218,2,4
14066,006,006_0218,3,4
14067,006,006_0218,4,4
14068,006,006_0218,5,4
14069,006,006_0218,6,4
14070,006,006_0218,7,4
14071,006,006_0218,8,4
14072,006,006_0219,1,3
14073,006,006_0219,2,3
14074,006,006_0219,3,3
14075,006,006_0219,4,3
14076,006,006_0219,5,3
14077,006,006_0219,6,3
14078,006,006_0219,7,3
14079,006,006_0219,8,3
14080,006,006_0220,1,2
14081,006,006_0220,2,2
14082,006,006_0220,3,2
14083,006,006_0220,4,2
14084,006,006_0220,5,2
14085,006,006_0220,6,2
14086,006,006_0220,7,2
14087,006,006_0220,8,2
14088,006,006_0221,1,1
14089,006,006_0221,2,1
14090,006,006_0221,3,1
14091,006,006_0221,4,1
14092,006,006_0221,5,1
14093,006,006_0221,6,1
14094,006,006_0221,7,1
14095,006,006_0221,8,1
14096,006,006_0222,1,5
14097,006,006_0222,2,5
14098,006,006_0222,3,5
14099,006,006_0222,4,5
14100,006,006_0222,5,5
14101,006,006_0222,6,5
14102,006,006_0222,7,5
14103,006,006_0222,8,5
14104,006,006_0223,1,4
14105,006,006_0223,2,4
14106,006,006_0223,3,4
14107,006,006_0223,4,4
14108,006,006_0223,5,4
14109,006,006_0223,6,4
14110,006,006_0223,7,4
14111,006,006_0223,8,4
14112,006,006_0224,1,3
14113,006,006_0224,2,3
14114,006,006_0224,3,3
14115,006,006_0224,4,3
14116,006,006_0224,5,3
14117,006,006_0224,6,3
14118,006,006_0224,7,3
14119,006,006_0224,8,3
14120,006,006_0225,1,2
14121,006,006_0225,2,2
14122,006,006_0225,3,2
14123,006,006_0225,4,2
14124,006,006_0225,5,2
14125,006,006_0225,6,2
14126,006,006_0225,7,2
14127,006,006_0225,8,2
14128,006,006_0226,1,1
14129,006,006_0226,2,1
14130,006,006_0226,3,1
14131,006,006_0226,4,1
14132,006,006_0226,5,1
14133,006,006_0226,6,1
14134,006,006_0226,7,1
14135,006,006_0226,8,1
14136,006,006_0227,1,5
14137,006,006_0227,2,5
14138,006,006_0227,3,5
14139,006,006_0227,4,5
14140,006,006_0227,5,5
14141,006,006_0227,6,5
14142,006,006_0227,7,5
14143,006,006_0227,8,5
14144,006,006_0228,1,4
14145,006,006_0228,2,4
14146,006,006_0228,3,4
14147,006,006_0228,4,4
14148,006,006_0228,5,4
14149,006,006_0228,6,4
14150,006,006_0228,7,4
14151,006,006_0228,8,4
14152,006,006_0229,1,3
14153,006,006_0229,2,3
14154,006,006_0229,3,3
14155,006,006_0229,4,3
14156,006,006_0229,5,3
14157,006,006_0229,6,3
14158,006,006_0229,7,3
14159,006,006_0229,8,3
14160,006,006_0230,1,2
14161,006,006_0230,2,2
14162,006,006_0230,3,2
14163,006,006_0230,4,2
14164,006,006_0230,5,2
14165,006,006_0230,6,2
14166,006,006_0230,7,2
14167,006,006_0230,8,2
14168,006,006_0231,1,1
14169,006,006_0231,2,1
14170,006,006_0231,3,1
14171,006,006_0231,4,1
14172,006,006_0231,5,1
14173,006,006_0231,6,1
14174,006,006_0231,7,1
14175,006,006_0231,8,1
14176,006,006_0232,1,5
14177,006,006_0232,2,5
14178,006,006_0232,3,5
14179,006,006_0232,4,5
14180,006,006_0232,5,5
14181,006,006_0232,6,5
14182,006,006_0232,7,5
14183,006,006_0232,8,5
14184,006,006_0233,1,4
14185,006,006_0233,2,4
14186,006,006_0233,3,4
14187,006,006_0233,4,4
14188,006,006_0233,5,4
14189,006,006_0233,6,4
14190,006,006_0233,7,4
14191,006,006_0233,8,4
14192,006,006_0234,1,3
14193,006,006_0234,2,3
14194,006,006_0234,3,3
14195,006,006_0234,4,3
14196,006,006_0234,5,3
14197,006,006_0234,6,3
14198,006,006_0234,7,3
14199,006,006_0234,8,3
14200,006,006_0235,1,2
14201,006,006_0235,2,2
14202,006,006_0235,3,2
14203,006,006_0235,4,2
14204,006,006_0235,5,2
14205,006,006_0235,6,2
14206,006,006_0235,7,2
14207,006,006_0235,8,2
14208,006,006_0236,1,1
14209,006,006_0236,2,1
14210,006,006_0236,3,1
14211,006,006_0236,4,1
14212,006,006_0236,5,1
14213,006,006_0236,6,1
14214,006,006_0236,7,1
14215,006,006_0236,8,1
14216,006,006_0237,1,5
14217,006,006_0237,2,5
14218,006,006_0237,3,5
14219,006,006_0237,4,5
14220,006,006_0237,5,5
14221,006,006_0237,6,5
14222,006,006_0237,7,5
14223,006,006_0237,8,5
14224,006,006_0238,1,4
14225,006,006_0238,2,4
14226,006,006_0238,3,4
14227,006,006_0238,4,4
14228,006,006_0238,5,4
14229,006,006_0238,6,4
14230,006,006_0238,7,4
14231,006,006_0238,8,4
14232,006,006_0239,1,3
14233,006,006_0239,2,3
14234,006,006_0239,3,3
14235,006,006_0239,4,3
14236,006,006_0239,5,3
14237,006,006_0239,6,3
14238,006,006_0239,7,3
14239,006,006_0239,8,3
14240,006,006_0240,1,2
14241,006,006_0240,2,2
14242,006,006_0240,3,2
14243,006,006_0240,4,2
14244,006,006_0240,5,2
14245,006,006_0240,6,2
14246,006,006_0240,7,2
14247,006,006_0240,8,2
14248,006,006_0241,1,1
14249,006,006_0241,2,1
14250,006,006_0241,3,1
14251,006,006_0241,4,1
14252,006,006_0241,5,1
14253,006,006_0241,6,1
14254,006,006_0241,7,1
14255,006,006_0241,8,1
14256,006,006_0242,1,5
14257,006,006_0242,2,5
14258,006,006_0242,3,5
14259,006,006_0242,4,5
14260,006,006_0242,5,5
14261,006,006_0242,6,5
14262,006,006_0242,7,5
14263,006,006_0242,8,5
14264,006,006_0243,1,4
14265,006,006_0243,2,4
14266,006,006_0243,3,4
14267,006,006_0243,4,4
14268,006,006_0243,5,4
14269,006,006_0243,6,4
14270,006,006_0243,7,4
14271,006,006_0243,8,4
14272,006,006_0244,1,3
14273,006,006_0244,2,3
14274,006,006_0244,3,3
14275,006,006_0244,4,3
14276,006,006_0244,5,3
14277,006,006_0244,6,3
14278,006,006_0244,7,3
14279,006,006_0244,8,3
14280,006,006_0245,1,2
14281,006,006_0245,2,2
14282,006,006_0245,3,2
14283,006,006_0245,4,2
14284,006,006_0245,5,2
14285,006,006_0245,6,2
14286,006,006_0245,7,2
14287,006,006_0245,8,2
14288,006,006_0246,1,1
14289,006,006_0246,2,1
14290,006,006_0246,3,1
14291,006,006_0246,4,1
14292,006,006_0246,5,1
14293,006,006_0246,6,1
14294,006,006_0246,7,1
14295,006,006_0246,8,1
14296,006,006_0247,1,5
14297,006,006_0247,2,5
14298,006,006_0247,3,5
14299,006,006_0247,4,5
14300,006,006_0247,5,5
14301,006,006_0247,6,5
14302,006,006_0247,7,5
14303,006,006_0247,8,5
14304,006,006_0248,1,4
14305,006,006_0248,2,4
14306,006,006_0248,3,4
14307,006,006_0248,4,4
14308,006,006_0248,5,4
14309,006,006_0248,6,4
14310,006,006_0248,7,4
14311,006,006_0248,8,4
14312,006,006_0249,1,3
14313,006,006_0249,2,3
14314,006,006_0249,3,3
14315,006,006_0249,4,3
14316,006,006_0249,5,3
14317,006,006_0249,6,3
14318,006,006_0249,7,3
14319,006,006_0249,8,3
14320,006,006_0250,1,2
14321,006,006_0250,2,2
14322,006,006_0250,3,2
14323,006,006_0250,4,2
14324,006,006_0250,5,2
14325,006,006_0250,6,2
14326,006,006_0250,7,2
14327,006,006_0250,8,2
14328,006,006_0251,1,1
14329,006,006_0251,2,1
14330,006,006_0251,3,1
14331,006,006_0251,4,1
14332,006,006_0251,5,1
14333,006,006_0251,6,1
14334,006,006_0251,7,1
14335,006,006_0251,8,1
14336,006,006_0252,1,5
14337,006,006_0252,2,5
14338,006,006_0252,3,5
14339,006,006_0252,4,5
14340,006,006_0252,5,5
14341,006,006_0252,6,5
14342,006,006_0252,7,5
14343,006,006_0252,8,5
14344,006,006_0253,1,4
14345,006,006_0253,2,4
14346,006,006_0253,3,4
14347,006,006_0253,4,4
14348,006,006_0253,5,4
14349,006,006_0253,6,4
14350,006,006_0253,7,4
14351,006,006_0253,8,4
14352,006,006_0254,1,3
14353,006,006_0254,2,3
14354,006,006_0254,3,3
14355,006,006_0254,4,3
14356,006,006_0254,5,3
14357,006,006_0254,6,3
14358,006,006_0254,7,3
14359,006,006_0254,8,3
14360,006,006_0255,1,2
14361,006,006_0255,2,2
14362,006,006_0255,3,2
14363,006,006_0255,4,2
14364,006,006_0255,5,2
14365,006,006_0255,6,2
14366,006,006_0255,7,2
14367,006,006_0255,8,2
14368,006,006_0256,1,1
14369,006,006_0256,2,1
14370,006,006_0256,3,1
14371,006,006_0256,4,1
14372,006,006_0256,5,1
14373,006,006_0256,6,1
14374,006,006_0256,7,1
14375,006,006_0256,8,1
14376,006,006_0257,1,5
14377,006,006_0257,2,5
14378,006,006_0257,3,5
14379,006,006_0257,4,5
14380,006,006_0257,5,5
14381,006,006_0257,6,5
14382,006,006_0257,7,5
14383,006,006_0257,8,5
14384,006,006_0258,1,4
14385,006,006_0258,2,4
14386,006,006_0258,3,4
14387,006,006_0258,4,4
14388,006,006_0258,5,4
14389,006,006_0258,6,4
14390,006,006_0258,7,4
14391,006,006_0258,8,4
14392,006,006_0259,1,3
14393,006,006_0259,2,3
14394,006,006_0259,3,3
14395,006,006_0259,4,3
14396,006,006_0259,5,3
14397,006,006_0259,6,3
14398,006,006_0259,7,3
14399,006,006_0259,8,3
14400,006,006_0260,1,2
14401,006,006_0260,2,2
14402,006,006_0260,3,2
14403,006,006_0260,4,2
14404,006,006_0260,5,2
14405,006,006_0260,6,2
14406,006,006_0260,7,2
14407,006,006_0260,8,2
14408,007,007_0001,1,1
14409,007,007_0001,2,1
14410,007,007_0001,3,1
14411,007,007_0001,4,1
14412,007,007_0001,5,1
14413,007,007_0001,6,1
14414,007,007_0001,7,1
14415,007,007_0001,8,1
14416,007,007_0002,1,5
14417,007,007_0002,2,5
14418,007,007_0002,3,5
14419,007,007_0002,4,5
14420,007,007_0002,5,5
14421,007,007_0002,6,5
14422,007,007_0002,7,5
14423,007,007_0002,8,5
14424,007,007_0003,1,4
14425,007,007_0003,2,4
14426,007,007_0003,3,4
14427,007,007_0003,4,4
14428,007,007_0003,5,4
14429,007,007_0003,6,4
14430,007,007_0003,7,4
14431,007,007_0003,8,4
14432,007,007_0004,1,3
14433,007,007_0004,2,3
14434,007,007_0004,3,3
14435,007,007_0004,4,3
14436,007,007_0004,5,3
14437,007,007_0004,6,3
14438,007,007_0004,7,3
14439,007,007_0004,8,3
14440,007,007_0005,1,2
14441,007,007_0005,2,2
14442,007,007_0005,3,2
14443,007,007_0005,4,2
14444,007,007_0005,5,2
14445,007,007_0005,6,2
14446,007,007_0005,7,2
14447,007,007_0005,8,2
14448,007,007_0006,1,1
14449,007,007_0006,2,1
14450,007,007_0006,3,1
14451,007,007_0006,4,1
14452,007,007_0006,5,1
14453,007,007_0006,6,1
14454,007,007_0006,7,1
14455,007,007_0006,8,1
14456,007,007_0007,1,5
14457,007,007_0007,2,5
14458,007,007_0007,3,5
14459,007,007_0007,4,5
14460,007,007_0007,5,5
14461,007,007_0007,6,5
14462,007,007_0007,7,5
14463,007,007_0007,8,5
14464,007,007_0008,1,4
14465,007,007_0008,2,4
14466,007,007_0008,3,4
14467,007,007_0008,4,4
14468,007,007_0008,5,4
14469,007,007_0008,6,4
14470,007,007_0008,7,4
14471,007,007_0008,8,4
14472,007,007_0009,1,3
14473,007,007_0009,2,3
14474,007,007_0009,3,3
14475,007,007_0009,4,3
14476,007,007_0009,5,3
14477,007,007_0009,6,3
14478,007,007_0009,7,3
14479,007,007_0009,8,3
14480,007,007_0010,1,2
14481,007,007_0010,2,2
14482,007,007_0010,3,2
14483,007,007_0010,4,2
14484,007,007_0010,5,2
14485,007,007_0010,6,2
14486,007,007_0010,7,2
14487,007,007_0010,8,2
14488,007,007_0011,1,1
14489,007,007_0011,2,1
14490,007,007_0011,3,1
14491,007,007_0011,4,1
14492,007,007_0011,5,1
14493,007,007_0011,6,1
14494,007,007_0011,7,1
14495,007,007_0011,8,1
14496,007,007_0012,1,5
14497,007,007_0012,2,5
14498,007,007_0012,3,5
14499,007,007_0012,4,5
14500,007,007_0012,5,5
14501,007,007_0012,6,5
14502,007,007_0012,7,5
14503,007,007_0012,8,5
14504,007,007_0013,1,4
14505,007,007_0013,2,4
14506,007,007_0013,3,4
14507,007,007_0013,4,4
14508,007,007_0013,5,4
14509,007,007_0013,6,4
14510,007,007_0013,7,4
14511,007,007_0013,8,4
14512,007,007_0014,1,3
14513,007,007_0014,2,3
14514,007,007_0014,3,3
14515,007,007_0014,4,3
14516,007,007_0014,5,3
14517,007,007_0014,6,3
14518,007,007_0014,7,3
14519,007,007_0014,8,3
14520,007,007_0015,1,2
14521,007,007_0015,2,2
14522,007,007_0015,3,2
14523,007,007_0015,4,2
14524,007,007_0015,5,2
14525,007,007_0015,6,2
14526,007,007_0015,7,2
14527,007,007_0015,8,2
14528,007,007_0016,1,1
14529,007,007_0016,2,1
14530,007,007_0016,3,1
14531,007,007_0016,4,1
14532,007,007_0016,5,1
14533,007,007_0016,6,1
14534,007,007_0016,7,1
14535,007,007_0016,8,1
14536,007,007_0017,1,5
14537,007,007_0017,2,5
14538,007,007_0017,3,5
14539,007,007_0017,4,5
14540,007,007_0017,5,5
14541,007,007_0017,6,5
14542,007,007_0017,7,5
14543,007,007_0017,8,5
14544,007,007_0018,1,4
14545,007,007_0018,2,4
14546,007,007_0018,3,4
14547,007,007_0018,4,4
14548,007,007_0018,5,4
14549,007,007_0018,6,4
14550,007,007_0018,7,4
14551,007,007_0018,8,4
14552,007,007_0019,1,3
14553,007,007_0019,2,3
14554,007,007_0019,3,3
14555,007,007_0019,4,3
14556,007,007_0019,5,3
14557,007,007_0019,6,3
14558,007,007_0019,7,3
14559,007,007_0019,8,3
14560,007,007_0020,1,2
14561,007,007_0020,2,2
14562,007,007_0020,3,2
14563,007,007_0020,4,2
14564,007,007_0020,5,2
14565,007,007_0020,6,2
14566,007,007_0020,7,2
14567,007,007_0020,8,2
14568,007,007_0021,1,1
14569,007,007_0021,2,1
14570,007,007_0021,3,1
14571,007,007_0021,4,1
14572,007,007_0021,5,1
14573,007,007_0021,6,1
14574,007,007_0021,7,1
14575,007,007_0021,8,1
14576,007,007_0022,1,5
14577,007,007_0022,2,5
14578,007,007_0022,3,5
14579,007,007_0022,4,5
14580,007,007_0022,5,5
14581,007,007_0022,6,5
14582,007,007_0022,7,5
14583,007,007_0022,8,5
14584,007,007_0023,1,4
14585,007,007_0023,2,4
14586,007,007_0023,3,4
14587,007,007_0023,4,4
14588,007,007_0023,5,4
14589,007,007_0023,6,4
14590,007,007_0023,7,4
14591,007,007_0023,8,4
14592,007,007_0024,1,3
14593,007,007_0024,2,3
14594,007,007_0024,3,3
14595,007,007_0024,4,3
14596,007,007_0024,5,3
14597,007,007_0024,6,3
14598,007,007_0024,7,3
14599,007,007_0024,8,3
14600,007,007_0025,1,2
14601,007,007_0025,2,2
14602,007,007_0025,3,2
14603,007,007_0025,4,2
14604,007,007_0025,5,2
14605,007,007_0025,6,2
14606,007,007_0025,7,2
14607,007,007_0025,8,2
14608,007,007_0026,1,1
14609,007,007_0026,2,1
14610,007,007_0026,3,1
14611,007,007_0026,4,1
14612,007,007_0026,5,1
14613,007,007_0026,6,1
14614,007,007_0026,7,1
14615,007,007_0026,8,1
14616,007,007_0027,1,5
14617,007,007_0027,2,5
14618,007,007_0027,3,5
14619,007,007_0027,4,5
14620,007,007_0027,5,5
14621,007,007_0027,6,5
14622,007,007_0027,7,5
14623,007,007_0027,8,5
14624,007,007_0028,1,4
14625,007,007_0028,2,4
14626,007,007_0028,3,4
14627,007,007_0028,4,4
14628,007,007_0028,5,4
14629,007,007_0028,6,4
14630,007,007_0028,7,4
14631,007,007_0028,8,4
14632,007,007_0029,1,3
14633,007,007_0029,2,3
14634,007,007_0029,3,3
14635,007,007_0029,4,3
14636,007,007_0029,5,3
14637,007,007_0029,6,3
14638,007,007_0029,7,3
14639,007,007_0029,8,3
14640,007,007_0030,1,2
14641,007,007_0030,2,2
14642,007,007_0030,3,2
14643,007,007_0030,4,2
14644,007,007_0030,5,2
14645,007,007_0030,6,2
14646,007,007_0030,7,2
14647,007,007_0030,8,2
14648,007,007_0031,1,1
14649,007,007_0031,2,1
14650,007,007_0031,3,1
14651,007,007_0031,4,1
14652,007,007_0031,5,1
14653,007,007_0031,6,1
14654,007,007_0031,7,1
14655,007,007_0031,8,1
14656,007,007_0032,1,5
14657,007,007_0032,2,5
14658,007,007_0032,3,5
14659,007,007_0032,4,5
14660,007,007_0032,5,5
14661,007,007_0032,6,5
14662,007,007_0032,7,5
14663,007,007_0032,8,5
14664,007,007_0033,1,4
14665,007,007_0033,2,4
14666,007,007_0033,3,4
14667,007,007_0033,4,4
14668,007,007_0033,5,4
14669,007,007_0033,6,4
14670,007,007_0033,7,4
14671,007,007_0033,8,4
14672,007,007_0034,1,3
14673,007,007_0034,2,3
14674,007,007_0034,3,3
14675,007,007_0034,4,3
14676,007,007_0034,5,3
14677,007,007_0034,6,3
14678,007,007_0034,7,3
14679,007,007_0034,8,3
14680,007,007_0035,1,2
14681,007,007_0035,2,2
14682,007,007_0035,3,2
14683,007,007_0035,4,2
14684,007,007_0035,5,2
14685,007,007_0035,6,2
14686,007,007_0035,7,2
14687,007,007_0035,8,2
14688,007,007_0036,1,1
14689,007,007_0036,2,1
14690,007,007_0036,3,1
14691,007,007_0036,4,1
14692,007,007_0036,5,1
14693,007,007_0036,6,1
14694,007,007_0036,7,1
14695,007,007_0036,8,1
14696,007,007_0037,1,5
14697,007,007_0037,2,5
14698,007,007_0037,3,5
14699,007,007_0037,4,5
14700,007,007_0037,5,5
14701,007,007_0037,6,5
14702,007,007_0037,7,5
14703,007,007_0037,8,5
14704,007,007_0038,1,4
14705,007,007_0038,2,4
14706,007,007_0038,3,4
14707,007,007_0038,4,4
14708,007,007_0038,5,4
14709,007,007_0038,6,4
14710,007,007_0038,7,4
14711,007,007_0038,8,4
14712,007,007_0039,1,3
14713,007,007_0039,2,3
14714,007,007_0039,3,3
14715,007,007_0039,4,3
14716,007,007_0039,5,3
14717,007,007_0039,6,3
14718,007,007_0039,7,3
14719,007,007_0039,8,3
14720,007,007_0040,1,2
14721,007,007_0040,2,2
14722,007,007_0040,3,2
14723,007,007_0040,4,2
14724,007,007_0040,5,2
14725,007,007_0040,6,2
14726,007,007_0040,7,2
14727,007,007_0040,8,2
14728,007,007_0041,1,1
14729,007,007_0041,2,1
14730,007,007_0041,3,1
14731,007,007_0041,4,1
14732,007,007_0041,5,1
14733,007,007_0041,6,1
14734,007,007_0041,7,1
14735,007,007_0041,8,1
14736,007,007_0042,1,5
14737,007,007_0042,2,5
14738,007,007_0042,3,5
14739,007,007_0042,4,5
14740,007,007_0042,5,5
14741,007,007_0042,6,5
14742,007,007_0042,7,5
14743,007,007_0042,8,5
14744,007,007_0043,1,4
14745,007,007_0043,2,4
14746,007,007_0043,3,4
14747,007,007_0043,4,4
14748,007,007_0043,5,4
14749,007,007_0043,6,4
14750,007,007_0043,7,4
14751,007,007_0043,8,4
14752,007,007_0044,1,3
14753,007,007_0044,2,3
14754,007,007_0044,3,3
14755,007,007_0044,4,3
14756,007,007_0044,5,3
14757,007,007_0044,6,3
14758,007,007_0044,7,3
14759,007,007_0044,8,3
14760,007,007_0045,1,2
14761,007,007_0045,2,2
14762,007,007_0045,3,2
14763,007,007_0045,4,2
14764,007,007_0045,5,2
14765,007,007_0045,6,2
14766,007,007_0045,7,2
14767,007,007_0045,8,2
14768,007,007_0046,1,1
14769,007,007_0046,2,1
14770,007,007_0046,3,1
14771,007,007_0046,4,1
14772,007,007_0046,5,1
14773,007,007_0046,6,1
14774,007,007_0046,7,1
14775,007,007_0046,8,1
14776,007,007_0047,1,5
14777,007,007_0047,2,5
14778,007,007_0047,3,5
14779,007,007_0047,4,5
14780,007,007_0047,5,5
14781,007,007_0047,6,5
14782,007,007_0047,7,5
14783,007,007_0047,8,5
14784,007,007_0048,1,4
14785,007,007_0048,2,4
14786,007,007_0048,3,4
14787,007,007_0048,4,4
14788,007,007_0048,5,4
14789,007,007_0048,6,4
14790,007,007_0048,7,4
14791,007,007_0048,8,4
14792,007,007_0049,1,3
14793,007,007_0049,2,3
14794,007,007_0049,3,3
14795,007,007_0049,4,3
14796,007,007_0049,5,3
14797,007,007_0049,6,3
14798,007,007_0049,7,3
14799,007,007_0049,8,3
14800,007,007_0050,1,2
14801,007,007_0050,2,2
14802,007,007_0050,3,2
14803,007,007_0050,4,2
14804,007,007_0050,5,2
14805,007,007_0050,6,2
14806,007,007_0050,7,2
14807,007,007_0050,8,2
14808,007,007_0051,1,1
14809,007,007_0051,2,1
14810,007,007_0051,3,1
14811,007,007_0051,4,1
14812,007,007_0051,5,1
14813,007,007_0051,6,1
14814,007,007_0051,7,1
14815,007,007_0051,8,1
14816,007,007_0052,1,5
14817,007,007_0052,2,5
14818,007,007_0052,3,5
14819,007,007_0052,4,5
14820,007,007_0052,5,5
14821,007,007_0052,6,5
14822,007,007_0052,7,5
14823,007,007_0052,8,5
14824,007,007_0053,1,4
14825,007,007_0053,2,4
14826,007,007_0053,3,4
14827,007,007_0053,4,4
14828,007,007_0053,5,4
14829,007,007_0053,6,4
14830,007,007_0053,7,4
14831,007,007_0053,8,4
14832,007,007_0054,1,3
14833,007,007_0054,2,3
14834,007,007_0054,3,3
14835,007,007_0054,4,3
14836,007,007_0054,5,3
14837,007,007_0054,6,3
14838,007,007_0054,7,3
14839,007,007_0054,8,3
14840,007,007_0055,1,2
14841,007,007_0055,2,2
14842,007,007_0055,3,2
14843,007,007_0055,4,2
14844,007,007_0055,5,2
14845,007,007_0055,6,2
14846,007,007_0055,7,2
14847,007,007_0055,8,2
14848,007,007_0056,1,1
14849,007,007_0056,2,1
14850,007,007_0056,3,1
14851,007,007_0056,4,1
14852,007,007_0056,5,1
14853,007,007_0056,6,1
14854,007,007_0056,7,1
14855,007,007_0056,8,1
14856,007,007_0057,1,5
14857,007,007_0057,2,5
14858,007,007_0057,3,5
14859,007,007_0057,4,5
14860,007,007_0057,5,5
14861,007,007_0057,6,5
14862,007,007_0057,7,5
14863,007,007_0057,8,5
14864,007,007_0058,1,4
14865,007,007_0058,2,4
14866,007,007_0058,3,4
14867,007,007_0058,4,4
14868,007,007_0058,5,4
14869,007,007_0058,6,4
14870,007,007_0058,7,4
14871,007,007_0058,8,4
14872,007,007_0059,1,3
14873,007,007_0059,2,3
14874,007,007_0059,3,3
14875,007,007_0059,4,3
14876,007,007_0059,5,3
14877,007,007_0059,6,3
14878,007,007_0059,7,3
14879,007,007_0059,8,3
14880,007,007_0060,1,2
14881,007,007_0060,2,2
14882,007,007_0060,3,2
14883,007,007_0060,4,2
14884,007,007_0060,5,2
14885,007,007_0060,6,2
14886,007,007_0060,7,2
14887,007,007_0060,8,2
14888,007,007_0061,1,1
14889,007,007_0061,2,1
14890,007,007_0061,3,1
14891,007,007_0061,4,1
14892,007,007_0061,5,1
14893,007,007_0061,6,1
14894,007,007_0061,7,1
14895,007,007_0061,8,1
14896,007,007_0062,1,5
14897,007,007_0062,2,5
14898,007,007_0062,3,5
14899,007,007_0062,4,5
14900,007,007_0062,5,5
14901,007,007_0062,6,5
14902,007,007_0062,7,5
14903,007,007_0062,8,5
14904,007,007_0063,1,4
14905,007,007_0063,2,4
14906,007,007_0063,3,4
14907,007,007_0063,4,4
14908,007,007_0063,5,4
14909,007,007_0063,6,4
14910,007,007_0063,7,4
14911,007,007_0063,8,4
14912,007,007_0064,1,3
14913,007,007_0064,2,3
14914,007,007_0064,3,3
14915,007,007_0064,4,3
14916,007,007_0064,5,3
14917,007,007_0064,6,3
14918,007,007_0064,7,3
14919,007,007_0064,8,3
14920,007,007_0065,1,2
14921,007,007_0065,2,2
14922,007,007_0065,3,2
14923,007,007_0065,4,2
14924,007,007_0065,5,2
14925,007,007_0065,6,2
14926,007,007_0065,7,2
14927,007,007_0065,8,2
14928,007,007_0066,1,1
14929,007,007_0066,2,1
14930,007,007_0066,3,1
14931,007,007_0066,4,1
14932,007,007_0066,5,1
14933,007,007_0066,6,1
14934,007,007_0066,7,1
14935,007,007_0066,8,1
14936,007,007_0067,1,5
14937,007,007_0067,2,5
14938,007,007_0067,3,5
14939,007,007_0067,4,5
14940,007,007_0067,5,5
14941,007,007_0067,6,5
14942,007,007_0067,7,5
14943,007,007_0067,8,5
14944,007,007_0068,1,4
14945,007,007_0068,2,4
14946,007,007_0068,3,4
14947,007,007_0068,4,4
14948,007,007_0068,5,4
14949,007,007_0068,6,4
14950,007,007_0068,7,4
14951,007,007_0068,8,4
14952,007,007_0069,1,3
14953,007,007_0069,2,3
14954,007,007_0069,3,3
14955,007,007_0069,4,3
14956,007,007_0069,5,3
14957,007,007_0069,6,3
14958,007,007_0069,7,3
14959,007,007_0069,8,3
14960,007,007_0070,1,2
14961,007,007_0070,2,2
14962,007,007_0070,3,2
14963,007,007_0070,4,2
14964,007,007_0070,5,2
14965,007,007_0070,6,2
14966,007,007_0070,7,2
14967,007,007_0070,8,2
14968,007,007_0071,1,1
14969,007,007_0071,2,1
14970,007,007_0071,3,1
14971,007,007_0071,4,1
14972,007,007_0071,5,1
14973,007,007_0071,6,1
14974,007,007_0071,7,1
14975,007,007_0071,8,1
14976,007,007_0072,1,5
14977,007,007_0072,2,5
14978,007,007_0072,3,5
14979,007,007_0072,4,5
14980,007,007_0072,5,5
14981,007,007_0072,6,5
14982,007,007_0072,7,5
14983,007,007_0072,8,5
14984,007,007_0073,1,4
14985,007,007_0073,2,4
14986,007,007_0073,3,4
14987,007,007_0073,4,4
14988,007,007_0073,5,4
14989,007,007_0073,6,4
14990,007,007_0073,7,4
14991,007,007_0073,8,4
14992,007,007_0074,1,3
14993,007,007_0074,2,3
14994,007,007_0074,3,3
14995,007,007_0074,4,3
14996,007,007_0074,5,3
14997,007,007_0074,6,3
14998,007,007_0074,7,3
14999,007,007_0074,8,3
15000,007,007_0075,1,2
15001,007,007_0075,2,2
15002,007,007_0075,3,2
15003,007,007_0075,4,2
15004,007,007_0075,5,2
15005,007,007_0075,6,2
15006,007,007_0075,7,2
15007,007,007_0075,8,2
15008,007,007_0076,1,1
15009,007,007_0076,2,1
15010,007,007_0076,3,1
15011,007,007_0076,4,1
15012,007,007_0076,5,1
15013,007,007_0076,6,1
15014,007,007_0076,7,1
15015,007,007_0076,8,1
15016,007,007_0077,1,5
15017,007,007_0077,2,5
15018,007,007_0077,3,5
15019,007,007_0077,4,5
15020,007,007_0077,5,5
15021,007,007_0077,6,5
15022,007,007_0077,7,5
15023,007,007_0077,8,5
15024,007,007_0078,1,4
15025,007,007_0078,2,4
15026,007,007_0078,3,4
15027,007,007_0078,4,4
15028,007,007_0078,5,4
15029,007,007_0078,6,4
15030,007,007_0078,7,4
15031,007,007_0078,8,4
15032,007,007_0079,1,3
15033,007,007_0079,2,3
15034,007,007_0079,3,3
15035,007,007_0079,4,3
15036,007,007_0079,5,3
15037,007,007_0079,6,3
15038,007,007_0079,7,3
15039,007,007_0079,8,3
15040,007,007_0080,1,2
15041,007,007_0080,2,2
15042,007,007_0080,3,2
15043,007,007_0080,4,2
15044,007,007_0080,5,2
15045,007,007_0080,6,2
15046,007,007_0080,7,2
15047,007,007_0080,8,2
15048,007,007_0081,1,1
15049,007,007_0081,2,1
15050,007,007_0081,3,1
15051,007,007_0081,4,1
15052,007,007_0081,5,1
15053,007,007_0081,6,1
15054,007,007_0081,7,1
15055,007,007_0081,8,1
15056,007,007_0082,1,5
15057,007,007_0082,2,5
15058,007,007_0082,3,5
15059,007,007_0082,4,5
15060,007,007_0082,5,5
15061,007,007_0082,6,5
15062,007,007_0082,7,5
15063,007,007_0082,8,5
15064,007,007_0083,1,4
15065,007,007_0083,2,4
15066,007,007_0083,3,4
15067,007,007_0083,4,4
15068,007,007_0083,5,4
15069,007,007_0083,6,4
15070,007,007_0083,7,4
15071,007,007_0083,8,4
15072,007,007_0084,1,3
15073,007,007_0084,2,3
15074,007,007_0084,3,3
15075,007,007_0084,4,3
15076,007,007_0084,5,3
15077,007,007_0084,6,3
15078,007,007_0084,7,3
15079,007,007_0084,8,3
15080,007,007_0085,1,2
15081,007,007_0085,2,2
15082,007,007_0085,3,2
15083,007,007_0085,4,2
15084,007,007_0085,5,2
15085,007,007_0085,6,2
15086,007,007_0085,7,2
15087,007,007_0085,8,2
15088,007,007_0086,1,1
15089,007,007_0086,2,1
15090,007,007_0086,3,1
15091,007,007_0086,4,1
15092,007,007_0086,5,1
15093,007,007_0086,6,1
15094,007,007_0086,7,1
15095,007,007_0086,8,1
15096,007,007_0087,1,5
15097,007,007_0087,2,5
15098,007,007_0087,3,5
15099,007,007_0087,4,5
15100,007,007_0087,5,5
15101,007,007_0087,6,5
15102,007,007_0087,7,5
15103,007,007_0087,8,5
15104,007,007_0088,1,4
15105,007,007_0088,2,4
15106,007,007_0088,3,4
15107,007,007_0088,4,4
15108,007,007_0088,5,4
15109,007,007_0088,6,4
15110,007,007_0088,7,4
15111,007,007_0088,8,4
15112,007,007_0089,1,3
15113,007,007_0089,2,3
15114,007,007_0089,3,3
15115,007,007_0089,4,3
15116,007,007_0089,5,3
15117,007,007_0089,6,3
15118,007,007_0089,7,3
15119,007,007_0089,8,3
15120,007,007_0090,1,2
15121,007,007_0090,2,2
15122,007,007_0090,3,2
15123,007,007_0090,4,2
15124,007,007_0090,5,2
15125,007,007_0090,6,2
15126,007,007_0090,7,2
15127,007,007_0090,8,2
15128,007,007_0091,1,1
15129,007,007_0091,2,1
15130,007,007_0091,3,1
15131,007,007_0091,4,1
15132,007,007_0091,5,1
15133,007,007_0091,6,1
15134,007,007_0091,7,1
15135,007,007_0091,8,1
15136,007,007_0092,1,5
15137,007,007_0092,2,5
15138,007,007_0092,3,5
15139,007,007_0092,4,5
15140,007,007_0092,5,5
15141,007,007_0092,6,5
15142,007,007_0092,7,5
15143,007,007_0092,8,5
15144,007,007_0093,1,4
15145,007,007_0093,2,4
15146,007,007_0093,3,4
15147,007,007_0093,4,4
15148,007,007_0093,5,4
15149,007,007_0093,6,4
15150,007,007_0093,7,4
15151,007,007_0093,8,4
15152,007,007_0094,1,3
15153,007,007_0094,2,3
15154,007,007_0094,3,3
15155,007,007_0094,4,3
15156,007,007_0094,5,3
15157,007,007_0094,6,3
15158,007,007_0094,7,3
15159,007,007_0094,8,3
15160,007,007_0095,1,2
15161,007,007_0095,2,2
15162,007,007_0095,3,2
15163,007,007_0095,4,2
15164,007,007_0095,5,2
15165,007,007_0095,6,2
15166,007,007_0095,7,2
15167,007,007_0095,8,2
15168,007,007_0096,1,1
15169,007,007_0096,2,1
15170,007,007_0096,3,1
15171,007,007_0096,4,1
15172,007,007_0096,5,1
15173,007,007_0096,6,1
15174,007,007_0096,7,1
15175,007,007_0096,8,1
15176,007,007_0097,1,5
15177,007,007_0097,2,5
15178,007,007_0097,3,5
15179,007,007_0097,4,5
15180,007,007_0097,5,5
15181,007,007_0097,6,5
15182,007,007_0097,7,5
15183,007,007_0097,8,5
15184,007,007_0098,1,4
15185,007,007_0098,2,4
15186,007,007_0098,3,4
15187,007,007_0098,4,4
15188,007,007_0098,5,4
15189,007,007_0098,6,4
15190,007,007_0098,7,4
15191,007,007_0098,8,4
15192,007,007_0099,1,3
15193,007,007_0099,2,3
15194,007,007_0099,3,3
15195,007,007_0099,4,3
15196,007,007_0099,5,3
15197,007,007_0099,6,3
15198,007,007_0099,7,3
15199,007,007_0099,8,3
15200,007,007_0100,1,2
15201,007,007_0100,2,2
15202,007,007_0100,3,2
15203,007,007_0100,4,2
15204,007,007_0100,5,2
15205,007,007_0100,6,2
15206,007,007_0100,7,2
15207,007,007_0100,8,2
15208,007,007_0101,1,1
15209,007,007_0101,2,1
15210,007,007_0101,3,1
15211,007,007_0101,4,1
15212,007,007_0101,5,1
15213,007,007_0101,6,1
15214,007,007_0101,7,1
15215,007,007_0101,8,1
15216,007,007_0102,1,5
15217,007,007_0102,2,5
15218,007,007_0102,3,5
15219,007,007_0102,4,5
15220,007,007_0102,5,5
15221,007,007_0102,6,5
15222,007,007_0102,7,5
15223,007,007_0102,8,5
15224,007,007_0103,1,4
15225,007,007_0103,2,4
15226,007,007_0103,3,4
15227,007,007_0103,4,4
15228,007,007_0103,5,4
15229,007,007_0103,6,4
15230,007,007_0103,7,4
15231,007,007_0103,8,4
15232,007,007_0104,1,3
15233,007,007_0104,2,3
15234,007,007_0104,3,3
15235,007,007_0104,4,3
15236,007,007_0104,5,3
15237,007,007_0104,6,3
15238,007,007_0104,7,3
15239,007,007_0104,8,3
15240,007,007_0105,1,2
15241,007,007_0105,2,2
15242,007,007_0105,3,2
15243,007,007_0105,4,2
15244,007,007_0105,5,2
15245,007,007_0105,6,2
15246,007,007_0105,7,2
15247,007,007_0105,8,2
15248,007,007_0106,1,1
15249,007,007_0106,2,1
15250,007,007_0106,3,1
15251,007,007_0106,4,1
15252,007,007_0106,5,1
15253,007,007_0106,6,1
15254,007,007_0106,7,1
15255,007,007_0106,8,1
15256,007,007_0107,1,5
15257,007,007_0107,2,5
15258,007,007_0107,3,5
15259,007,007_0107,4,5
15260,007,007_0107,5,5
15261,007,007_0107,6,5
15262,007,007_0107,7,5
15263,007,007_0107,8,5
15264,007,007_0108,1,4
15265,007,007_0108,2,4
15266,007,007_0108,3,4
15267,007,007_0108,4,4
15268,007,007_0108,5,4
15269,007,007_0108,6,4
15270,007,007_0108,7,4
15271,007,007_0108,8,4
15272,007,007_0109,1,3
15273,007,007_0109,2,3
15274,007,007_0109,3,3
15275,007,007_0109,4,3
15276,007,007_0109,5,3
15277,007,007_0109,6,3
15278,007,007_0109,7,3
15279,007,007_0109,8,3
15280,007,007_0110,1,2
15281,007,007_0110,2,2
15282,007,007_0110,3,2
15283,007,007_0110,4,2
15284,007,007_0110,5,2
15285,007,007_0110,6,2
15286,007,007_0110,7,2
15287,007,007_0110,8,2
15288,007,007_0111,1,1
15289,007,007_0111,2,1
15290,007,007_0111,3,1
15291,007,007_0111,4,1
15292,007,007_0111,5,1
15293,007,007_0111,6,1
15294,007,007_0111,7,1
15295,007,007_0111,8,1
15296,007,007_0112,1,5
15297,007,007_0112,2,5
15298,007,007_0112,3,5
15299,007,007_0112,4,5
15300,007,007_0112,5,5
15301,007,007_0112,6,5
15302,007,007_0112,7,5
15303,007,007_0112,8,5
15304,007,007_0113,1,4
15305,007,007_0113,2,4
15306,007,007_0113,3,4
15307,007,007_0113,4,4
15308,007,007_0113,5,4
15309,007,007_0113,6,4
15310,007,007_0113,7,4
15311,007,007_0113,8,4
15312,007,007_0114,1,3
15313,007,007_0114,2,3
15314,007,007_0114,3,3
15315,007,007_0114,4,3
15316,007,007_0114,5,3
15317,007,007_0114,6,3
15318,007,007_0114,7,3
15319,007,007_0114,8,3
15320,007,007_0115,1,2
15321,007,007_0115,2,2
15322,007,007_0115,3,2
15323,007,007_0115,4,2
15324,007,007_0115,5,2
15325,007,007_0115,6,2
15326,007,007_0115,7,2
15327,007,007_0115,8,2
15328,007,007_0116,1,1
15329,007,007_0116,2,1
15330,007,007_0116,3,1
15331,007,007_0116,4,1
15332,007,007_0116,5,1
15333,007,007_0116,6,1
15334,007,007_0116,7,1
15335,007,007_0116,8,1
15336,007,007_0117,1,5
15337,007,007_0117,2,5
15338,007,007_0117,3,5
15339,007,007_0117,4,5
15340,007,007_0117,5,5
15341,007,007_0117,6,5
15342,007,007_0117,7,5
15343,007,007_0117,8,5
15344,007,007_0118,1,4
15345,007,007_0118,2,4
15346,007,007_0118,3,4
15347,007,007_0118,4,4
15348,007,007_0118,5,4
15349,007,007_0118,6,4
15350,007,007_0118,7,4
15351,007,007_0118,8,4
15352,007,007_0119,1,3
15353,007,007_0119,2,3
15354,007,007_0119,3,3
15355,007,007_0119,4,3
15356,007,007_0119,5,3
15357,007,007_0119,6,3
15358,007,007_0119,7,3
15359,007,007_0119,8,3
15360,007,007_0120,1,2
15361,007,007_0120,2,2
15362,007,007_0120,3,2
15363,007,007_0120,4,2
15364,007,007_0120,5,2
15365,007,007_0120,6,2
15366,007,007_0120,7,2
15367,007,007_0120,8,2
15368,007,007_0121,1,1
15369,007,007_0121,2,1
15370,007,007_0121,3,1
15371,007,007_0121,4,1
15372,007,007_0121,5,1
15373,007,007_0121,6,1
15374,007,007_0121,7,1
15375,007,007_0121,8,1
15376,007,007_0122,1,5
15377,007,007_0122,2,5
15378,007,007_0122,3,5
15379,007,007_0122,4,5
15380,007,007_0122,5,5
15381,007,007_0122,6,5
15382,007,007_0122,7,5
15383,007,007_0122,8,5
15384,007,007_0123,1,4
15385,007,007_0123,2,4
15386,007,007_0123,3,4
15387,007,007_0123,4,4
15388,007,007_0123,5,4
15389,007,007_0123,6,4
15390,007,007_0123,7,4
15391,007,007_0123,8,4
15392,007,007_0124,1,3
15393,007,007_0124,2,3
15394,007,007_0124,3,3
15395,007,007_0124,4,3
15396,007,007_0124,5,3
15397,007,007_0124,6,3
15398,007,007_0124,7,3
15399,007,007_0124,8,3
15400,007,007_0125,1,2
15401,007,007_0125,2,2
15402,007,007_0125,3,2
15403,007,007_0125,4,2
15404,007,007_0125,5,2
15405,007,007_0125,6,2
15406,007,007_0125,7,2
15407,007,007_0125,8,2
15408,007,007_0126,1,1
15409,007,007_0126,2,1
15410,007,007_0126,3,1
15411,007,007_0126,4,1
15412,007,007_0126,5,1
15413,007,007_0126,6,1
15414,007,007_0126,7,1
15415,007,007_0126,8,1
15416,007,007_0127,1,5
15417,007,007_0127,2,5
15418,007,007_0127,3,5
15419,007,007_0127,4,5
15420,007,007_0127,5,5
15421,007,007_0127,6,5
15422,007,007_0127,7,5
15423,007,007_0127,8,5
15424,007,007_0128,1,4
15425,007,007_0128,2,4
15426,007,007_0128,3,4
15427,007,007_0128,4,4
15428,007,007_0128,5,4
15429,007,007_0128,6,4
15430,007,007_0128,7,4
15431,007,007_0128,8,4
15432,007,007_0129,1,3
15433,007,007_0129,2,3
15434,007,007_0129,3,3
15435,007,007_0129,4,3
15436,007,007_0129,5,3
15437,007,007_0129,6,3
15438,007,007_0129,7,3
15439,007,007_0129,8,3
15440,007,007_0130,1,2
15441,007,007_0130,2,2
15442,007,007_0130,3,2
15443,007,007_0130,4,2
15444,007,007_0130,5,2
15445,007,007_0130,6,2
15446,007,007_0130,7,2
15447,007,007_0130,8,2
15448,007,007_0131,1,1
15449,007,007_0131,2,1
15450,007,007_0131,3,1
15451,007,007_0131,4,1
15452,007,007_0131,5,1
15453,007,007_0131,6,1
15454,007,007_0131,7,1
15455,007,007_0131,8,1
15456,007,007_0132,1,5
15457,007,007_0132,2,5
15458,007,007_0132,3,5
15459,007,007_0132,4,5
15460,007,007_0132,5,5
15461,007,007_0132,6,5
15462,007,007_0132,7,5
15463,007,007_0132,8,5
15464,007,007_0133,1,4
15465,007,007_0133,2,4
15466,007,007_0133,3,4
15467,007,007_0133,4,4
15468,007,007_0133,5,4
15469,007,007_0133,6,4
15470,007,007_0133,7,4
15471,007,007_0133,8,4
15472,007,007_0134,1,3
15473,007,007_0134,2,3
15474,007,007_0134,3,3
15475,007,007_0134,4,3
15476,007,007_0134,5,3
15477,007,007_0134,6,3
15478,007,007_0134,7,3
15479,007,007_0134,8,3
15480,007,007_0135,1,2
15481,007,007_0135,2,2
15482,007,007_0135,3,2
15483,007,007_0135,4,2
15484,007,007_0135,5,2
15485,007,007_0135,6,2
15486,007,007_0135,7,2
15487,007,007_0135,8,2
15488,007,007_0136,1,1
15489,007,007_0136,2,1
15490,007,007_0136,3,1
15491,007,007_0136,4,1
15492,007,007_0136,5,1
15493,007,007_0136,6,1
15494,007,007_0136,7,1
15495,007,007_0136,8,1
15496,007,007_0137,1,5
15497,007,007_0137,2,5
15498,007,007_0137,3,5
15499,007,007_0137,4,5
15500,007,007_0137,5,5
15501,007,007_0137,6,5
15502,007,007_0137,7,5
15503,007,007_0137,8,5
15504,007,007_0138,1,4
15505,007,007_0138,2,4
15506,007,007_0138,3,4
15507,007,007_0138,4,4
15508,007,007_0138,5,4
15509,007,007_0138,6,4
15510,007,007_0138,7,4
15511,007,007_0138,8,4
15512,007,007_0139,1,3
15513,007,007_0139,2,3
15514,007,007_0139,3,3
15515,007,007_0139,4,3
15516,007,007_0139,5,3
15517,007,007_0139,6,3
15518,007,007_0139,7,3
15519,007,007_0139,8,3
15520,007,007_0140,1,2
15521,007,007_0140,2,2
15522,007,007_0140,3,2
15523,007,007_0140,4,2
15524,007,007_0140,5,2
15525,007,007_0140,6,2
15526,007,007_0140,7,2
15527,007,007_0140,8,2
15528,007,007_0141,1,1
15529,007,007_0141,2,1
15530,007,007_0141,3,1
15531,007,007_0141,4,1
15532,007,007_0141,5,1
15533,007,007_0141,6,1
15534,007,007_0141,7,1
15535,007,007_0141,8,1
15536,007,007_0142,1,5
15537,007,007_0142,2,5
15538,007,007_0142,3,5
15539,007,007_0142,4,5
15540,007,007_0142,5,5
15541,007,007_0142,6,5
15542,007,007_0142,7,5
15543,007,007_0142,8,5
15544,007,007_0143,1,4
15545,007,007_0143,2,4
15546,007,007_0143,3,4
15547,007,007_0143,4,4
15548,007,007_0143,5,4
15549,007,007_0143,6,4
15550,007,007_0143,7,4
15551,007,007_0143,8,4
15552,007,007_0144,1,3
15553,007,007_0144,2,3
15554,007,007_0144,3,3
15555,007,007_0144,4,3
15556,007,007_0144,5,3
15557,007,007_0144,6,3
15558,007,007_0144,7,3
15559,007,007_0144,8,3
15560,007,007_0145,1,2
15561,007,007_0145,2,2
15562,007,007_0145,3,2
15563,007,007_0145,4,2
15564,007,007_0145,5,2
15565,007,007_0145,6,2
15566,007,007_0145,7,2
15567,007,007_0145,8,2
15568,007,007_0146,1,1
15569,007,007_0146,2,1
15570,007,007_0146,3,1
15571,007,007_0146,4,1
15572,007,007_0146,5,1
15573,007,007_0146,6,1
15574,007,007_0146,7,1
15575,007,007_0146,8,1
15576,007,007_0147,1,5
15577,007,007_0147,2,5
15578,007,007_0147,3,5
15579,007,007_0147,4,5
15580,007,007_0147,5,5
15581,007,007_0147,6,5
15582,007,007_0147,7,5
15583,007,007_0147,8,5
15584,007,007_0148,1,4
15585,007,007_0148,2,4
15586,007,007_0148,3,4
15587,007,007_0148,4,4
15588,007,007_0148,5,4
15589,007,007_0148,6,4
15590,007,007_0148,7,4
15591,007,007_0148,8,4
15592,007,007_0149,1,3
15593,007,007_0149,2,3
15594,007,007_0149,3,3
15595,007,007_0149,4,3
15596,007,007_0149,5,3
15597,007,007_0149,6,3
15598,007,007_0149,7,3
15599,007,007_0149,8,3
15600,007,007_0150,1,2
15601,007,007_0150,2,2
15602,007,007_0150,3,2
15603,007,007_0150,4,2
15604,007,007_0150,5,2
15605,007,007_0150,6,2
15606,007,007_0150,7,2
15607,007,007_0150,8,2
15608,007,007_0151,1,1
15609,007,007_0151,2,1
15610,007,007_0151,3,1
15611,007,007_0151,4,1
15612,007,007_0151,5,1
15613,007,007_0151,6,1
15614,007,007_0151,7,1
15615,007,007_0151,8,1
15616,007,007_0152,1,5
15617,007,007_0152,2,5
15618,007,007_0152,3,5
15619,007,007_0152,4,5
15620,007,007_0152,5,5
15621,007,007_0152,6,5
15622,007,007_0152,7,5
15623,007,007_0152,8,5
15624,007,007_0153,1,4
15625,007,007_0153,2,4
15626,007,007_0153,3,4
15627,007,007_0153,4,4
15628,007,007_0153,5,4
15629,007,007_0153,6,4
15630,007,007_0153,7,4
15631,007,007_0153,8,4
15632,007,007_0154,1,3
15633,007,007_0154,2,3
15634,007,007_0154,3,3
15635,007,007_0154,4,3
15636,007,007_0154,5,3
15637,007,007_0154,6,3
15638,007,007_0154,7,3
15639,007,007_0154,8,3
15640,007,007_0155,1,2
15641,007,007_0155,2,2
15642,007,007_0155,3,2
15643,007,007_0155,4,2
15644,007,007_0155,5,2
15645,007,007_0155,6,2
15646,007,007_0155,7,2
15647,007,007_0155,8,2
15648,007,007_0156,1,1
15649,007,007_0156,2,1
15650,007,007_0156,3,1
15651,007,007_0156,4,1
15652,007,007_0156,5,1
15653,007,007_0156,6,1
15654,007,007_0156,7,1
15655,007,007_0156,8,1
15656,007,007_0157,1,5
15657,007,007_0157,2,5
15658,007,007_0157,3,5
15659,007,007_0157,4,5
15660,007,007_0157,5,5
15661,007,007_0157,6,5
15662,007,007_0157,7,5
15663,007,007_0157,8,5
15664,007,007_0158,1,4
15665,007,007_0158,2,4
15666,007,007_0158,3,4
15667,007,007_0158,4,4
15668,007,007_0158,5,4
15669,007,007_0158,6,4
15670,007,007_0158,7,4
15671,007,007_0158,8,4
15672,007,007_0159,1,3
15673,007,007_0159,2,3
15674,007,007_0159,3,3
15675,007,007_0159,4,3
15676,007,007_0159,5,3
15677,007,007_0159,6,3
15678,007,007_0159,7,3
15679,007,007_0159,8,3
15680,007,007_0160,1,2
15681,007,007_0160,2,2
15682,007,007_0160,3,2
15683,007,007_0160,4,2
15684,007,007_0160,5,2
15685,007,007_0160,6,2
15686,007,007_0160,7,2
15687,007,007_0160,8,2
15688,007,007_0161,1,1
15689,007,007_0161,2,1
15690,007,007_0161,3,1
15691,007,007_0161,4,1
15692,007,007_0161,5,1
15693,007,007_0161,6,1
15694,007,007_0161,7,1
15695,007,007_0161,8,1
15696,007,007_0162,1,5
15697,007,007_0162,2,5
15698,007,007_0162,3,5
15699,007,007_0162,4,5
15700,007,007_0162,5,5
15701,007,007_0162,6,5
15702,007,007_0162,7,5
15703,007,007_0162,8,5
15704,007,007_0163,1,4
15705,007,007_0163,2,4
15706,007,007_0163,3,4
15707,007,007_0163,4,4
15708,007,007_0163,5,4
15709,007,007_0163,6,4
15710,007,007_0163,7,4
15711,007,007_0163,8,4
15712,007,007_0164,1,3
15713,007,007_0164,2,3
15714,007,007_0164,3,3
15715,007,007_0164,4,3
15716,007,007_0164,5,3
15717,007,007_0164,6,3
15718,007,007_0164,7,3
15719,007,007_0164,8,3
15720,007,007_0165,1,2
15721,007,007_0165,2,2
15722,007,007_0165,3,2
15723,007,007_0165,4,2
15724,007,007_0165,5,2
15725,007,007_0165,6,2
15726,007,007_0165,7,2
15727,007,007_0165,8,2
15728,007,007_0166,1,1
15729,007,007_0166,2,1
15730,007,007_0166,3,1
15731,007,007_0166,4,1
15732,007,007_0166,5,1
15733,007,007_0166,6,1
15734,007,007_0166,7,1
15735,007,007_0166,8,1
15736,007,007_0167,1,5
15737,007,007_0167,2,5
15738,007,007_0167,3,5
15739,007,007_0167,4,5
15740,007,007_0167,5,5
15741,007,007_0167,6,5
15742,007,007_0167,7,5
15743,007,007_0167,8,5
15744,007,007_0168,1,4
15745,007,007_0168,2,4
15746,007,007_0168,3,4
15747,007,007_0168,4,4
15748,007,007_0168,5,4
15749,007,007_0168,6,4
15750,007,007_0168,7,4
15751,007,007_0168,8,4
15752,007,007_0169,1,3
15753,007,007_0169,2,3
15754,007,007_0169,3,3
15755,007,007_0169,4,3
15756,007,007_0169,5,3
15757,007,007_0169,6,3
15758,007,007_0169,7,3
15759,007,007_0169,8,3
15760,007,007_0170,1,2
15761,007,007_0170,2,2
15762,007,007_0170,3,2
15763,007,007_0170,4,2
15764,007,007_0170,5,2
15765,007,007_0170,6,2
15766,007,007_0170,7,2
15767,007,007_0170,8,2
15768,007,007_0171,1,1
15769,007,007_0171,2,1
15770,007,007_0171,3,1
15771,007,007_0171,4,1
15772,007,007_0171,5,1
15773,007,007_0171,6,1
15774,007,007_0171,7,1
15775,007,007_0171,8,1
15776,007,007_0172,1,5
15777,007,007_0172,2,5
15778,007,007_0172,3,5
15779,007,007_0172,4,5
15780,007,007_0172,5,5
15781,007,007_0172,6,5
15782,007,007_0172,7,5
15783,007,007_0172,8,5
15784,007,007_0173,1,4
15785,007,007_0173,2,4
15786,007,007_0173,3,4
15787,007,007_0173,4,4
15788,007,007_0173,5,4
15789,007,007_0173,6,4
15790,007,007_0173,7,4
15791,007,007_0173,8,4
15792,007,007_0174,1,3
15793,007,007_0174,2,3
15794,007,007_0174,3,3
15795,007,007_0174,4,3
15796,007,007_0174,5,3
15797,007,007_0174,6,3
15798,007,007_0174,7,3
15799,007,007_0174,8,3
15800,007,007_0175,1,2
15801,007,007_0175,2,2
15802,007,007_0175,3,2
15803,007,007_0175,4,2
15804,007,007_0175,5,2
15805,007,007_0175,6,2
15806,007,007_0175,7,2
15807,007,007_0175,8,2
15808,007,007_0176,1,1
15809,007,007_0176,2,1
15810,007,007_0176,3,1
15811,007,007_0176,4,1
15812,007,007_0176,5,1
15813,007,007_0176,6,1
15814,007,007_0176,7,1
15815,007,007_0176,8,1
15816,007,007_0177,1,5
15817,007,007_0177,2,5
15818,007,007_0177,3,5
15819,007,007_0177,4,5
15820,007,007_0177,5,5
15821,007,007_0177,6,5
15822,007,007_0177,7,5
15823,007,007_0177,8,5
15824,007,007_0178,1,4
15825,007,007_0178,2,4
15826,007,007_0178,3,4
15827,007,007_0178,4,4
15828,007,007_0178,5,4
15829,007,007_0178,6,4
15830,007,007_0178,7,4
15831,007,007_0178,8,4
15832,007,007_0179,1,3
15833,007,007_0179,2,3
15834,007,007_0179,3,3
15835,007,007_0179,4,3
15836,007,007_0179,5,3
15837,007,007_0179,6,3
15838,007,007_0179,7,3
15839,007,007_0179,8,3
15840,007,007_0180,1,2
15841,007,007_0180,2,2
15842,007,007_0180,3,2
15843,007,007_0180,4,2
15844,007,007_0180,5,2
15845,007,007_0180,6,2
15846,007,007_0180,7,2
15847,007,007_0180,8,2
15848,007,007_0181,1,1
15849,007,007_0181,2,1
15850,007,007_0181,3,1
15851,007,007_0181,4,1
15852,007,007_0181,5,1
15853,007,007_0181,6,1
15854,007,007_0181,7,1
15855,007,007_0181,8,1
15856,007,007_0182,1,5
15857,007,007_0182,2,5
15858,007,007_0182,3,5
15859,007,007_0182,4,5
15860,007,007_0182,5,5
15861,007,007_0182,6,5
15862,007,007_0182,7,5
15863,007,007_0182,8,5
15864,007,007_0183,1,4
15865,007,007_0183,2,4
15866,007,007_0183,3,4
15867,007,007_0183,4,4
15868,007,007_0183,5,4
15869,007,007_0183,6,4
15870,007,007_0183,7,4
15871,007,007_0183,8,4
15872,007,007_0184,1,3
15873,007,007_0184,2,3
15874,007,007_0184,3,3
15875,007,007_0184,4,3
15876,007,007_0184,5,3
15877,007,007_0184,6,3
15878,007,007_0184,7,3
15879,007,007_0184,8,3
15880,007,007_0185,1,2
15881,007,007_0185,2,2
15882,007,007_0185,3,2
15883,007,007_0185,4,2
15884,007,007_0185,5,2
15885,007,007_0185,6,2
15886,007,007_0185,7,2
15887,007,007_0185,8,2
15888,007,007_0186,1,1
15889,007,007_0186,2,1
15890,007,007_0186,3,1
15891,007,007_0186,4,1
15892,007,007_0186,5,1
15893,007,007_0186,6,1
15894,007,007_0186,7,1
15895,007,007_0186,8,1
15896,007,007_0187,1,5
15897,007,007_0187,2,5
15898,007,007_0187,3,5
15899,007,007_0187,4,5
15900,007,007_0187,5,5
15901,007,007_0187,6,5
15902,007,007_0187,7,5
15903,007,007_0187,8,5
15904,007,007_0188,1,4
15905,007,007_0188,2,4
15906,007,007_0188,3,4
15907,007,007_0188,4,4
15908,007,007_0188,5,4
15909,007,007_0188,6,4
15910,007,007_0188,7,4
15911,007,007_0188,8,4
15912,007,007_0189,1,3
15913,007,007_0189,2,3
15914,007,007_0189,3,3
15915,007,007_0189,4,3
15916,007,007_0189,5,3
15917,007,007_0189,6,3
15918,007,007_0189,7,3
15919,007,007_0189,8,3
15920,007,007_0190,1,2
15921,007,007_0190,2,2
15922,007,007_0190,3,2
15923,007,007_0190,4,2
15924,007,007_0190,5,2
15925,007,007_0190,6,2
15926,007,007_0190,7,2
15927,007,007_0190,8,2
15928,007,007_0191,1,1
15929,007,007_0191,2,1
15930,007,007_0191,3,1
15931,007,007_0191,4,1
15932,007,007_0191,5,1
15933,007,007_0191,6,1
15934,007,007_0191,7,1
15935,007,007_0191,8,1
15936,007,007_0192,1,5
15937,007,007_0192,2,5
15938,007,007_0192,3,5
15939,007,007_0192,4,5
15940,007,007_0192,5,5
15941,007,007_0192,6,5
15942,007,007_0192,7,5
15943,007,007_0192,8,5
15944,007,007_0193,1,4
15945,007,007_0193,2,4
15946,007,007_0193,3,4
15947,007,007_0193,4,4
15948,007,007_0193,5,4
15949,007,007_0193,6,4
15950,007,007_0193,7,4
15951,007,007_0193,8,4
15952,007,007_0194,1,3
15953,007,007_0194,2,3
15954,007,007_0194,3,3
15955,007,007_0194,4,3
15956,007,007_0194,5,3
15957,007,007_0194,6,3
15958,007,007_0194,7,3
15959,007,007_0194,8,3
15960,007,007_0195,1,2
15961,007,007_0195,2,2
15962,007,007_0195,3,2
15963,007,007_0195,4,2
15964,007,007_0195,5,2
15965,007,007_0195,6,2
15966,007,007_0195,7,2
15967,007,007_0195,8,2
15968,007,007_0196,1,1
15969,007,007_0196,2,1
15970,007,007_0196,3,1
15971,007,007_0196,4,1
15972,007,007_0196,5,1
15973,007,007_0196,6,1
15974,007,007_0196,7,1
15975,007,007_0196,8,1
15976,007,007_0197,1,5
15977,007,007_0197,2,5
15978,007,007_0197,3,5
15979,007,007_0197,4,5
15980,007,007_0197,5,5
15981,007,007_0197,6,5
15982,007,007_0197,7,5
15983,007,007_0197,8,5
15984,007,007_0198,1,4
15985,007,007_0198,2,4
15986,007,007_0198,3,4
15987,007,007_0198,4,4
15988,007,007_0198,5,4
15989,007,007_0198,6,4
15990,007,007_0198,7,4
15991,007,007_0198,8,4
15992,007,007_0199,1,3
15993,007,007_0199,2,3
15994,007,007_0199,3,3
15995,007,007_0199,4,3
15996,007,007_0199,5,3
15997,007,007_0199,6,3
15998,007,007_0199,7,3
15999,007,007_0199,8,3
16000,007,007_0200,1,2
16001,007,007_0200,2,2
16002,007,007_0200,3,2
16003,007,007_0200,4,2
16004,007,007_0200,5,2
16005,007,007_0200,6,2
16006,007,007_0200,7,2
16007,007,007_0200,8,2
16008,007,007_0201,1,1
16009,007,007_0201,2,1
16010,007,007_0201,3,1
16011,007,007_0201,4,1
16012,007,007_0201,5,1
16013,007,007_0201,6,1
16014,007,007_0201,7,1
16015,007,007_0201,8,1
16016,007,007_0202,1,5
16017,007,007_0202,2,5
16018,007,007_0202,3,5
16019,007,007_0202,4,5
16020,007,007_0202,5,5
16021,007,007_0202,6,5
16022,007,007_0202,7,5
16023,007,007_0202,8,5
16024,007,007_0203,1,4
16025,007,007_0203,2,4
16026,007,007_0203,3,4
16027,007,007_0203,4,4
16028,007,007_0203,5,4
16029,007,007_0203,6,4
16030,007,007_0203,7,4
16031,007,007_0203,8,4
16032,007,007_0204,1,3
16033,007,007_0204,2,3
16034,007,007_0204,3,3
16035,007,007_0204,4,3
16036,007,007_0204,5,3
16037,007,007_0204,6,3
16038,007,007_0204,7,3
16039,007,007_0204,8,3
16040,007,007_0205,1,2
16041,007,007_0205,2,2
16042,007,007_0205,3,2
16043,007,007_0205,4,2
16044,007,007_0205,5,2
16045,007,007_0205,6,2
16046,007,007_0205,7,2
16047,007,007_0205,8,2
16048,007,007_0206,1,1
16049,007,007_0206,2,1
16050,007,007_0206,3,1
16051,007,007_0206,4,1
16052,007,007_0206,5,1
16053,007,007_0206,6,1
16054,007,007_0206,7,1
16055,007,007_0206,8,1
16056,007,007_0207,1,5
16057,007,007_0207,2,5
16058,007,007_0207,3,5
16059,007,007_0207,4,5
16060,007,007_0207,5,5
16061,007,007_0207,6,5
16062,007,007_0207,7,5
16063,007,007_0207,8,5
16064,007,007_0208,1,4
16065,007,007_0208,2,4
16066,007,007_0208,3,4
16067,007,007_0208,4,4
16068,007,007_0208,5,4
16069,007,007_0208,6,4
16070,007,007_0208,7,4
16071,007,007_0208,8,4
16072,007,007_0209,1,3
16073,007,007_0209,2,3
16074,007,007_0209,3,3
16075,007,007_0209,4,3
16076,007,007_0209,5,3
16077,007,007_0209,6,3
16078,007,007_0209,7,3
16079,007,007_0209,8,3
16080,007,007_0210,1,2
16081,007,007_0210,2,2
16082,007,007_0210,3,2
16083,007,007_0210,4,2
16084,007,007_0210,5,2
16085,007,007_0210,6,2
16086,007,007_0210,7,2
16087,007,007_0210,8,2
16088,007,007_0211,1,1
16089,007,007_0211,2,1
16090,007,007_0211,3,1
16091,007,007_0211,4,1
16092,007,007_0211,5,1
16093,007,007_0211,6,1
16094,007,007_0211,7,1
16095,007,007_0211,8,1
16096,007,007_0212,1,5
16097,007,007_0212,2,5
16098,007,007_0212,3,5
16099,007,007_0212,4,5
16100,007,007_0212,5,5
16101,007,007_0212,6,5
16102,007,007_0212,7,5
16103,007,007_0212,8,5
16104,007,007_0213,1,4
16105,007,007_0213,2,4
16106,007,007_0213,3,4
16107,007,007_0213,4,4
16108,007,007_0213,5,4
16109,007,007_0213,6,4
16110,007,007_0213,7,4
16111,007,007_0213,8,4
16112,007,007_0214,1,3
16113,007,007_0214,2,3
16114,007,007_0214,3,3
16115,007,007_0214,4,3
16116,007,007_0214,5,3
16117,007,007_0214,6,3
16118,007,007_0214,7,3
16119,007,007_0214,8,3
16120,007,007_0215,1,2
16121,007,007_0215,2,2
16122,007,007_0215,3,2
16123,007,007_0215,4,2
16124,007,007_0215,5,2
16125,007,007_0215,6,2
16126,007,007_0215,7,2
16127,007,007_0215,8,2
16128,007,007_0216,1,1
16129,007,007_0216,2,1
16130,007,007_0216,3,1
16131,007,007_0216,4,1
16132,007,007_0216,5,1
16133,007,007_0216,6,1
16134,007,007_0216,7,1
16135,007,007_0216,8,1
16136,007,007_0217,1,5
16137,007,007_0217,2,5
16138,007,007_0217,3,5
16139,007,007_0217,4,5
16140,007,007_0217,5,5
16141,007,007_0217,6,5
16142,007,007_0217,7,5
16143,007,007_0217,8,5
16144,007,007_0218,1,4
16145,007,007_0218,2,4
16146,007,007_0218,3,4
16147,007,007_0218,4,4
16148,007,007_0218,5,4
16149,007,007_0218,6,4
16150,007,007_0218,7,4
16151,007,007_0218,8,4
16152,007,007_0219,1,3
16153,007,007_0219,2,3
16154,007,007_0219,3,3
16155,007,007_0219,4,3
16156,007,007_0219,5,3
16157,007,007_0219,6,3
16158,007,007_0219,7,3
16159,007,007_0219,8,3
16160,007,007_0220,1,2
16161,007,007_0220,2,2
16162,007,007_0220,3,2
16163,007,007_0220,4,2
16164,007,007_0220,5,2
16165,007,007_0220,6,2
16166,007,007_0220,7,2
16167,007,007_0220,8,2
16168,007,007_0221,1,1
16169,007,007_0221,2,1
16170,007,007_0221,3,1
16171,007,007_0221,4,1
16172,007,007_0221,5,1
16173,007,007_0221,6,1
16174,007,007_0221,7,1
16175,007,007_0221,8,1
16176,007,007_0222,1,5
16177,007,007_0222,2,5
16178,007,007_0222,3,5
16179,007,007_0222,4,5
16180,007,007_0222,5,5
16181,007,007_0222,6,5
16182,007,007_0222,7,5
16183,007,007_0222,8,5
16184,007,007_0223,1,4
16185,007,007_0223,2,4
16186,007,007_0223,3,4
16187,007,007_0223,4,4
16188,007,007_0223,5,4
16189,007,007_0223,6,4
16190,007,007_0223,7,4
16191,007,007_0223,8,4
16192,007,007_0224,1,3
16193,007,007_0224,2,3
16194,007,007_0224,3,3
16195,007,007_0224,4,3
16196,007,007_0224,5,3
16197,007,007_0224,6,3
16198,007,007_0224,7,3
16199,007,007_0224,8,3
16200,007,007_0225,1,2
16201,007,007_0225,2,2
16202,007,007_0225,3,2
16203,007,007_0225,4,2
16204,007,007_0225,5,2
16205,007,007_0225,6,2
16206,007,007_0225,7,2
16207,007,007_0225,8,2
16208,007,007_0226,1,1
16209,007,007_0226,2,1
16210,007,007_0226,3,1
16211,007,007_0226,4,1
16212,007,007_0226,5,1
16213,007,007_0226,6,1
16214,007,007_0226,7,1
16215,007,007_0226,8,1
16216,007,007_0227,1,5
16217,007,007_0227,2,5
16218,007,007_0227,3,5
16219,007,007_0227,4,5
16220,007,007_0227,5,5
16221,007,007_0227,6,5
16222,007,007_0227,7,5
16223,007,007_0227,8,5
16224,007,007_0228,1,4
16225,007,007_0228,2,4
16226,007,007_0228,3,4
16227,007,007_0228,4,4
16228,007,007_0228,5,4
16229,007,007_0228,6,4
16230,007,007_0228,7,4
16231,007,007_0228,8,4
16232,007,007_0229,1,3
16233,007,007_0229,2,3
16234,007,007_0229,3,3
16235,007,007_0229,4,3
16236,007,007_0229,5,3
16237,007,007_0229,6,3
16238,007,007_0229,7,3
16239,007,007_0229,8,3
16240,007,007_0230,1,2
16241,007,007_0230,2,2
16242,007,007_0230,3,2
16243,007,007_0230,4,2
16244,007,007_0230,5,2
16245,007,007_0230,6,2
16246,007,007_0230,7,2
16247,007,007_0230,8,2
16248,007,007_0231,1,1
16249,007,007_0231,2,1
16250,007,007_0231,3,1
16251,007,007_0231,4,1
16252,007,007_0231,5,1
16253,007,007_0231,6,1
16254,007,007_0231,7,1
16255,007,007_0231,8,1
16256,007,007_0232,1,5
16257,007,007_0232,2,5
16258,007,007_0232,3,5
16259,007,007_0232,4,5
16260,007,007_0232,5,5
16261,007,007_0232,6,5
16262,007,007_0232,7,5
16263,007,007_0232,8,5
16264,007,007_0233,1,4
16265,007,007_0233,2,4
16266,007,007_0233,3,4
16267,007,007_0233,4,4
16268,007,007_0233,5,4
16269,007,007_0233,6,4
16270,007,007_0233,7,4
16271,007,007_0233,8,4
16272,007,007_0234,1,3
16273,007,007_0234,2,3
16274,007,007_0234,3,3
16275,007,007_0234,4,3
16276,007,007_0234,5,3
16277,007,007_0234,6,3
16278,007,007_0234,7,3
16279,007,007_0234,8,3
16280,007,007_0235,1,2
16281,007,007_0235,2,2
16282,007,007_0235,3,2
16283,007,007_0235,4,2
16284,007,007_0235,5,2
16285,007,007_0235,6,2
16286,007,007_0235,7,2
16287,007,007_0235,8,2
16288,007,007_0236,1,1
16289,007,007_0236,2,1
16290,007,007_0236,3,1
16291,007,007_0236,4,1
16292,007,007_0236,5,1
16293,007,007_0236,6,1
16294,007,007_0236,7,1
16295,007,007_0236,8,1
16296,007,007_0237,1,5
16297,007,007_0237,2,5
16298,007,007_0237,3,5
16299,007,007_0237,4,5
16300,007,007_0237,5,5
16301,007,007_0237,6,5
16302,007,007_0237,7,5
16303,007,007_0237,8,5
16304,007,007_0238,1,4
16305,007,007_0238,2,4
16306,007,007_0238,3,4
16307,007,007_0238,4,4
16308,007,007_0238,5,4
16309,007,007_0238,6,4
16310,007,007_0238,7,4
16311,007,007_0238,8,4
16312,007,007_0239,1,3
16313,007,007_0239,2,3
16314,007,007_0239,3,3
16315,007,007_0239,4,3
16316,007,007_0239,5,3
16317,007,007_0239,6,3
16318,007,007_0239,7,3
16319,007,007_0239,8,3
16320,007,007_0240,1,2
16321,007,007_0240,2,2
16322,007,007_0240,3,2
16323,007,007_0240,4,2
16324,007,007_0240,5,2
16325,007,007_0240,6,2
16326,007,007_0240,7,2
16327,007,007_0240,8,2
16328,007,007_0241,1,1
16329,007,007_0241,2,1
16330,007,007_0241,3,1
16331,007,007_0241,4,1
16332,007,007_0241,5,1
16333,007,007_0241,6,1
16334,007,007_0241,7,1
16335,007,007_0241,8,1
16336,007,007_0242,1,5
16337,007,007_0242,2,5
16338,007,007_0242,3,5
16339,007,007_0242,4,5
16340,007,007_0242,5,5
16341,007,007_0242,6,5
16342,007,007_0242,7,5
16343,007,007_0242,8,5
16344,007,007_0243,1,4
16345,007,007_0243,2,4
16346,007,007_0243,3,4
16347,007,007_0243,4,4
16348,007,007_0243,5,4
16349,007,007_0243,6,4
16350,007,007_0243,7,4
16351,007,007_0243,8,4
16352,007,007_0244,1,3
16353,007,007_0244,2,3
16354,007,007_0244,3,3
16355,007,007_0244,4,3
16356,007,007_0244,5,3
16357,007,007_0244,6,3
16358,007,007_0244,7,3
16359,007,007_0244,8,3
16360,007,007_0245,1,2
16361,007,007_0245,2,2
16362,007,007_0245,3,2
16363,007,007_0245,4,2
16364,007,007_0245,5,2
16365,007,007_0245,6,2
16366,007,007_0245,7,2
16367,007,007_0245,8,2
16368,007,007_0246,1,1
16369,007,007_0246,2,1
16370,007,007_0246,3,1
16371,007,007_0246,4,1
16372,007,007_0246,5,1
16373,007,007_0246,6,1
16374,007,007_0246,7,1
16375,007,007_0246,8,1
16376,007,007_0247,1,5
16377,007,007_0247,2,5
16378,007,007_0247,3,5
16379,007,007_0247,4,5
16380,007,007_0247,5,5
16381,007,007_0247,6,5
16382,007,007_0247,7,5
16383,007,007_0247,8,5
16384,007,007_0248,1,4
16385,007,007_0248,2,4
16386,007,007_0248,3,4
16387,007,007_0248,4,4
16388,007,007_0248,5,4
16389,007,007_0248,6,4
16390,007,007_0248,7,4
16391,007,007_0248,8,4
16392,007,007_0249,1,3
16393,007,007_0249,2,3
16394,007,007_0249,3,3
16395,007,007_0249,4,3
16396,007,007_0249,5,3
16397,007,007_0249,6,3
16398,007,007_0249,7,3
16399,007,007_0249,8,3
16400,007,007_0250,1,2
16401,007,007_0250,2,2
16402,007,007_0250,3,2
16403,007,007_0250,4,2
16404,007,007_0250,5,2
16405,007,007_0250,6,2
16406,007,007_0250,7,2
16407,007,007_0250,8,2
16408,007,007_0251,1,1
16409,007,007_0251,2,1
16410,007,007_0251,3,1
16411,007,007_0251,4,1
16412,007,007_0251,5,1
16413,007,007_0251,6,1
16414,007,007_0251,7,1
16415,007,007_0251,8,1
16416,007,007_0252,1,5
16417,007,007_0252,2,5
16418,007,007_0252,3,5
16419,007,007_0252,4,5
16420,007,007_0252,5,5
16421,007,007_0252,6,5
16422,007,007_0252,7,5
16423,007,007_0252,8,5
16424,007,007_0253,1,4
16425,007,007_0253,2,4
16426,007,007_0253,3,4
16427,007,007_0253,4,4
16428,007,007_0253,5,4
16429,007,007_0253,6,4
16430,007,007_0253,7,4
16431,007,007_0253,8,4
16432,007,007_0254,1,3
16433,007,007_0254,2,3
16434,007,007_0254,3,3
16435,007,007_0254,4,3
16436,007,007_0254,5,3
16437,007,007_0254,6,3
16438,007,007_0254,7,3
16439,007,007_0254,8,3
16440,007,007_0255,1,2
16441,007,007_0255,2,2
16442,007,007_0255,3,2
16443,007,007_0255,4,2
16444,007,007_0255,5,2
16445,007,007_0255,6,2
16446,007,007_0255,7,2
16447,007,007_0255,8,2
16448,007,007_0256,1,1
16449,007,007_0256,2,1
16450,007,007_0256,3,1
16451,007,007_0256,4,1
16452,007,007_0256,5,1
16453,007,007_0256,6,1
16454,007,007_0256,7,1
16455,007,007_0256,8,1
16456,007,007_0257,1,5
16457,007,007_0257,2,5
16458,007,007_0257,3,5
16459,007,007_0257,4,5
16460,007,007_0257,5,5
16461,007,007_0257,6,5
16462,007,007_0257,7,5
16463,007,007_0257,8,5
16464,007,007_0258,1,4
16465,007,007_0258,2,4
16466,007,007_0258,3,4
16467,007,007_0258,4,4
16468,007,007_0258,5,4
16469,007,007_0258,6,4
16470,007,007_0258,7,4
16471,007,007_0258,8,4
16472,007,007_0259,1,3
16473,007,007_0259,2,3
16474,007,007_0259,3,3
16475,007,007_0259,4,3
16476,007,007_0259,5,3
16477,007,007_0259,6,3
16478,007,007_0259,7,3
16479,007,007_0259,8,3
16480,007,007_0260,1,2
16481,007,007_0260,2,2
16482,007,007_0260,3,2
16483,007,007_0260,4,2
16484,007,007_0260,5,2
16485,007,007_0260,6,2
16486,007,007_0260,7,2
16487,007,007_0260,8,2
16488,007,007_0261,1,1
16489,007,007_0261,2,1
16490,007,007_0261,3,1
16491,007,007_0261,4,1
16492,007,007_0261,5,1
16493,007,007_0261,6,1
16494,007,007_0261,7,1
16495,007,007_0261,8,1
16496,007,007_0262,1,5
16497,007,007_0262,2,5
16498,007,007_0262,3,5
16499,007,007_0262,4,5
16500,007,007_0262,5,5
16501,007,007_0262,6,5
16502,007,007_0262,7,5
16503,007,007_0262,8,5
16504,007,007_0263,1,4
16505,007,007_0263,2,4
16506,007,007_0263,3,4
16507,007,007_0263,4,4
16508,007,007_0263,5,4
16509,007,007_0263,6,4
16510,007,007_0263,7,4
16511,007,007_0263,8,4
16512,007,007_0264,1,3
16513,007,007_0264,2,3
16514,007,007_0264,3,3
16515,007,007_0264,4,3
16516,007,007_0264,5,3
16517,007,007_0264,6,3
16518,007,007_0264,7,3
16519,007,007_0264,8,3
16520,007,007_0265,1,2
16521,007,007_0265,2,2
16522,007,007_0265,3,2
16523,007,007_0265,4,2
16524,007,007_0265,5,2
16525,007,007_0265,6,2
16526,007,007_0265,7,2
16527,007,007_0265,8,2
16528,007,007_0266,1,1
16529,007,007_0266,2,1
16530,007,007_0266,3,1
16531,007,007_0266,4,1
16532,007,007_0266,5,1
16533,007,007_0266,6,1
16534,007,007_0266,7,1
16535,007,007_0266,8,1
16536,007,007_0267,1,5
16537,007,007_0267,2,5
16538,007,007_0267,3,5
16539,007,007_0267,4,5
16540,007,007_0267,5,5
16541,007,007_0267,6,5
16542,007,007_0267,7,5
16543,007,007_0267,8,5
16544,007,007_0268,1,4
16545,007,007_0268,2,4
16546,007,007_0268,3,4
16547,007,007_0268,4,4
16548,007,007_0268,5,4
16549,007,007_0268,6,4
16550,007,007_0268,7,4
16551,007,007_0268,8,4
16552,007,007_0269,1,3
16553,007,007_0269,2,3
16554,007,007_0269,3,3
16555,007,007_0269,4,3
16556,007,007_0269,5,3
16557,007,007_0269,6,3
16558,007,007_0269,7,3
16559,007,007_0269,8,3
16560,007,007_0270,1,2
16561,007,007_0270,2,2
16562,007,007_0270,3,2
16563,007,007_0270,4,2
16564,007,007_0270,5,2
16565,007,007_0270,6,2
16566,007,007_0270,7,2
16567,007,007_0270,8,2
16568,007,007_0271,1,1
16569,007,007_0271,2,1
16570,007,007_0271,3,1
16571,007,007_0271,4,1
16572,007,007_0271,5,1
16573,007,007_0271,6,1
16574,007,007_0271,7,1
16575,007,007_0271,8,1
16576,007,007_0272,1,5
16577,007,007_0272,2,5
16578,007,007_0272,3,5
16579,007,007_0272,4,5
16580,007,007_0272,5,5
16581,007,007_0272,6,5
16582,007,007_0272,7,5
16583,007,007_0272,8,5
16584,007,007_0273,1,4
16585,007,007_0273,2,4
16586,007,007_0273,3,4
16587,007,007_0273,4,4
16588,007,007_0273,5,4
16589,007,007_0273,6,4
16590,007,007_0273,7,4
16591,007,007_0273,8,4
16592,007,007_0274,1,3
16593,007,007_0274,2,3
16594,007,007_0274,3,3
16595,007,007_0274,4,3
16596,007,007_0274,5,3
16597,007,007_0274,6,3
16598,007,007_0274,7,3
16599,007,007_0274,8,3
16600,007,007_0275,1,2
16601,007,007_0275,2,2
16602,007,007_0275,3,2
16603,007,007_0275,4,2
16604,007,007_0275,5,2
16605,007,007_0275,6,2
16606,007,007_0275,7,2
16607,007,007_0275,8,2
16608,007,007_0276,1,1
16609,007,007_0276,2,1
16610,007,007_0276,3,1
16611,007,007_0276,4,1
16612,007,007_0276,5,1
16613,007,007_0276,6,1
16614,007,007_0276,7,1
16615,007,007_0276,8,1
16616,007,007_0277,1,5
16617,007,007_0277,2,5
16618,007,007_0277,3,5
16619,007,007_0277,4,5
16620,007,007_0277,5,5
16621,007,007_0277,6,5
16622,007,007_0277,7,5
16623,007,007_0277,8,5
16624,007,007_0278,1,4
16625,007,007_0278,2,4
16626,007,007_0278,3,4
16627,007,007_0278,4,4
16628,007,007_0278,5,4
16629,007,007_0278,6,4
16630,007,007_0278,7,4
16631,007,007_0278,8,4
16632,007,007_0279,1,3
16633,007,007_0279,2,3
16634,007,007_0279,3,3
16635,007,007_0279,4,3
16636,007,007_0279,5,3
16637,007,007_0279,6,3
16638,007,007_0279,7,3
16639,007,007_0279,8,3
16640,007,007_0280,1,2
16641,007,007_0280,2,2
16642,007,007_0280,3,2
16643,007,007_0280,4,2
16644,007,007_0280,5,2
16645,007,007_0280,6,2
16646,007,007_0280,7,2
16647,007,007_0280,8,2
16648,007,007_0281,1,1
16649,007,007_0281,2,1
16650,007,007_0281,3,1
16651,007,007_0281,4,1
16652,007,007_0281,5,1
16653,007,007_0281,6,1
16654,007,007_0281,7,1
16655,007,007_0281,8,1
16656,007,007_0282,1,5
16657,007,007_0282,2,5
16658,007,007_0282,3,5
16659,007,007_0282,4,5
16660,007,007_0282,5,5
16661,007,007_0282,6,5
16662,007,007_0282,7,5
16663,007,007_0282,8,5
16664,007,007_0283,1,4
16665,007,007_0283,2,4
16666,007,007_0283,3,4
16667,007,007_0283,4,4
16668,007,007_0283,5,4
16669,007,007_0283,6,4
16670,007,007_0283,7,4
16671,007,007_0283,8,4
16672,007,007_0284,1,3
16673,007,007_0284,2,3
16674,007,007_0284,3,3
16675,007,007_0284,4,3
16676,007,007_0284,5,3
16677,007,007_0284,6,3
16678,007,007_0284,7,3
16679,007,007_0284,8,3
16680,007,007_0285,1,2
16681,007,007_0285,2,2
16682,007,007_0285,3,2
16683,007,007_0285,4,2
16684,007,007_0285,5,2
16685,007,007_0285,6,2
16686,007,007_0285,7,2
16687,007,007_0285,8,2
16688,007,007_0286,1,1
16689,007,007_0286,2,1
16690,007,007_0286,3,1
16691,007,007_0286,4,1
16692,007,007_0286,5,1
16693,007,007_0286,6,1
16694,007,007_0286,7,1
16695,007,007_0286,8,1
16696,007,007_0287,1,5
16697,007,007_0287,2,5
16698,007,007_0287,3,5
16699,007,007_0287,4,5
16700,007,007_0287,5,5
16701,007,007_0287,6,5
16702,007,007_0287,7,5
16703,007,007_0287,8,5
16704,007,007_0288,1,4
16705,007,007_0288,2,4
16706,007,007_0288,3,4
16707,007,007_0288,4,4
16708,007,007_0288,5,4
16709,007,007_0288,6,4
16710,007,007_0288,7,4
16711,007,007_0288,8,4
16712,007,007_0289,1,3
16713,007,007_0289,2,3
16714,007,007_0289,3,3
16715,007,007_0289,4,3
16716,007,007_0289,5,3
16717,007,007_0289,6,3
16718,007,007_0289,7,3
16719,007,007_0289,8,3
16720,007,007_0290,1,2
16721,007,007_0290,2,2
16722,007,007_0290,3,2
16723,007,007_0290,4,2
16724,007,007_0290,5,2
16725,007,007_0290,6,2
16726,007,007_0290,7,2
16727,007,007_0290,8,2
16728,007,007_0291,1,1
16729,007,007_0291,2,1
16730,007,007_0291,3,1
16731,007,007_0291,4,1
16732,007,007_0291,5,1
16733,007,007_0291,6,1
16734,007,007_0291,7,1
16735,007,007_0291,8,1
16736,007,007_0292,1,5
16737,007,007_0292,2,5
16738,007,007_0292,3,5
16739,007,007_0292,4,5
16740,007,007_0292,5,5
16741,007,007_0292,6,5
16742,007,007_0292,7,5
16743,007,007_0292,8,5
16744,007,007_0293,1,4
16745,007,007_0293,2,4
16746,007,007_0293,3,4
16747,007,007_0293,4,4
16748,007,007_0293,5,4
16749,007,007_0293,6,4
16750,007,007_0293,7,4
16751,007,007_0293,8,4
16752,007,007_0294,1,3
16753,007,007_0294,2,3
16754,007,007_0294,3,3
16755,007,007_0294,4,3
16756,007,007_0294,5,3
16757,007,007_0294,6,3
16758,007,007_0294,7,3
16759,007,007_0294,8,3
16760,007,007_0295,1,2
16761,007,007_0295,2,2
16762,007,007_0295,3,2
16763,007,007_0295,4,2
16764,007,007_0295,5,2
16765,007,007_0295,6,2
16766,007,007_0295,7,2
16767,007,007_0295,8,2
16768,007,007_0296,1,1
16769,007,007_0296,2,1
16770,007,007_0296,3,1
16771,007,007_0296,4,1
16772,007,007_0296,5,1
16773,007,007_0296,6,1
16774,007,007_0296,7,1
16775,007,007_0296,8,1
16776,007,007_0297,1,5
16777,007,007_0297,2,5
16778,007,007_0297,3,5
16779,007,007_0297,4,5
16780,007,007_0297,5,5
16781,007,007_0297,6,5
16782,007,007_0297,7,5
16783,007,007_0297,8,5
16784,007,007_0298,1,4
16785,007,007_0298,2,4
16786,007,007_0298,3,4
16787,007,007_0298,4,4
16788,007,007_0298,5,4
16789,007,007_0298,6,4
16790,007,007_0298,7,4
16791,007,007_0298,8,4
16792,007,007_0299,1,3
16793,007,007_0299,2,3
16794,007,007_0299,3,3
16795,007,007_0299,4,3
16796,007,007_0299,5,3
16797,007,007_0299,6,3
16798,007,007_0299,7,3
16799,007,007_0299,8,3
16800,007,007_0300,1,2
16801,007,007_0300,2,2
16802,007,007_0300,3,2
16803,007,007_0300,4,2
16804,007,007_0300,5,2
16805,007,007_0300,6,2
16806,007,007_0300,7,2
16807,007,007_0300,8,2
16808,007,007_0301,1,1
16809,007,007_0301,2,1
16810,007,007_0301,3,1
16811,007,007_0301,4,1
16812,007,007_0301,5,1
16813,007,007_0301,6,1
16814,007,007_0301,7,1
16815,007,007_0301,8,1
16816,007,007_0302,1,5
16817,007,007_0302,2,5
16818,007,007_0302,3,5
16819,007,007_0302,4,5
16820,007,007_0302,5,5
16821,007,007_0302,6,5
16822,007,007_0302,7,5
16823,007,007_0302,8,5
16824,007,007_0303,1,4
16825,007,007_0303,2,4
16826,007,007_0303,3,4
16827,007,007_0303,4,4
16828,007,007_0303,5,4
16829,007,007_0303,6,4
16830,007,007_0303,7,4
16831,007,007_0303,8,4
16832,007,007_0304,1,3
16833,007,007_0304,2,3
16834,007,007_0304,3,3
16835,007,007_0304,4,3
16836,007,007_0304,5,3
16837,007,007_0304,6,3
16838,007,007_0304,7,3
16839,007,007_0304,8,3
16840,007,007_0305,1,2
16841,007,007_0305,2,2
16842,007,007_0305,3,2
16843,007,007_0305,4,2
16844,007,007_0305,5,2
16845,007,007_0305,6,2
16846,007,007_0305,7,2
16847,007,007_0305,8,2
16848,007,007_0306,1,1
16849,007,007_0306,2,1
16850,007,007_0306,3,1
16851,007,007_0306,4,1
16852,007,007_0306,5,1
16853,007,007_0306,6,1
16854,007,007_0306,7,1
16855,007,007_0306,8,1
16856,007,007_0307,1,5
16857,007,007_0307,2,5
16858,007,007_0307,3,5
16859,007,007_0307,4,5
16860,007,007_0307,5,5
16861,007,007_0307,6,5
16862,007,007_0307,7,5
16863,007,007_0307,8,5
16864,007,007_0308,1,4
16865,007,007_0308,2,4
16866,007,007_0308,3,4
16867,007,007_0308,4,4
16868,007,007_0308,5,4
16869,007,007_0308,6,4
16870,007,007_0308,7,4
16871,007,007_0308,8,4
16872,007,007_0309,1,3
16873,007,007_0309,2,3
16874,007,007_0309,3,3
16875,007,007_0309,4,3
16876,007,007_0309,5,3
16877,007,007_0309,6,3
16878,007,007_0309,7,3
16879,007,007_0309,8,3
16880,007,007_0310,1,2
16881,007,007_0310,2,2
16882,007,007_0310,3,2
16883,007,007_0310,4,2
16884,007,007_0310,5,2
16885,007,007_0310,6,2
16886,007,007_0310,7,2
16887,007,007_0310,8,2
16888,007,007_0311,1,1
16889,007,007_0311,2,1
16890,007,007_0311,3,1
16891,007,007_0311,4,1
16892,007,007_0311,5,1
16893,007,007_0311,6,1
16894,007,007_0311,7,1
16895,007,007_0311,8,1
16896,007,007_0312,1,5
16897,007,007_0312,2,5
16898,007,007_0312,3,5
16899,007,007_0312,4,5
16900,007,007_0312,5,5
16901,007,007_0312,6,5
16902,007,007_0312,7,5
16903,007,007_0312,8,5
16904,007,007_0313,1,4
16905,007,007_0313,2,4
16906,007,007_0313,3,4
16907,007,007_0313,4,4
16908,007,007_0313,5,4
16909,007,007_0313,6,4
16910,007,007_0313,7,4
16911,007,007_0313,8,4
16912,007,007_0314,1,3
16913,007,007_0314,2,3
16914,007,007_0314,3,3
16915,007,007_0314,4,3
16916,007,007_0314,5,3
16917,007,007_0314,6,3
16918,007,007_0314,7,3
16919,007,007_0314,8,3
16920,007,007_0315,1,2
16921,007,007_0315,2,2
16922,007,007_0315,3,2
16923,007,007_0315,4,2
16924,007,007_0315,5,2
16925,007,007_0315,6,2
16926,007,007_0315,7,2
16927,007,007_0315,8,2
16928,007,007_0316,1,1
16929,007,007_0316,2,1
16930,007,007_0316,3,1
16931,007,007_0316,4,1
16932,007,007_0316,5,1
16933,007,007_0316,6,1
16934,007,007_0316,7,1
16935,007,007_0316,8,1
16936,007,007_0317,1,5
16937,007,007_0317,2,5
16938,007,007_0317,3,5
16939,007,007_0317,4,5
16940,007,007_0317,5,5
16941,007,007_0317,6,5
16942,007,007_0317,7,5
16943,007,007_0317,8,5
16944,007,007_0318,1,4
16945,007,007_0318,2,4
16946,007,007_0318,3,4
16947,007,007_0318,4,4
16948,007,007_0318,5,4
16949,007,007_0318,6,4
16950,007,007_0318,7,4
16951,007,007_0318,8,4
16952,007,007_0319,1,3
16953,007,007_0319,2,3
16954,007,007_0319,3,3
16955,007,007_0319,4,3
16956,007,007_0319,5,3
16957,007,007_0319,6,3
16958,007,007_0319,7,3
16959,007,007_0319,8,3
16960,007,007_0320,1,2
16961,007,007_0320,2,2
16962,007,007_0320,3,2
16963,007,007_0320,4,2
16964,007,007_0320,5,2
16965,007,007_0320,6,2
16966,007,007_0320,7,2
16967,007,007_0320,8,2
16968,007,007_0321,1,1
16969,007,007_0321,2,1
16970,007,007_0321,3,1
16971,007,007_0321,4,1
16972,007,007_0321,5,1
16973,007,007_0321,6,1
16974,007,007_0321,7,1
16975,007,007_0321,8,1
16976,007,007_0322,1,5
16977,007,007_0322,2,5
16978,007,007_0322,3,5
16979,007,007_0322,4,5
16980,007,007_0322,5,5
16981,007,007_0322,6,5
16982,007,007_0322,7,5
16983,007,007_0322,8,5
16984,007,007_0323,1,4
16985,007,007_0323,2,4
16986,007,007_0323,3,4
16987,007,007_0323,4,4
16988,007,007_0323,5,4
16989,007,007_0323,6,4
16990,007,007_0323,7,4
16991,007,007_0323,8,4
16992,007,007_0324,1,3
16993,007,007_0324,2,3
16994,007,007_0324,3,3
16995,007,007_0324,4,3
16996,007,007_0324,5,3
16997,007,007_0324,6,3
16998,007,007_0324,7,3
16999,007,007_0324,8,3
17000,007,007_0325,1,2
17001,007,007_0325,2,2
17002,007,007_0325,3,2
17003,007,007_0325,4,2
17004,007,007_0325,5,2
17005,007,007_0325,6,2
17006,007,007_0325,7,2
17007,007,007_0325,8,2
17008,007,007_0326,1,1
17009,007,007_0326,2,1
17010,007,007_0326,3,1
17011,007,007_0326,4,1
17012,007,007_0326,5,1
17013,007,007_0326,6,1
17014,007,007_0326,7,1
17015,007,007_0326,8,1
17016,007,007_0327,1,5
17017,007,007_0327,2,5
17018,007,007_0327,3,5
17019,007,007_0327,4,5
17020,007,007_0327,5,5
17021,007,007_0327,6,5
17022,007,007_0327,7,5
17023,007,007_0327,8,5
17024,007,007_0328,1,4
17025,007,007_0328,2,4
17026,007,007_0328,3,4
17027,007,007_0328,4,4
17028,007,007_0328,5,4
17029,007,007_0328,6,4
17030,007,007_0328,7,4
17031,007,007_0328,8,4
17032,007,007_0329,1,3
17033,007,007_0329,2,3
17034,007,007_0329,3,3
17035,007,007_0329,4,3
17036,007,007_0329,5,3
17037,007,007_0329,6,3
17038,007,007_0329,7,3
17039,007,007_0329,8,3
17040,007,007_0330,1,2
17041,007,007_0330,2,2
17042,007,007_0330,3,2
17043,007,007_0330,4,2
17044,007,007_0330,5,2
17045,007,007_0330,6,2
17046,007,007_0330,7,2
17047,007,007_0330,8,2
17048,007,007_0331,1,1
17049,007,007_0331,2,1
17050,007,007_0331,3,1
17051,007,007_0331,4,1
17052,007,007_0331,5,1
17053,007,007_0331,6,1
17054,007,007_0331,7,1
17055,007,007_0331,8,1
17056,007,007_0332,1,5
17057,007,007_0332,2,5
17058,007,007_0332,3,5
17059,007,007_0332,4,5
17060,007,007_0332,5,5
17061,007,007_0332,6,5
17062,007,007_0332,7,5
17063,007,007_0332,8,5
17064,007,007_0333,1,4
17065,007,007_0333,2,4
17066,007,007_0333,3,4
17067,007,007_0333,4,4
17068,007,007_0333,5,4
17069,007,007_0333,6,4
17070,007,007_0333,7,4
17071,007,007_0333,8,4
17072,007,007_0334,1,3
17073,007,007_0334,2,3
17074,007,007_0334,3,3
17075,007,007_0334,4,3
17076,007,007_0334,5,3
17077,007,007_0334,6,3
17078,007,007_0334,7,3
17079,007,007_0334,8,3
17080,007,007_0335,1,2
17081,007,007_0335,2,2
17082,007,007_0335,3,2
17083,007,007_0335,4,2
17084,007,007_0335,5,2
17085,007,007_0335,6,2
17086,007,007_0335,7,2
17087,007,007_0335,8,2
17088,007,007_0336,1,1
17089,007,007_0336,2,1
17090,007,007_0336,3,1
17091,007,007_0336,4,1
17092,007,007_0336,5,1
17093,007,007_0336,6,1
17094,007,007_0336,7,1
17095,007,007_0336,8,1
17096,007,007_0337,1,5
17097,007,007_0337,2,5
17098,007,007_0337,3,5
17099,007,007_0337,4,5
17100,007,007_0337,5,5
17101,007,007_0337,6,5
17102,007,007_0337,7,5
17103,007,007_0337,8,5
17104,007,007_0338,1,4
17105,007,007_0338,2,4
17106,007,007_0338,3,4
17107,007,007_0338,4,4
17108,007,007_0338,5,4
17109,007,007_0338,6,4
17110,007,007_0338,7,4
17111,007,007_0338,8,4
17112,007,007_0339,1,3
17113,007,007_0339,2,3
17114,007,007_0339,3,3
17115,007,007_0339,4,3
17116,007,007_0339,5,3
17117,007,007_0339,6,3
17118,007,007_0339,7,3
17119,007,007_0339,8,3
17120,007,007_0340,1,2
17121,007,007_0340,2,2
17122,007,007_0340,3,2
17123,007,007_0340,4,2
17124,007,007_0340,5,2
17125,007,007_0340,6,2
17126,007,007_0340,7,2
17127,007,007_0340,8,2
17128,007,007_0341,1,1
17129,007,007_0341,2,1
17130,007,007_0341,3,1
17131,007,007_0341,4,1
17132,007,007_0341,5,1
17133,007,007_0341,6,1
17134,007,007_0341,7,1
17135,007,007_0341,8,1
17136,007,007_0342,1,5
17137,007,007_0342,2,5
17138,007,007_0342,3,5
17139,007,007_0342,4,5
17140,007,007_0342,5,5
17141,007,007_0342,6,5
17142,007,007_0342,7,5
17143,007,007_0342,8,5
17144,007,007_0343,1,4
17145,007,007_0343,2,4
17146,007,007_0343,3,4
17147,007,007_0343,4,4
17148,007,007_0343,5,4
17149,007,007_0343,6,4
17150,007,007_0343,7,4
17151,007,007_0343,8,4
17152,007,007_0344,1,3
17153,007,007_0344,2,3
17154,007,007_0344,3,3
17155,007,007_0344,4,3
17156,007,007_0344,5,3
17157,007,007_0344,6,3
17158,007,007_0344,7,3
17159,007,007_0344,8,3
17160,007,007_0345,1,2
17161,007,007_0345,2,2
17162,007,007_0345,3,2
17163,007,007_0345,4,2
17164,007,007_0345,5,2
17165,007,007_0345,6,2
17166,007,007_0345,7,2
17167,007,007_0345,8,2
17168,007,007_0346,1,1
17169,007,007_0346,2,1
17170,007,007_0346,3,1
17171,007,007_0346,4,1
17172,007,007_0346,5,1
17173,007,007_0346,6,1
17174,007,007_0346,7,1
17175,007,007_0346,8,1
17176,007,007_0347,1,5
17177,007,007_0347,2,5
17178,007,007_0347,3,5
17179,007,007_0347,4,5
17180,007,007_0347,5,5
17181,007,007_0347,6,5
17182,007,007_0347,7,5
17183,007,007_0347,8,5
17184,007,007_0348,1,4
17185,007,007_0348,2,4
17186,007,007_0348,3,4
17187,007,007_0348,4,4
17188,007,007_0348,5,4
17189,007,007_0348,6,4
17190,007,007_0348,7,4
17191,007,007_0348,8,4
17192,007,007_0349,1,3
17193,007,007_0349,2,3
17194,007,007_0349,3,3
17195,007,007_0349,4,3
17196,007,007_0349,5,3
17197,007,007_0349,6,3
17198,007,007_0349,7,3
17199,007,007_0349,8,3
17200,007,007_0350,1,2
17201,007,007_0350,2,2
17202,007,007_0350,3,2
17203,007,007_0350,4,2
17204,007,007_0350,5,2
17205,007,007_0350,6,2
17206,007,007_0350,7,2
17207,007,007_0350,8,2
17208,007,007_0351,1,1
17209,007,007_0351,2,1
17210,007,007_0351,3,1
17211,007,007_0351,4,1
17212,007,007_0351,5,1
17213,007,007_0351,6,1
17214,007,007_0351,7,1
17215,007,007_0351,8,1
17216,007,007_0352,1,5
17217,007,007_0352,2,5
17218,007,007_0352,3,5
17219,007,007_0352,4,5
17220,007,007_0352,5,5
17221,007,007_0352,6,5
17222,007,007_0352,7,5
17223,007,007_0352,8,5
17224,007,007_0353,1,4
17225,007,007_0353,2,4
17226,007,007_0353,3,4
17227,007,007_0353,4,4
17228,007,007_0353,5,4
17229,007,007_0353,6,4
17230,007,007_0353,7,4
17231,007,007_0353,8,4
17232,007,007_0354,1,3
17233,007,007_0354,2,3
17234,007,007_0354,3,3
17235,007,007_0354,4,3
17236,007,007_0354,5,3
17237,007,007_0354,6,3
17238,007,007_0354,7,3
17239,007,007_0354,8,3
17240,007,007_0355,1,2
17241,007,007_0355,2,2
17242,007,007_0355,3,2
17243,007,007_0355,4,2
17244,007,007_0355,5,2
17245,007,007_0355,6,2
17246,007,007_0355,7,2
17247,007,007_0355,8,2
17248,007,007_0356,1,1
17249,007,007_0356,2,1
17250,007,007_0356,3,1
17251,007,007_0356,4,1
17252,007,007_0356,5,1
17253,007,007_0356,6,1
17254,007,007_0356,7,1
17255,007,007_0356,8,1
17256,007,007_0357,1,5
17257,007,007_0357,2,5
17258,007,007_0357,3,5
17259,007,007_0357,4,5
17260,007,007_0357,5,5
17261,007,007_0357,6,5
17262,007,007_0357,7,5
17263,007,007_0357,8,5
17264,007,007_0358,1,4
17265,007,007_0358,2,4
17266,007,007_0358,3,4
17267,007,007_0358,4,4
17268,007,007_0358,5,4
17269,007,007_0358,6,4
17270,007,007_0358,7,4
17271,007,007_0358,8,4
17272,007,007_0359,1,3
17273,007,007_0359,2,3
17274,007,007_0359,3,3
17275,007,007_0359,4,3
17276,007,007_0359,5,3
17277,007,007_0359,6,3
17278,007,007_0359,7,3
17279,007,007_0359,8,3
17280,007,007_0360,1,2
17281,007,007_0360,2,2
17282,007,007_0360,3,2
17283,007,007_0360,4,2
17284,007,007_0360,5,2
17285,007,007_0360,6,2
17286,007,007_0360,7,2
17287,007,007_0360,8,2
17288,007,007_0361,1,1
17289,007,007_0361,2,1
17290,007,007_0361,3,1
17291,007,007_0361,4,1
17292,007,007_0361,5,1
17293,007,007_0361,6,1
17294,007,007_0361,7,1
17295,007,007_0361,8,1
17296,007,007_0362,1,5
17297,007,007_0362,2,5
17298,007,007_0362,3,5
17299,007,007_0362,4,5
17300,007,007_0362,5,5
17301,007,007_0362,6,5
17302,007,007_0362,7,5
17303,007,007_0362,8,5
17304,007,007_0363,1,4
17305,007,007_0363,2,4
17306,007,007_0363,3,4
17307,007,007_0363,4,4
17308,007,007_0363,5,4
17309,007,007_0363,6,4
17310,007,007_0363,7,4
17311,007,007_0363,8,4
17312,007,007_0364,1,3
17313,007,007_0364,2,3
17314,007,007_0364,3,3
17315,007,007_0364,4,3
17316,007,007_0364,5,3
17317,007,007_0364,6,3
17318,007,007_0364,7,3
17319,007,007_0364,8,3
17320,007,007_0365,1,2
17321,007,007_0365,2,2
17322,007,007_0365,3,2
17323,007,007_0365,4,2
17324,007,007_0365,5,2
17325,007,007_0365,6,2
17326,007,007_0365,7,2
17327,007,007_0365,8,2
17328,007,007_0366,1,1
17329,007,007_0366,2,1
17330,007,007_0366,3,1
17331,007,007_0366,4,1
17332,007,007_0366,5,1
17333,007,007_0366,6,1
17334,007,007_0366,7,1
17335,007,007_0366,8,1
17336,007,007_0367,1,5
17337,007,007_0367,2,5
17338,007,007_0367,3,5
17339,007,007_0367,4,5
17340,007,007_0367,5,5
17341,007,007_0367,6,5
17342,007,007_0367,7,5
17343,007,007_0367,8,5
17344,007,007_0368,1,4
17345,007,007_0368,2,4
17346,007,007_0368,3,4
17347,007,007_0368,4,4
17348,007,007_0368,5,4
17349,007,007_0368,6,4
17350,007,007_0368,7,4
17351,007,007_0368,8,4
17352,007,007_0369,1,3
17353,007,007_0369,2,3
17354,007,007_0369,3,3
17355,007,007_0369,4,3
17356,007,007_0369,5,3
17357,007,007_0369,6,3
17358,007,007_0369,7,3
17359,007,007_0369,8,3
17360,007,007_0370,1,2
17361,007,007_0370,2,2
17362,007,007_0370,3,2
17363,007,007_0370,4,2
17364,007,007_0370,5,2
17365,007,007_0370,6,2
17366,007,007_0370,7,2
17367,007,007_0370,8,2
17368,007,007_0371,1,1
17369,007,007_0371,2,1
17370,007,007_0371,3,1
17371,007,007_0371,4,1
17372,007,007_0371,5,1
17373,007,007_0371,6,1
17374,007,007_0371,7,1
17375,007,007_0371,8,1
17376,007,007_0372,1,5
17377,007,007_0372,2,5
17378,007,007_0372,3,5
17379,007,007_0372,4,5
17380,007,007_0372,5,5
17381,007,007_0372,6,5
17382,007,007_0372,7,5
17383,007,007_0372,8,5
17384,007,007_0373,1,4
17385,007,007_0373,2,4
17386,007,007_0373,3,4
17387,007,007_0373,4,4
17388,007,007_0373,5,4
17389,007,007_0373,6,4
17390,007,007_0373,7,4
17391,007,007_0373,8,4
17392,007,007_0374,1,3
17393,007,007_0374,2,3
17394,007,007_0374,3,3
17395,007,007_0374,4,3
17396,007,007_0374,5,3
17397,007,007_0374,6,3
17398,007,007_0374,7,3
17399,007,007_0374,8,3
17400,007,007_0375,1,2
17401,007,007_0375,2,2
17402,007,007_0375,3,2
17403,007,007_0375,4,2
17404,007,007_0375,5,2
17405,007,007_0375,6,2
17406,007,007_0375,7,2
17407,007,007_0375,8,2
17408,007,007_0376,1,1
17409,007,007_0376,2,1
17410,007,007_0376,3,1
17411,007,007_0376,4,1
17412,007,007_0376,5,1
17413,007,007_0376,6,1
17414,007,007_0376,7,1
17415,007,007_0376,8,1
17416,007,007_0377,1,5
17417,007,007_0377,2,5
17418,007,007_0377,3,5
17419,007,007_0377,4,5
17420,007,007_0377,5,5
17421,007,007_0377,6,5
17422,007,007_0377,7,5
17423,007,007_0377,8,5
17424,007,007_0378,1,4
17425,007,007_0378,2,4
17426,007,007_0378,3,4
17427,007,007_0378,4,4
17428,007,007_0378,5,4
17429,007,007_0378,6,4
17430,007,007_0378,7,4
17431,007,007_0378,8,4
17432,007,007_0379,1,3
17433,007,007_0379,2,3
17434,007,007_0379,3,3
17435,007,007_0379,4,3
17436,007,007_0379,5,3
17437,007,007_0379,6,3
17438,007,007_0379,7,3
17439,007,007_0379,8,3
17440,007,007_0380,1,2
17441,007,007_0380,2,2
17442,007,007_0380,3,2
17443,007,007_0380,4,2
17444,007,007_0380,5,2
17445,007,007_0380,6,2
17446,007,007_0380,7,2
17447,007,007_0380,8,2
17448,007,007_0381,1,1
17449,007,007_0381,2,1
17450,007,007_0381,3,1
17451,007,007_0381,4,1
17452,007,007_0381,5,1
17453,007,007_0381,6,1
17454,007,007_0381,7,1
17455,007,007_0381,8,1
17456,007,007_0382,1,5
17457,007,007_0382,2,5
17458,007,007_0382,3,5
17459,007,007_0382,4,5
17460,007,007_0382,5,5
17461,007,007_0382,6,5
17462,007,007_0382,7,5
17463,007,007_0382,8,5
17464,007,007_0383,1,4
17465,007,007_0383,2,4
17466,007,007_0383,3,4
17467,007,007_0383,4,4
17468,007,007_0383,5,4
17469,007,007_0383,6,4
17470,007,007_0383,7,4
17471,007,007_0383,8,4
17472,007,007_0384,1,3
17473,007,007_0384,2,3
17474,007,007_0384,3,3
17475,007,007_0384,4,3
17476,007,007_0384,5,3
17477,007,007_0384,6,3
17478,007,007_0384,7,3
17479,007,007_0384,8,3
17480,007,007_0385,1,2
17481,007,007_0385,2,2
17482,007,007_0385,3,2
17483,007,007_0385,4,2
17484,007,007_0385,5,2
17485,007,007_0385,6,2
17486,007,007_0385,7,2
17487,007,007_0385,8,2
17488,008,008_0001,1,1
17489,008,008_0001,2,1
17490,008,008_0001,3,1
17491,008,008_0001,4,1
17492,008,008_0001,5,1
17493,008,008_0001,6,1
17494,008,008_0001,7,1
17495,008,008_0001,8,1
17496,008,008_0002,1,5
17497,008,008_0002,2,5
17498,008,008_0002,3,5
17499,008,008_0002,4,5
17500,008,008_0002,5,5
17501,008,008_0002,6,5
17502,008,008_0002,7,5
17503,008,008_0002,8,5
17504,008,008_0003,1,4
17505,008,008_0003,2,4
17506,008,008_0003,3,4
17507,008,008_0003,4,4
17508,008,008_0003,5,4
17509,008,008_0003,6,4
17510,008,008_0003,7,4
17511,008,008_0003,8,4
17512,008,008_0004,1,3
17513,008,008_0004,2,3
17514,008,008_0004,3,3
17515,008,008_0004,4,3
17516,008,008_0004,5,3
17517,008,008_0004,6,3
17518,008,008_0004,7,3
17519,008,008_0004,8,3
17520,008,008_0005,1,2
17521,008,008_0005,2,2
17522,008,008_0005,3,2
17523,008,008_0005,4,2
17524,008,008_0005,5,2
17525,008,008_0005,6,2
17526,008,008_0005,7,2
17527,008,008_0005,8,2
17528,008,008_0006,1,1
17529,008,008_0006,2,1
17530,008,008_0006,3,1
17531,008,008_0006,4,1
17532,008,008_0006,5,1
17533,008,008_0006,6,1
17534,008,008_0006,7,1
17535,008,008_0006,8,1
17536,008,008_0007,1,5
17537,008,008_0007,2,5
17538,008,008_0007,3,5
17539,008,008_0007,4,5
17540,008,008_0007,5,5
17541,008,008_0007,6,5
17542,008,008_0007,7,5
17543,008,008_0007,8,5
17544,008,008_0008,1,4
17545,008,008_0008,2,4
17546,008,008_0008,3,4
17547,008,008_0008,4,4
17548,008,008_0008,5,4
17549,008,008_0008,6,4
17550,008,008_0008,7,4
17551,008,008_0008,8,4
17552,008,008_0009,1,3
17553,008,008_0009,2,3
17554,008,008_0009,3,3
17555,008,008_0009,4,3
17556,008,008_0009,5,3
17557,008,008_0009,6,3
17558,008,008_0009,7,3
17559,008,008_0009,8,3
17560,008,008_0010,1,2
17561,008,008_0010,2,2
17562,008,008_0010,3,2
17563,008,008_0010,4,2
17564,008,008_0010,5,2
17565,008,008_0010,6,2
17566,008,008_0010,7,2
17567,008,008_0010,8,2
17568,008,008_0011,1,1
17569,008,008_0011,2,1
17570,008,008_0011,3,1
17571,008,008_0011,4,1
17572,008,008_0011,5,1
17573,008,008_0011,6,1
17574,008,008_0011,7,1
17575,008,008_0011,8,1
17576,008,008_0012,1,5
17577,008,008_0012,2,5
17578,008,008_0012,3,5
17579,008,008_0012,4,5
17580,008,008_0012,5,5
17581,008,008_0012,6,5
17582,008,008_0012,7,5
17583,008,008_0012,8,5
17584,008,008_0013,1,4
17585,008,008_0013,2,4
17586,008,008_0013,3,4
17587,008,008_0013,4,4
17588,008,008_0013,5,4
17589,008,008_0013,6,4
17590,008,008_0013,7,4
17591,008,008_0013,8,4
17592,008,008_0014,1,3
17593,008,008_0014,2,3
17594,008,008_0014,3,3
17595,008,008_0014,4,3
17596,008,008_0014,5,3
17597,008,008_0014,6,3
17598,008,008_0014,7,3
17599,008,008_0014,8,3
17600,008,008_0015,1,2
17601,008,008_0015,2,2
17602,008,008_0015,3,2
17603,008,008_0015,4,2
17604,008,008_0015,5,2
17605,008,008_0015,6,2
17606,008,008_0015,7,2
17607,008,008_0015,8,2
17608,008,008_0016,1,1
17609,008,008_0016,2,1
17610,008,008_0016,3,1
17611,008,008_0016,4,1
17612,008,008_0016,5,1
17613,008,008_0016,6,1
17614,008,008_0016,7,1
17615,008,008_0016,8,1
17616,008,008_0017,1,5
17617,008,008_0017,2,5
17618,008,008_0017,3,5
17619,008,008_0017,4,5
17620,008,008_0017,5,5
17621,008,008_0017,6,5
17622,008,008_0017,7,5
17623,008,008_0017,8,5
17624,008,008_0018,1,4
17625,008,008_0018,2,4
17626,008,008_0018,3,4
17627,008,008_0018,4,4
17628,008,008_0018,5,4
17629,008,008_0018,6,4
17630,008,008_0018,7,4
17631,008,008_0018,8,4
17632,008,008_0019,1,3
17633,008,008_0019,2,3
17634,008,008_0019,3,3
17635,008,008_0019,4,3
17636,008,008_0019,5,3
17637,008,008_0019,6,3
17638,008,008_0019,7,3
17639,008,008_0019,8,3
17640,008,008_0020,1,2
17641,008,008_0020,2,2
17642,008,008_0020,3,2
17643,008,008_0020,4,2
17644,008,008_0020,5,2
17645,008,008_0020,6,2
17646,008,008_0020,7,2
17647,008,008_0020,8,2
17648,008,008_0021,1,1
17649,008,008_0021,2,1
17650,008,008_0021,3,1
17651,008,008_0021,4,1
17652,008,008_0021,5,1
17653,008,008_0021,6,1
17654,008,008_0021,7,1
17655,008,008_0021,8,1
17656,008,008_0022,1,5
17657,008,008_0022,2,5
17658,008,008_0022,3,5
17659,008,008_0022,4,5
17660,008,008_0022,5,5
17661,008,008_0022,6,5
17662,008,008_0022,7,5
17663,008,008_0022,8,5
17664,008,008_0023,1,4
17665,008,008_0023,2,4
17666,008,008_0023,3,4
17667,008,008_0023,4,4
17668,008,008_0023,5,4
17669,008,008_0023,6,4
17670,008,008_0023,7,4
17671,008,008_0023,8,4
17672,008,008_0024,1,3
17673,008,008_0024,2,3
17674,008,008_0024,3,3
17675,008,008_0024,4,3
17676,008,008_0024,5,3
17677,008,008_0024,6,3
17678,008,008_0024,7,3
17679,008,008_0024,8,3
17680,008,008_0025,1,2
17681,008,008_0025,2,2
17682,008,008_0025,3,2
17683,008,008_0025,4,2
17684,008,008_0025,5,2
17685,008,008_0025,6,2
17686,008,008_0025,7,2
17687,008,008_0025,8,2
17688,008,008_0026,1,1
17689,008,008_0026,2,1
17690,008,008_0026,3,1
17691,008,008_0026,4,1
17692,008,008_0026,5,1
17693,008,008_0026,6,1
17694,008,008_0026,7,1
17695,008,008_0026,8,1
17696,008,008_0027,1,5
17697,008,008_0027,2,5
17698,008,008_0027,3,5
17699,008,008_0027,4,5
17700,008,008_0027,5,5
17701,008,008_0027,6,5
17702,008,008_0027,7,5
17703,008,008_0027,8,5
17704,008,008_0028,1,4
17705,008,008_0028,2,4
17706,008,008_0028,3,4
17707,008,008_0028,4,4
17708,008,008_0028,5,4
17709,008,008_0028,6,4
17710,008,008_0028,7,4
17711,008,008_0028,8,4
17712,008,008_0029,1,3
17713,008,008_0029,2,3
17714,008,008_0029,3,3
17715,008,008_0029,4,3
17716,008,008_0029,5,3
17717,008,008_0029,6,3
17718,008,008_0029,7,3
17719,008,008_0029,8,3
17720,008,008_0030,1,2
17721,008,008_0030,2,2
17722,008,008_0030,3,2
17723,008,008_0030,4,2
17724,008,008_0030,5,2
17725,008,008_0030,6,2
17726,008,008_0030,7,2
17727,008,008_0030,8,2
17728,008,008_0031,1,1
17729,008,008_0031,2,1
17730,008,008_0031,3,1
17731,008,008_0031,4,1
17732,008,008_0031,5,1
17733,008,008_0031,6,1
17734,008,008_0031,7,1
17735,008,008_0031,8,1
17736,008,008_0032,1,5
17737,008,008_0032,2,5
17738,008,008_0032,3,5
17739,008,008_0032,4,5
17740,008,008_0032,5,5
17741,008,008_0032,6,5
17742,008,008_0032,7,5
17743,008,008_0032,8,5
17744,008,008_0033,1,4
17745,008,008_0033,2,4
17746,008,008_0033,3,4
17747,008,008_0033,4,4
17748,008,008_0033,5,4
17749,008,008_0033,6,4
17750,008,008_0033,7,4
17751,008,008_0033,8,4
17752,008,008_0034,1,3
17753,008,008_0034,2,3
17754,008,008_0034,3,3
17755,008,008_0034,4,3
17756,008,008_0034,5,3
17757,008,008_0034,6,3
17758,008,008_0034,7,3
17759,008,008_0034,8,3
17760,008,008_0035,1,2
17761,008,008_0035,2,2
17762,008,008_0035,3,2
17763,008,008_0035,4,2
17764,008,008_0035,5,2
17765,008,008_0035,6,2
17766,008,008_0035,7,2
17767,008,008_0035,8,2
17768,008,008_0036,1,1
17769,008,008_0036,2,1
17770,008,008_0036,3,1
17771,008,008_0036,4,1
17772,008,008_0036,5,1
17773,008,008_0036,6,1
17774,008,008_0036,7,1
17775,008,008_0036,8,1
17776,008,008_0037,1,5
17777,008,008_0037,2,5
17778,008,008_0037,3,5
17779,008,008_0037,4,5
17780,008,008_0037,5,5
17781,008,008_0037,6,5
17782,008,008_0037,7,5
17783,008,008_0037,8,5
17784,008,008_0038,1,4
17785,008,008_0038,2,4
17786,008,008_0038,3,4
17787,008,008_0038,4,4
17788,008,008_0038,5,4
17789,008,008_0038,6,4
17790,008,008_0038,7,4
17791,008,008_0038,8,4
17792,008,008_0039,1,3
17793,008,008_0039,2,3
17794,008,008_0039,3,3
17795,008,008_0039,4,3
17796,008,008_0039,5,3
17797,008,008_0039,6,3
17798,008,008_0039,7,3
17799,008,008_0039,8,3
17800,008,008_0040,1,2
17801,008,008_0040,2,2
17802,008,008_0040,3,2
17803,008,008_0040,4,2
17804,008,008_0040,5,2
17805,008,008_0040,6,2
17806,008,008_0040,7,2
17807,008,008_0040,8,2
17808,008,008_0041,1,1
17809,008,008_0041,2,1
17810,008,008_0041,3,1
17811,008,008_0041,4,1
17812,008,008_0041,5,1
17813,008,008_0041,6,1
17814,008,008_0041,7,1
17815,008,008_0041,8,1
17816,008,008_0042,1,5
17817,008,008_0042,2,5
17818,008,008_0042,3,5
17819,008,008_0042,4,5
17820,008,008_0042,5,5
17821,008,008_0042,6,5
17822,008,008_0042,7,5
17823,008,008_0042,8,5
17824,008,008_0043,1,4
17825,008,008_0043,2,4
17826,008,008_0043,3,4
17827,008,008_0043,4,4
17828,008,008_0043,5,4
17829,008,008_0043,6,4
17830,008,008_0043,7,4
17831,008,008_0043,8,4
17832,008,008_0044,1,3
17833,008,008_0044,2,3
17834,008,008_0044,3,3
17835,008,008_0044,4,3
17836,008,008_0044,5,3
17837,008,008_0044,6,3
17838,008,008_0044,7,3
17839,008,008_0044,8,3
17840,008,008_0045,1,2
17841,008,008_0045,2,2
17842,008,008_0045,3,2
17843,008,008_0045,4,2
17844,008,008_0045,5,2
17845,008,008_0045,6,2
17846,008,008_0045,7,2
17847,008,008_0045,8,2
17848,008,008_0046,1,1
17849,008,008_0046,2,1
17850,008,008_0046,3,1
17851,008,008_0046,4,1
17852,008,008_0046,5,1
17853,008,008_0046,6,1
17854,008,008_0046,7,1
17855,008,008_0046,8,1
17856,008,008_0047,1,5
17857,008,008_0047,2,5
17858,008,008_0047,3,5
17859,008,008_0047,4,5
17860,008,008_0047,5,5
17861,008,008_0047,6,5
17862,008,008_0047,7,5
17863,008,008_0047,8,5
17864,008,008_0048,1,4
17865,008,008_0048,2,4
17866,008,008_0048,3,4
17867,008,008_0048,4,4
17868,008,008_0048,5,4
17869,008,008_0048,6,4
17870,008,008_0048,7,4
17871,008,008_0048,8,4
17872,008,008_0049,1,3
17873,008,008_0049,2,3
17874,008,008_0049,3,3
17875,008,008_0049,4,3
17876,008,008_0049,5,3
17877,008,008_0049,6,3
17878,008,008_0049,7,3
17879,008,008_0049,8,3
17880,008,008_0050,1,2
17881,008,008_0050,2,2
17882,008,008_0050,3,2
17883,008,008_0050,4,2
17884,008,008_0050,5,2
17885,008,008_0050,6,2
17886,008,008_0050,7,2
17887,008,008_0050,8,2
17888,008,008_0051,1,1
17889,008,008_0051,2,1
17890,008,008_0051,3,1
17891,008,008_0051,4,1
17892,008,008_0051,5,1
17893,008,008_0051,6,1
17894,008,008_0051,7,1
17895,008,008_0051,8,1
17896,008,008_0052,1,5
17897,008,008_0052,2,5
17898,008,008_0052,3,5
17899,008,008_0052,4,5
17900,008,008_0052,5,5
17901,008,008_0052,6,5
17902,008,008_0052,7,5
17903,008,008_0052,8,5
17904,008,008_0053,1,4
17905,008,008_0053,2,4
17906,008,008_0053,3,4
17907,008,008_0053,4,4
17908,008,008_0053,5,4
17909,008,008_0053,6,4
17910,008,008_0053,7,4
17911,008,008_0053,8,4
17912,008,008_0054,1,3
17913,008,008_0054,2,3
17914,008,008_0054,3,3
17915,008,008_0054,4,3
17916,008,008_0054,5,3
17917,008,008_0054,6,3
17918,008,008_0054,7,3
17919,008,008_0054,8,3
17920,008,008_0055,1,2
17921,008,008_0055,2,2
17922,008,008_0055,3,2
17923,008,008_0055,4,2
17924,008,008_0055,5,2
17925,008,008_0055,6,2
17926,008,008_0055,7,2
17927,008,008_0055,8,2
17928,008,008_0056,1,1
17929,008,008_0056,2,1
17930,008,008_0056,3,1
17931,008,008_0056,4,1
17932,008,008_0056,5,1
17933,008,008_0056,6,1
17934,008,008_0056,7,1
17935,008,008_0056,8,1
17936,008,008_0057,1,5
17937,008,008_0057,2,5
17938,008,008_0057,3,5
17939,008,008_0057,4,5
17940,008,008_0057,5,5
17941,008,008_0057,6,5
17942,008,008_0057,7,5
17943,008,008_0057,8,5
17944,008,008_0058,1,4
17945,008,008_0058,2,4
17946,008,008_0058,3,4
17947,008,008_0058,4,4
17948,008,008_0058,5,4
17949,008,008_0058,6,4
17950,008,008_0058,7,4
17951,008,008_0058,8,4
17952,008,008_0059,1,3
17953,008,008_0059,2,3
17954,008,008_0059,3,3
17955,008,008_0059,4,3
17956,008,008_0059,5,3
17957,008,008_0059,6,3
17958,008,008_0059,7,3
17959,008,008_0059,8,3
17960,008,008_0060,1,2
17961,008,008_0060,2,2
17962,008,008_0060,3,2
17963,008,008_0060,4,2
17964,008,008_0060,5,2
17965,008,008_0060,6,2
17966,008,008_0060,7,2
17967,008,008_0060,8,2
17968,008,008_0061,1,1
17969,008,008_0061,2,1
17970,008,008_0061,3,1
17971,008,008_0061,4,1
17972,008,008_0061,5,1
17973,008,008_0061,6,1
17974,008,008_0061,7,1
17975,008,008_0061,8,1
17976,008,008_0062,1,5
17977,008,008_0062,2,5
17978,008,008_0062,3,5
17979,008,008_0062,4,5
17980,008,008_0062,5,5
17981,008,008_0062,6,5
17982,008,008_0062,7,5
17983,008,008_0062,8,5
17984,008,008_0063,1,4
17985,008,008_0063,2,4
17986,008,008_0063,3,4
17987,008,008_0063,4,4
17988,008,008_0063,5,4
17989,008,008_0063,6,4
17990,008,008_0063,7,4
17991,008,008_0063,8,4
17992,008,008_0064,1,3
17993,008,008_0064,2,3
17994,008,008_0064,3,3
17995,008,008_0064,4,3
17996,008,008_0064,5,3
17997,008,008_0064,6,3
17998,008,008_0064,7,3
17999,008,008_0064,8,3
18000,008,008_0065,1,2
18001,008,008_0065,2,2
18002,008,008_0065,3,2
18003,008,008_0065,4,2
18004,008,008_0065,5,2
18005,008,008_0065,6,2
18006,008,008_0065,7,2
18007,008,008_0065,8,2
18008,008,008_0066,1,1
18009,008,008_0066,2,1
18010,008,008_0066,3,1
18011,008,008_0066,4,1
18012,008,008_0066,5,1
18013,008,008_0066,6,1
18014,008,008_0066,7,1
18015,008,008_0066,8,1
18016,008,008_0067,1,5
18017,008,008_0067,2,5
18018,008,008_0067,3,5
18019,008,008_0067,4,5
18020,008,008_0067,5,5
18021,008,008_0067,6,5
18022,008,008_0067,7,5
18023,008,008_0067,8,5
18024,008,008_0068,1,4
18025,008,008_0068,2,4
18026,008,008_0068,3,4
18027,008,008_0068,4,4
18028,008,008_0068,5,4
18029,008,008_0068,6,4
18030,008,008_0068,7,4
18031,008,008_0068,8,4
18032,008,008_0069,1,3
18033,008,008_0069,2,3
18034,008,008_0069,3,3
18035,008,008_0069,4,3
18036,008,008_0069,5,3
18037,008,008_0069,6,3
18038,008,008_0069,7,3
18039,008,008_0069,8,3
18040,008,008_0070,1,2
18041,008,008_0070,2,2
18042,008,008_0070,3,2
18043,008,008_0070,4,2
18044,008,008_0070,5,2
18045,008,008_0070,6,2
18046,008,008_0070,7,2
18047,008,008_0070,8,2
18048,008,008_0071,1,1
18049,008,008_0071,2,1
18050,008,008_0071,3,1
18051,008,008_0071,4,1
18052,008,008_0071,5,1
18053,008,008_0071,6,1
18054,008,008_0071,7,1
18055,008,008_0071,8,1
18056,008,008_0072,1,5
18057,008,008_0072,2,5
18058,008,008_0072,3,5
18059,008,008_0072,4,5
18060,008,008_0072,5,5
18061,008,008_0072,6,5
18062,008,008_0072,7,5
18063,008,008_0072,8,5
18064,008,008_0073,1,4
18065,008,008_0073,2,4
18066,008,008_0073,3,4
18067,008,008_0073,4,4
18068,008,008_0073,5,4
18069,008,008_0073,6,4
18070,008,008_0073,7,4
18071,008,008_0073,8,4
18072,008,008_0074,1,3
18073,008,008_0074,2,3
18074,008,008_0074,3,3
18075,008,008_0074,4,3
18076,008,008_0074,5,3
18077,008,008_0074,6,3
18078,008,008_0074,7,3
18079,008,008_0074,8,3
18080,008,008_0075,1,2
18081,008,008_0075,2,2
18082,008,008_0075,3,2
18083,008,008_0075,4,2
18084,008,008_0075,5,2
18085,008,008_0075,6,2
18086,008,008_0075,7,2
18087,008,008_0075,8,2
18088,008,008_0076,1,1
18089,008,008_0076,2,1
18090,008,008_0076,3,1
18091,008,008_0076,4,1
18092,008,008_0076,5,1
18093,008,008_0076,6,1
18094,008,008_0076,7,1
18095,008,008_0076,8,1
18096,008,008_0077,1,5
18097,008,008_0077,2,5
18098,008,008_0077,3,5
18099,008,008_0077,4,5
18100,008,008_0077,5,5
18101,008,008_0077,6,5
18102,008,008_0077,7,5
18103,008,008_0077,8,5
18104,008,008_0078,1,4
18105,008,008_0078,2,4
18106,008,008_0078,3,4
18107,008,008_0078,4,4
18108,008,008_0078,5,4
18109,008,008_0078,6,4
18110,008,008_0078,7,4
18111,008,008_0078,8,4
18112,008,008_0079,1,3
18113,008,008_0079,2,3
18114,008,008_0079,3,3
18115,008,008_0079,4,3
18116,008,008_0079,5,3
18117,008,008_0079,6,3
18118,008,008_0079,7,3
18119,008,008_0079,8,3
18120,008,008_0080,1,2
18121,008,008_0080,2,2
18122,008,008_0080,3,2
18123,008,008_0080,4,2
18124,008,008_0080,5,2
18125,008,008_0080,6,2
18126,008,008_0080,7,2
18127,008,008_0080,8,2
18128,008,008_0081,1,1
18129,008,008_0081,2,1
18130,008,008_0081,3,1
18131,008,008_0081,4,1
18132,008,008_0081,5,1
18133,008,008_0081,6,1
18134,008,008_0081,7,1
18135,008,008_0081,8,1
18136,008,008_0082,1,5
18137,008,008_0082,2,5
18138,008,008_0082,3,5
18139,008,008_0082,4,5
18140,008,008_0082,5,5
18141,008,008_0082,6,5
18142,008,008_0082,7,5
18143,008,008_0082,8,5
18144,008,008_0083,1,4
18145,008,008_0083,2,4
18146,008,008_0083,3,4
18147,008,008_0083,4,4
18148,008,008_0083,5,4
18149,008,008_0083,6,4
18150,008,008_0083,7,4
18151,008,008_0083,8,4
18152,008,008_0084,1,3
18153,008,008_0084,2,3
18154,008,008_0084,3,3
18155,008,008_0084,4,3
18156,008,008_0084,5,3
18157,008,008_0084,6,3
18158,008,008_0084,7,3
18159,008,008_0084,8,3
18160,008,008_0085,1,2
18161,008,008_0085,2,2
18162,008,008_0085,3,2
18163,008,008_0085,4,2
18164,008,008_0085,5,2
18165,008,008_0085,6,2
18166,008,008_0085,7,2
18167,008,008_0085,8,2
18168,008,008_0086,1,1
18169,008,008_0086,2,1
18170,008,008_0086,3,1
18171,008,008_0086,4,1
18172,008,008_0086,5,1
18173,008,008_0086,6,1
18174,008,008_0086,7,1
18175,008,008_0086,8,1
18176,008,008_0087,1,5
18177,008,008_0087,2,5
18178,008,008_0087,3,5
18179,008,008_0087,4,5
18180,008,008_0087,5,5
18181,008,008_0087,6,5
18182,008,008_0087,7,5
18183,008,008_0087,8,5
18184,008,008_0088,1,4
18185,008,008_0088,2,4
18186,008,008_0088,3,4
18187,008,008_0088,4,4
18188,008,008_0088,5,4
18189,008,008_0088,6,4
18190,008,008_0088,7,4
18191,008,008_0088,8,4
18192,008,008_0089,1,3
18193,008,008_0089,2,3
18194,008,008_0089,3,3
18195,008,008_0089,4,3
18196,008,008_0089,5,3
18197,008,008_0089,6,3
18198,008,008_0089,7,3
18199,008,008_0089,8,3
18200,008,008_0090,1,2
18201,008,008_0090,2,2
18202,008,008_0090,3,2
18203,008,008_0090,4,2
18204,008,008_0090,5,2
18205,008,008_0090,6,2
18206,008,008_0090,7,2
18207,008,008_0090,8,2
18208,008,008_0091,1,1
18209,008,008_0091,2,1
18210,008,008_0091,3,1
18211,008,008_0091,4,1
18212,008,008_0091,5,1
18213,008,008_0091,6,1
18214,008,008_0091,7,1
18215,008,008_0091,8,1
18216,008,008_0092,1,5
18217,008,008_0092,2,5
18218,008,008_0092,3,5
18219,008,008_0092,4,5
18220,008,008_0092,5,5
18221,008,008_0092,6,5
18222,008,008_0092,7,5
18223,008,008_0092,8,5
18224,008,008_0093,1,4
18225,008,008_0093,2,4
18226,008,008_0093,3,4
18227,008,008_0093,4,4
18228,008,008_0093,5,4
18229,008,008_0093,6,4
18230,008,008_0093,7,4
18231,008,008_0093,8,4
18232,008,008_0094,1,3
18233,008,008_0094,2,3
18234,008,008_0094,3,3
18235,008,008_0094,4,3
18236,008,008_0094,5,3
18237,008,008_0094,6,3
18238,008,008_0094,7,3
18239,008,008_0094,8,3
18240,008,008_0095,1,2
18241,008,008_0095,2,2
18242,008,008_0095,3,2
18243,008,008_0095,4,2
18244,008,008_0095,5,2
18245,008,008_0095,6,2
18246,008,008_0095,7,2
18247,008,008_0095,8,2
18248,008,008_0096,1,1
18249,008,008_0096,2,1
18250,008,008_0096,3,1
18251,008,008_0096,4,1
18252,008,008_0096,5,1
18253,008,008_0096,6,1
18254,008,008_0096,7,1
18255,008,008_0096,8,1
18256,008,008_0097,1,5
18257,008,008_0097,2,5
18258,008,008_0097,3,5
18259,008,008_0097,4,5
18260,008,008_0097,5,5
18261,008,008_0097,6,5
18262,008,008_0097,7,5
18263,008,008_0097,8,5
18264,008,008_0098,1,4
18265,008,008_0098,2,4
18266,008,008_0098,3,4
18267,008,008_0098,4,4
18268,008,008_0098,5,4
18269,008,008_0098,6,4
18270,008,008_0098,7,4
18271,008,008_0098,8,4
18272,008,008_0099,1,3
18273,008,008_0099,2,3
18274,008,008_0099,3,3
18275,008,008_0099,4,3
18276,008,008_0099,5,3
18277,008,008_0099,6,3
18278,008,008_0099,7,3
18279,008,008_0099,8,3
18280,008,008_0100,1,2
18281,008,008_0100,2,2
18282,008,008_0100,3,2
18283,008,008_0100,4,2
18284,008,008_0100,5,2
18285,008,008_0100,6,2
18286,008,008_0100,7,2
18287,008,008_0100,8,2
18288,008,008_0101,1,1
18289,008,008_0101,2,1
18290,008,008_0101,3,1
18291,008,008_0101,4,1
18292,008,008_0101,5,1
18293,008,008_0101,6,1
18294,008,008_0101,7,1
18295,008,008_0101,8,1
18296,008,008_0102,1,5
18297,008,008_0102,2,5
18298,008,008_0102,3,5
18299,008,008_0102,4,5
18300,008,008_0102,5,5
18301,008,008_0102,6,5
18302,008,008_0102,7,5
18303,008,008_0102,8,5
18304,008,008_0103,1,4
18305,008,008_0103,2,4
18306,008,008_0103,3,4
18307,008,008_0103,4,4
18308,008,008_0103,5,4
18309,008,008_0103,6,4
18310,008,008_0103,7,4
18311,008,008_0103,8,4
18312,008,008_0104,1,3
18313,008,008_0104,2,3
18314,008,008_0104,3,3
18315,008,008_0104,4,3
18316,008,008_0104,5,3
18317,008,008_0104,6,3
18318,008,008_0104,7,3
18319,008,008_0104,8,3
18320,008,008_0105,1,2
18321,008,008_0105,2,2
18322,008,008_0105,3,2
18323,008,008_0105,4,2
18324,008,008_0105,5,2
18325,008,008_0105,6,2
18326,008,008_0105,7,2
18327,008,008_0105,8,2
18328,008,008_0106,1,1
18329,008,008_0106,2,1
18330,008,008_0106,3,1
18331,008,008_0106,4,1
18332,008,008_0106,5,1
18333,008,008_0106,6,1
18334,008,008_0106,7,1
18335,008,008_0106,8,1
18336,008,008_0107,1,5
18337,008,008_0107,2,5
18338,008,008_0107,3,5
18339,008,008_0107,4,5
18340,008,008_0107,5,5
18341,008,008_0107,6,5
18342,008,008_0107,7,5
18343,008,008_0107,8,5
18344,008,008_0108,1,4
18345,008,008_0108,2,4
18346,008,008_0108,3,4
18347,008,008_0108,4,4
18348,008,008_0108,5,4
18349,008,008_0108,6,4
18350,008,008_0108,7,4
18351,008,008_0108,8,4
18352,008,008_0109,1,3
18353,008,008_0109,2,3
18354,008,008_0109,3,3
18355,008,008_0109,4,3
18356,008,008_0109,5,3
18357,008,008_0109,6,3
18358,008,008_0109,7,3
18359,008,008_0109,8,3
18360,008,008_0110,1,2
18361,008,008_0110,2,2
18362,008,008_0110,3,2
18363,008,008_0110,4,2
18364,008,008_0110,5,2
18365,008,008_0110,6,2
18366,008,008_0110,7,2
18367,008,008_0110,8,2
18368,008,008_0111,1,1
18369,008,008_0111,2,1
18370,008,008_0111,3,1
18371,008,008_0111,4,1
18372,008,008_0111,5,1
18373,008,008_0111,6,1
18374,008,008_0111,7,1
18375,008,008_0111,8,1
18376,008,008_0112,1,5
18377,008,008_0112,2,5
18378,008,008_0112,3,5
18379,008,008_0112,4,5
18380,008,008_0112,5,5
18381,008,008_0112,6,5
18382,008,008_0112,7,5
18383,008,008_0112,8,5
18384,008,008_0113,1,4
18385,008,008_0113,2,4
18386,008,008_0113,3,4
18387,008,008_0113,4,4
18388,008,008_0113,5,4
18389,008,008_0113,6,4
18390,008,008_0113,7,4
18391,008,008_0113,8,4
18392,008,008_0114,1,3
18393,008,008_0114,2,3
18394,008,008_0114,3,3
18395,008,008_0114,4,3
18396,008,008_0114,5,3
18397,008,008_0114,6,3
18398,008,008_0114,7,3
18399,008,008_0114,8,3
18400,008,008_0115,1,2
18401,008,008_0115,2,2
18402,008,008_0115,3,2
18403,008,008_0115,4,2
18404,008,008_0115,5,2
18405,008,008_0115,6,2
18406,008,008_0115,7,2
18407,008,008_0115,8,2
18408,008,008_0116,1,1
18409,008,008_0116,2,1
18410,008,008_0116,3,1
18411,008,008_0116,4,1
18412,008,008_0116,5,1
18413,008,008_0116,6,1
18414,008,008_0116,7,1
18415,008,008_0116,8,1
18416,008,008_0117,1,5
18417,008,008_0117,2,5
18418,008,008_0117,3,5
18419,008,008_0117,4,5
18420,008,008_0117,5,5
18421,008,008_0117,6,5
18422,008,008_0117,7,5
18423,008,008_0117,8,5
18424,008,008_0118,1,4
18425,008,008_0118,2,4
18426,008,008_0118,3,4
18427,008,008_0118,4,4
18428,008,008_0118,5,4
18429,008,008_0118,6,4
18430,008,008_0118,7,4
18431,008,008_0118,8,4
18432,008,008_0119,1,3
18433,008,008_0119,2,3
18434,008,008_0119,3,3
18435,008,008_0119,4,3
18436,008,008_0119,5,3
18437,008,008_0119,6,3
18438,008,008_0119,7,3
18439,008,008_0119,8,3
18440,008,008_0120,1,2
18441,008,008_0120,2,2
18442,008,008_0120,3,2
18443,008,008_0120,4,2
18444,008,008_0120,5,2
18445,008,008_0120,6,2
18446,008,008_0120,7,2
18447,008,008_0120,8,2
18448,008,008_0121,1,1
18449,008,008_0121,2,1
18450,008,008_0121,3,1
18451,008,008_0121,4,1
18452,008,008_0121,5,1
18453,008,008_0121,6,1
18454,008,008_0121,7,1
18455,008,008_0121,8,1
18456,008,008_0122,1,5
18457,008,008_0122,2,5
18458,008,008_0122,3,5
18459,008,008_0122,4,5
18460,008,008_0122,5,5
18461,008,008_0122,6,5
18462,008,008_0122,7,5
18463,008,008_0122,8,5
18464,008,008_0123,1,4
18465,008,008_0123,2,4
18466,008,008_0123,3,4
18467,008,008_0123,4,4
18468,008,008_0123,5,4
18469,008,008_0123,6,4
18470,008,008_0123,7,4
18471,008,008_0123,8,4
18472,008,008_0124,1,3
18473,008,008_0124,2,3
18474,008,008_0124,3,3
18475,008,008_0124,4,3
18476,008,008_0124,5,3
18477,008,008_0124,6,3
18478,008,008_0124,7,3
18479,008,008_0124,8,3
18480,008,008_0125,1,2
18481,008,008_0125,2,2
18482,008,008_0125,3,2
18483,008,008_0125,4,2
18484,008,008_0125,5,2
18485,008,008_0125,6,2
18486,008,008_0125,7,2
18487,008,008_0125,8,2
18488,008,008_0126,1,1
18489,008,008_0126,2,1
18490,008,008_0126,3,1
18491,008,008_0126,4,1
18492,008,008_0126,5,1
18493,008,008_0126,6,1
18494,008,008_0126,7,1
18495,008,008_0126,8,1
18496,008,008_0127,1,5
18497,008,008_0127,2,5
18498,008,008_0127,3,5
18499,008,008_0127,4,5
18500,008,008_0127,5,5
18501,008,008_0127,6,5
18502,008,008_0127,7,5
18503,008,008_0127,8,5
18504,008,008_0128,1,4
18505,008,008_0128,2,4
18506,008,008_0128,3,4
18507,008,008_0128,4,4
18508,008,008_0128,5,4
18509,008,008_0128,6,4
18510,008,008_0128,7,4
18511,008,008_0128,8,4
18512,008,008_0129,1,3
18513,008,008_0129,2,3
18514,008,008_0129,3,3
18515,008,008_0129,4,3
18516,008,008_0129,5,3
18517,008,008_0129,6,3
18518,008,008_0129,7,3
18519,008,008_0129,8,3
18520,008,008_0130,1,2
18521,008,008_0130,2,2
18522,008,008_0130,3,2
18523,008,008_0130,4,2
18524,008,008_0130,5,2
18525,008,008_0130,6,2
18526,008,008_0130,7,2
18527,008,008_0130,8,2
18528,008,008_0131,1,1
18529,008,008_0131,2,1
18530,008,008_0131,3,1
18531,008,008_0131,4,1
18532,008,008_0131,5,1
18533,008,008_0131,6,1
18534,008,008_0131,7,1
18535,008,008_0131,8,1
18536,008,008_0132,1,5
18537,008,008_0132,2,5
18538,008,008_0132,3,5
18539,008,008_0132,4,5
18540,008,008_0132,5,5
18541,008,008_0132,6,5
18542,008,008_0132,7,5
18543,008,008_0132,8,5
18544,008,008_0133,1,4
18545,008,008_0133,2,4
18546,008,008_0133,3,4
18547,008,008_0133,4,4
18548,008,008_0133,5,4
18549,008,008_0133,6,4
18550,008,008_0133,7,4
18551,008,008_0133,8,4
18552,008,008_0134,1,3
18553,008,008_0134,2,3
18554,008,008_0134,3,3
18555,008,008_0134,4,3
18556,008,008_0134,5,3
18557,008,008_0134,6,3
18558,008,008_0134,7,3
18559,008,008_0134,8,3
18560,008,008_0135,1,2
18561,008,008_0135,2,2
18562,008,008_0135,3,2
18563,008,008_0135,4,2
18564,008,008_0135,5,2
18565,008,008_0135,6,2
18566,008,008_0135,7,2
18567,008,008_0135,8,2
18568,008,008_0136,1,1
18569,008,008_0136,2,1
18570,008,008_0136,3,1
18571,008,008_0136,4,1
18572,008,008_0136,5,1
18573,008,008_0136,6,1
18574,008,008_0136,7,1
18575,008,008_0136,8,1
18576,008,008_0137,1,5
18577,008,008_0137,2,5
18578,008,008_0137,3,5
18579,008,008_0137,4,5
18580,008,008_0137,5,5
18581,008,008_0137,6,5
18582,008,008_0137,7,5
18583,008,008_0137,8,5
18584,008,008_0138,1,4
18585,008,008_0138,2,4
18586,008,008_0138,3,4
18587,008,008_0138,4,4
18588,008,008_0138,5,4
18589,008,008_0138,6,4
18590,008,008_0138,7,4
18591,008,008_0138,8,4
18592,008,008_0139,1,3
18593,008,008_0139,2,3
18594,008,008_0139,3,3
18595,008,008_0139,4,3
18596,008,008_0139,5,3
18597,008,008_0139,6,3
18598,008,008_0139,7,3
18599,008,008_0139,8,3
18600,008,008_0140,1,2
18601,008,008_0140,2,2
18602,008,008_0140,3,2
18603,008,008_0140,4,2
18604,008,008_0140,5,2
18605,008,008_0140,6,2
18606,008,008_0140,7,2
18607,008,008_0140,8,2
18608,008,008_0141,1,1
18609,008,008_0141,2,1
18610,008,008_0141,3,1
18611,008,008_0141,4,1
18612,008,008_0141,5,1
18613,008,008_0141,6,1
18614,008,008_0141,7,1
18615,008,008_0141,8,1
18616,008,008_0142,1,5
18617,008,008_0142,2,5
18618,008,008_0142,3,5
18619,008,008_0142,4,5
18620,008,008_0142,5,5
18621,008,008_0142,6,5
18622,008,008_0142,7,5
18623,008,008_0142,8,5
18624,008,008_0143,1,4
18625,008,008_0143,2,4
18626,008,008_0143,3,4
18627,008,008_0143,4,4
18628,008,008_0143,5,4
18629,008,008_0143,6,4
18630,008,008_0143,7,4
18631,008,008_0143,8,4
18632,008,008_0144,1,3
18633,008,008_0144,2,3
18634,008,008_0144,3,3
18635,008,008_0144,4,3
18636,008,008_0144,5,3
18637,008,008_0144,6,3
18638,008,008_0144,7,3
18639,008,008_0144,8,3
18640,008,008_0145,1,2
18641,008,008_0145,2,2
18642,008,008_0145,3,2
18643,008,008_0145,4,2
18644,008,008_0145,5,2
18645,008,008_0145,6,2
18646,008,008_0145,7,2
18647,008,008_0145,8,2
18648,008,008_0146,1,1
18649,008,008_0146,2,1
18650,008,008_0146,3,1
18651,008,008_0146,4,1
18652,008,008_0146,5,1
18653,008,008_0146,6,1
18654,008,008_0146,7,1
18655,008,008_0146,8,1
18656,008,008_0147,1,5
18657,008,008_0147,2,5
18658,008,008_0147,3,5
18659,008,008_0147,4,5
18660,008,008_0147,5,5
18661,008,008_0147,6,5
18662,008,008_0147,7,5
18663,008,008_0147,8,5
18664,008,008_0148,1,4
18665,008,008_0148,2,4
18666,008,008_0148,3,4
18667,008,008_0148,4,4
18668,008,008_0148,5,4
18669,008,008_0148,6,4
18670,008,008_0148,7,4
18671,008,008_0148,8,4
18672,008,008_0149,1,3
18673,008,008_0149,2,3
18674,008,008_0149,3,3
18675,008,008_0149,4,3
18676,008,008_0149,5,3
18677,008,008_0149,6,3
18678,008,008_0149,7,3
18679,008,008_0149,8,3
18680,008,008_0150,1,2
18681,008,008_0150,2,2
18682,008,008_0150,3,2
18683,008,008_0150,4,2
18684,008,008_0150,5,2
18685,008,008_0150,6,2
18686,008,008_0150,7,2
18687,008,008_0150,8,2
18688,008,008_0151,1,1
18689,008,008_0151,2,1
18690,008,008_0151,3,1
18691,008,008_0151,4,1
18692,008,008_0151,5,1
18693,008,008_0151,6,1
18694,008,008_0151,7,1
18695,008,008_0151,8,1
18696,008,008_0152,1,5
18697,008,008_0152,2,5
18698,008,008_0152,3,5
18699,008,008_0152,4,5
18700,008,008_0152,5,5
18701,008,008_0152,6,5
18702,008,008_0152,7,5
18703,008,008_0152,8,5
18704,008,008_0153,1,4
18705,008,008_0153,2,4
18706,008,008_0153,3,4
18707,008,008_0153,4,4
18708,008,008_0153,5,4
18709,008,008_0153,6,4
18710,008,008_0153,7,4
18711,008,008_0153,8,4
18712,008,008_0154,1,3
18713,008,008_0154,2,3
18714,008,008_0154,3,3
18715,008,008_0154,4,3
18716,008,008_0154,5,3
18717,008,008_0154,6,3
18718,008,008_0154,7,3
18719,008,008_0154,8,3
18720,008,008_0155,1,2
18721,008,008_0155,2,2
18722,008,008_0155,3,2
18723,008,008_0155,4,2
18724,008,008_0155,5,2
18725,008,008_0155,6,2
18726,008,008_0155,7,2
18727,008,008_0155,8,2
18728,008,008_0156,1,1
18729,008,008_0156,2,1
18730,008,008_0156,3,1
18731,008,008_0156,4,1
18732,008,008_0156,5,1
18733,008,008_0156,6,1
18734,008,008_0156,7,1
18735,008,008_0156,8,1
18736,008,008_0157,1,5
18737,008,008_0157,2,5
18738,008,008_0157,3,5
18739,008,008_0157,4,5
18740,008,008_0157,5,5
18741,008,008_0157,6,5
18742,008,008_0157,7,5
18743,008,008_0157,8,5
18744,008,008_0158,1,4
18745,008,008_0158,2,4
18746,008,008_0158,3,4
18747,008,008_0158,4,4
18748,008,008_0158,5,4
18749,008,008_0158,6,4
18750,008,008_0158,7,4
18751,008,008_0158,8,4
18752,008,008_0159,1,3
18753,008,008_0159,2,3
18754,008,008_0159,3,3
18755,008,008_0159,4,3
18756,008,008_0159,5,3
18757,008,008_0159,6,3
18758,008,008_0159,7,3
18759,008,008_0159,8,3
18760,008,008_0160,1,2
18761,008,008_0160,2,2
18762,008,008_0160,3,2
18763,008,008_0160,4,2
18764,008,008_0160,5,2
18765,008,008_0160,6,2
18766,008,008_0160,7,2
18767,008,008_0160,8,2
18768,008,008_0161,1,1
18769,008,008_0161,2,1
18770,008,008_0161,3,1
18771,008,008_0161,4,1
18772,008,008_0161,5,1
18773,008,008_0161,6,1
18774,008,008_0161,7,1
18775,008,008_0161,8,1
18776,008,008_0162,1,5
18777,008,008_0162,2,5
18778,008,008_0162,3,5
18779,008,008_0162,4,5
18780,008,008_0162,5,5
18781,008,008_0162,6,5
18782,008,008_0162,7,5
18783,008,008_0162,8,5
18784,008,008_0163,1,4
18785,008,008_0163,2,4
18786,008,008_0163,3,4
18787,008,008_0163,4,4
18788,008,008_0163,5,4
18789,008,008_0163,6,4
18790,008,008_0163,7,4
18791,008,008_0163,8,4
18792,008,008_0164,1,3
18793,008,008_0164,2,3
18794,008,008_0164,3,3
18795,008,008_0164,4,3
18796,008,008_0164,5,3
18797,008,008_0164,6,3
18798,008,008_0164,7,3
18799,008,008_0164,8,3
18800,008,008_0165,1,2
18801,008,008_0165,2,2
18802,008,008_0165,3,2
18803,008,008_0165,4,2
18804,008,008_0165,5,2
18805,008,008_0165,6,2
18806,008,008_0165,7,2
18807,008,008_0165,8,2
18808,008,008_0166,1,1
18809,008,008_0166,2,1
18810,008,008_0166,3,1
18811,008,008_0166,4,1
18812,008,008_0166,5,1
18813,008,008_0166,6,1
18814,008,008_0166,7,1
18815,008,008_0166,8,1
18816,008,008_0167,1,5
18817,008,008_0167,2,5
18818,008,008_0167,3,5
18819,008,008_0167,4,5
18820,008,008_0167,5,5
18821,008,008_0167,6,5
18822,008,008_0167,7,5
18823,008,008_0167,8,5
18824,008,008_0168,1,4
18825,008,008_0168,2,4
18826,008,008_0168,3,4
18827,008,008_0168,4,4
18828,008,008_0168,5,4
18829,008,008_0168,6,4
18830,008,008_0168,7,4
18831,008,008_0168,8,4
18832,008,008_0169,1,3
18833,008,008_0169,2,3
18834,008,008_0169,3,3
18835,008,008_0169,4,3
18836,008,008_0169,5,3
18837,008,008_0169,6,3
18838,008,008_0169,7,3
18839,008,008_0169,8,3
18840,008,008_0170,1,2
18841,008,008_0170,2,2
18842,008,008_0170,3,2
18843,008,008_0170,4,2
18844,008,008_0170,5,2
18845,008,008_0170,6,2
18846,008,008_0170,7,2
18847,008,008_0170,8,2
18848,008,008_0171,1,1
18849,008,008_0171,2,1
18850,008,008_0171,3,1
18851,008,008_0171,4,1
18852,008,008_0171,5,1
18853,008,008_0171,6,1
18854,008,008_0171,7,1
18855,008,008_0171,8,1
18856,008,008_0172,1,5
18857,008,008_0172,2,5
18858,008,008_0172,3,5
18859,008,008_0172,4,5
18860,008,008_0172,5,5
18861,008,008_0172,6,5
18862,008,008_0172,7,5
18863,008,008_0172,8,5
18864,008,008_0173,1,4
18865,008,008_0173,2,4
18866,008,008_0173,3,4
18867,008,008_0173,4,4
18868,008,008_0173,5,4
18869,008,008_0173,6,4
18870,008,008_0173,7,4
18871,008,008_0173,8,4
18872,008,008_0174,1,3
18873,008,008_0174,2,3
18874,008,008_0174,3,3
18875,008,008_0174,4,3
18876,008,008_0174,5,3
18877,008,008_0174,6,3
18878,008,008_0174,7,3
18879,008,008_0174,8,3
18880,008,008_0175,1,2
18881,008,008_0175,2,2
18882,008,008_0175,3,2
18883,008,008_0175,4,2
18884,008,008_0175,5,2
18885,008,008_0175,6,2
18886,008,008_0175,7,2
18887,008,008_0175,8,2
18888,008,008_0176,1,1
18889,008,008_0176,2,1
18890,008,008_0176,3,1
18891,008,008_0176,4,1
18892,008,008_0176,5,1
18893,008,008_0176,6,1
18894,008,008_0176,7,1
18895,008,008_0176,8,1
18896,008,008_0177,1,5
18897,008,008_0177,2,5
18898,008,008_0177,3,5
18899,008,008_0177,4,5
18900,008,008_0177,5,5
18901,008,008_0177,6,5
18902,008,008_0177,7,5
18903,008,008_0177,8,5
18904,008,008_0178,1,4
18905,008,008_0178,2,4
18906,008,008_0178,3,4
18907,008,008_0178,4,4
18908,008,008_0178,5,4
18909,008,008_0178,6,4
18910,008,008_0178,7,4
18911,008,008_0178,8,4
18912,008,008_0179,1,3
18913,008,008_0179,2,3
18914,008,008_0179,3,3
18915,008,008_0179,4,3
18916,008,008_0179,5,3
18917,008,008_0179,6,3
18918,008,008_0179,7,3
18919,008,008_0179,8,3
18920,008,008_0180,1,2
18921,008,008_0180,2,2
18922,008,008_0180,3,2
18923,008,008_0180,4,2
18924,008,008_0180,5,2
18925,008,008_0180,6,2
18926,008,008_0180,7,2
18927,008,008_0180,8,2
18928,008,008_0181,1,1
18929,008,008_0181,2,1
18930,008,008_0181,3,1
18931,008,008_0181,4,1
18932,008,008_0181,5,1
18933,008,008_0181,6,1
18934,008,008_0181,7,1
18935,008,008_0181,8,1
18936,008,008_0182,1,5
18937,008,008_0182,2,5
18938,008,008_0182,3,5
18939,008,008_0182,4,5
18940,008,008_0182,5,5
18941,008,008_0182,6,5
18942,008,008_0182,7,5
18943,008,008_0182,8,5
18944,008,008_0183,1,4
18945,008,008_0183,2,4
18946,008,008_0183,3,4
18947,008,008_0183,4,4
18948,008,008_0183,5,4
18949,008,008_0183,6,4
18950,008,008_0183,7,4
18951,008,008_0183,8,4
18952,008,008_0184,1,3
18953,008,008_0184,2,3
18954,008,008_0184,3,3
18955,008,008_0184,4,3
18956,008,008_0184,5,3
18957,008,008_0184,6,3
18958,008,008_0184,7,3
18959,008,008_0184,8,3
18960,008,008_0185,1,2
18961,008,008_0185,2,2
18962,008,008_0185,3,2
18963,008,008_0185,4,2
18964,008,008_0185,5,2
18965,008,008_0185,6,2
18966,008,008_0185,7,2
18967,008,008_0185,8,2
18968,008,008_0186,1,1
18969,008,008_0186,2,1
18970,008,008_0186,3,1
18971,008,008_0186,4,1
18972,008,008_0186,5,1
18973,008,008_0186,6,1
18974,008,008_0186,7,1
18975,008,008_0186,8,1
18976,008,008_0187,1,5
18977,008,008_0187,2,5
18978,008,008_0187,3,5
18979,008,008_0187,4,5
18980,008,008_0187,5,5
18981,008,008_0187,6,5
18982,008,008_0187,7,5
18983,008,008_0187,8,5
18984,008,008_0188,1,4
18985,008,008_0188,2,4
18986,008,008_0188,3,4
18987,008,008_0188,4,4
18988,008,008_0188,5,4
18989,008,008_0188,6,4
18990,008,008_0188,7,4
18991,008,008_0188,8,4
18992,008,008_0189,1,3
18993,008,008_0189,2,3
18994,008,008_0189,3,3
18995,008,008_0189,4,3
18996,008,008_0189,5,3
18997,008,008_0189,6,3
18998,008,008_0189,7,3
18999,008,008_0189,8,3
19000,008,008_0190,1,2
19001,008,008_0190,2,2
19002,008,008_0190,3,2
19003,008,008_0190,4,2
19004,008,008_0190,5,2
19005,008,008_0190,6,2
19006,008,008_0190,7,2
19007,008,008_0190,8,2
19008,008,008_0191,1,1
19009,008,008_0191,2,1
19010,008,008_0191,3,1
19011,008,008_0191,4,1
19012,008,008_0191,5,1
19013,008,008_0191,6,1
19014,008,008_0191,7,1
19015,008,008_0191,8,1
19016,008,008_0192,1,5
19017,008,008_0192,2,5
19018,008,008_0192,3,5
19019,008,008_0192,4,5
19020,008,008_0192,5,5
19021,008,008_0192,6,5
19022,008,008_0192,7,5
19023,008,008_0192,8,5
19024,008,008_0193,1,4
19025,008,008_0193,2,4
19026,008,008_0193,3,4
19027,008,008_0193,4,4
19028,008,008_0193,5,4
19029,008,008_0193,6,4
19030,008,008_0193,7,4
19031,008,008_0193,8,4
19032,008,008_0194,1,3
19033,008,008_0194,2,3
19034,008,008_0194,3,3
19035,008,008_0194,4,3
19036,008,008_0194,5,3
19037,008,008_0194,6,3
19038,008,008_0194,7,3
19039,008,008_0194,8,3
19040,008,008_0195,1,2
19041,008,008_0195,2,2
19042,008,008_0195,3,2
19043,008,008_0195,4,2
19044,008,008_0195,5,2
19045,008,008_0195,6,2
19046,008,008_0195,7,2
19047,008,008_0195,8,2
19048,008,008_0196,1,1
19049,008,008_0196,2,1
19050,008,008_0196,3,1
19051,008,008_0196,4,1
19052,008,008_0196,5,1
19053,008,008_0196,6,1
19054,008,008_0196,7,1
19055,008,008_0196,8,1
19056,008,008_0197,1,5
19057,008,008_0197,2,5
19058,008,008_0197,3,5
19059,008,008_0197,4,5
19060,008,008_0197,5,5
19061,008,008_0197,6,5
19062,008,008_0197,7,5
19063,008,008_0197,8,5
19064,008,008_0198,1,4
19065,008,008_0198,2,4
19066,008,008_0198,3,4
19067,008,008_0198,4,4
19068,008,008_0198,5,4
19069,008,008_0198,6,4
19070,008,008_0198,7,4
19071,008,008_0198,8,4
19072,008,008_0199,1,3
19073,008,008_0199,2,3
19074,008,008_0199,3,3
19075,008,008_0199,4,3
19076,008,008_0199,5,3
19077,008,008_0199,6,3
19078,008,008_0199,7,3
19079,008,008_0199,8,3
19080,008,008_0200,1,2
19081,008,008_0200,2,2
19082,008,008_0200,3,2
19083,008,008_0200,4,2
19084,008,008_0200,5,2
19085,008,008_0200,6,2
19086,008,008_0200,7,2
19087,008,008_0200,8,2
19088,008,008_0201,1,1
19089,008,008_0201,2,1
19090,008,008_0201,3,1
19091,008,008_0201,4,1
19092,008,008_0201,5,1
19093,008,008_0201,6,1
19094,008,008_0201,7,1
19095,008,008_0201,8,1
19096,008,008_0202,1,5
19097,008,008_0202,2,5
19098,008,008_0202,3,5
19099,008,008_0202,4,5
19100,008,008_0202,5,5
19101,008,008_0202,6,5
19102,008,008_0202,7,5
19103,008,008_0202,8,5
19104,008,008_0203,1,4
19105,008,008_0203,2,4
19106,008,008_0203,3,4
19107,008,008_0203,4,4
19108,008,008_0203,5,4
19109,008,008_0203,6,4
19110,008,008_0203,7,4
19111,008,008_0203,8,4
19112,008,008_0204,1,3
19113,008,008_0204,2,3
19114,008,008_0204,3,3
19115,008,008_0204,4,3
19116,008,008_0204,5,3
19117,008,008_0204,6,3
19118,008,008_0204,7,3
19119,008,008_0204,8,3
19120,008,008_0205,1,2
19121,008,008_0205,2,2
19122,008,008_0205,3,2
19123,008,008_0205,4,2
19124,008,008_0205,5,2
19125,008,008_0205,6,2
19126,008,008_0205,7,2
19127,008,008_0205,8,2
19128,008,008_0206,1,1
19129,008,008_0206,2,1
19130,008,008_0206,3,1
19131,008,008_0206,4,1
19132,008,008_0206,5,1
19133,008,008_0206,6,1
19134,008,008_0206,7,1
19135,008,008_0206,8,1
19136,008,008_0207,1,5
19137,008,008_0207,2,5
19138,008,008_0207,3,5
19139,008,008_0207,4,5
19140,008,008_0207,5,5
19141,008,008_0207,6,5
19142,008,008_0207,7,5
19143,008,008_0207,8,5
19144,008,008_0208,1,4
19145,008,008_0208,2,4
19146,008,008_0208,3,4
19147,008,008_0208,4,4
19148,008,008_0208,5,4
19149,008,008_0208,6,4
19150,008,008_0208,7,4
19151,008,008_0208,8,4
19152,008,008_0209,1,3
19153,008,008_0209,2,3
19154,008,008_0209,3,3
19155,008,008_0209,4,3
19156,008,008_0209,5,3
19157,008,008_0209,6,3
19158,008,008_0209,7,3
19159,008,008_0209,8,3
19160,008,008_0210,1,2
19161,008,008_0210,2,2
19162,008,008_0210,3,2
19163,008,008_0210,4,2
19164,008,008_0210,5,2
19165,008,008_0210,6,2
19166,008,008_0210,7,2
19167,008,008_0210,8,2
19168,008,008_0211,1,1
19169,008,008_0211,2,1
19170,008,008_0211,3,1
19171,008,008_0211,4,1
19172,008,008_0211,5,1
19173,008,008_0211,6,1
19174,008,008_0211,7,1
19175,008,008_0211,8,1
19176,008,008_0212,1,5
19177,008,008_0212,2,5
19178,008,008_0212,3,5
19179,008,008_0212,4,5
19180,008,008_0212,5,5
19181,008,008_0212,6,5
19182,008,008_0212,7,5
19183,008,008_0212,8,5
19184,008,008_0213,1,4
19185,008,008_0213,2,4
19186,008,008_0213,3,4
19187,008,008_0213,4,4
19188,008,008_0213,5,4
19189,008,008_0213,6,4
19190,008,008_0213,7,4
19191,008,008_0213,8,4
19192,008,008_0214,1,3
19193,008,008_0214,2,3
19194,008,008_0214,3,3
19195,008,008_0214,4,3
19196,008,008_0214,5,3
19197,008,008_0214,6,3
19198,008,008_0214,7,3
19199,008,008_0214,8,3
19200,008,008_0215,1,2
19201,008,008_0215,2,2
19202,008,008_0215,3,2
19203,008,008_0215,4,2
19204,008,008_0215,5,2
19205,008,008_0215,6,2
19206,008,008_0215,7,2
19207,008,008_0215,8,2
19208,008,008_0216,1,1
19209,008,008_0216,2,1
19210,008,008_0216,3,1
19211,008,008_0216,4,1
19212,008,008_0216,5,1
19213,008,008_0216,6,1
19214,008,008_0216,7,1
19215,008,008_0216,8,1
19216,008,008_0217,1,5
19217,008,008_0217,2,5
19218,008,008_0217,3,5
19219,008,008_0217,4,5
19220,008,008_0217,5,5
19221,008,008_0217,6,5
19222,008,008_0217,7,5
19223,008,008_0217,8,5
19224,008,008_0218,1,4
19225,008,008_0218,2,4
19226,008,008_0218,3,4
19227,008,008_0218,4,4
19228,008,008_0218,5,4
19229,008,008_0218,6,4
19230,008,008_0218,7,4
19231,008,008_0218,8,4
19232,008,008_0219,1,3
19233,008,008_0219,2,3
19234,008,008_0219,3,3
19235,008,008_0219,4,3
19236,008,008_0219,5,3
19237,008,008_0219,6,3
19238,008,008_0219,7,3
19239,008,008_0219,8,3
19240,008,008_0220,1,2
19241,008,008_0220,2,2
19242,008,008_0220,3,2
19243,008,008_0220,4,2
19244,008,008_0220,5,2
19245,008,008_0220,6,2
19246,008,008_0220,7,2
19247,008,008_0220,8,2
19248,008,008_0221,1,1
19249,008,008_0221,2,1
19250,008,008_0221,3,1
19251,008,008_0221,4,1
19252,008,008_0221,5,1
19253,008,008_0221,6,1
19254,008,008_0221,7,1
19255,008,008_0221,8,1
19256,008,008_0222,1,5
19257,008,008_0222,2,5
19258,008,008_0222,3,5
19259,008,008_0222,4,5
19260,008,008_0222,5,5
19261,008,008_0222,6,5
19262,008,008_0222,7,5
19263,008,008_0222,8,5
19264,008,008_0223,1,4
19265,008,008_0223,2,4
19266,008,008_0223,3,4
19267,008,008_0223,4,4
19268,008,008_0223,5,4
19269,008,008_0223,6,4
19270,008,008_0223,7,4
19271,008,008_0223,8,4
19272,008,008_0224,1,3
19273,008,008_0224,2,3
19274,008,008_0224,3,3
19275,008,008_0224,4,3
19276,008,008_0224,5,3
19277,008,008_0224,6,3
19278,008,008_0224,7,3
19279,008,008_0224,8,3
19280,008,008_0225,1,2
19281,008,008_0225,2,2
19282,008,008_0225,3,2
19283,008,008_0225,4,2
19284,008,008_0225,5,2
19285,008,008_0225,6,2
19286,008,008_0225,7,2
19287,008,008_0225,8,2
19288,008,008_0226,1,1
19289,008,008_0226,2,1
19290,008,008_0226,3,1
19291,008,008_0226,4,1
19292,008,008_0226,5,1
19293,008,008_0226,6,1
19294,008,008_0226,7,1
19295,008,008_0226,8,1
19296,008,008_0227,1,5
19297,008,008_0227,2,5
19298,008,008_0227,3,5
19299,008,008_0227,4,5
19300,008,008_0227,5,5
19301,008,008_0227,6,5
19302,008,008_0227,7,5
19303,008,008_0227,8,5
19304,008,008_0228,1,4
19305,008,008_0228,2,4
19306,008,008_0228,3,4
19307,008,008_0228,4,4
19308,008,008_0228,5,4
19309,008,008_0228,6,4
19310,008,008_0228,7,4
19311,008,008_0228,8,4
19312,008,008_0229,1,3
19313,008,008_0229,2,3
19314,008,008_0229,3,3
19315,008,008_0229,4,3
19316,008,008_0229,5,3
19317,008,008_0229,6,3
19318,008,008_0229,7,3
19319,008,008_0229,8,3
19320,008,008_0230,1,2
19321,008,008_0230,2,2
19322,008,008_0230,3,2
19323,008,008_0230,4,2
19324,008,008_0230,5,2
19325,008,008_0230,6,2
19326,008,008_0230,7,2
19327,008,008_0230,8,2
19328,008,008_0231,1,1
19329,008,008_0231,2,1
19330,008,008_0231,3,1
19331,008,008_0231,4,1
19332,008,008_0231,5,1
19333,008,008_0231,6,1
19334,008,008_0231,7,1
19335,008,008_0231,8,1
19336,008,008_0232,1,5
19337,008,008_0232,2,5
19338,008,008_0232,3,5
19339,008,008_0232,4,5
19340,008,008_0232,5,5
19341,008,008_0232,6,5
19342,008,008_0232,7,5
19343,008,008_0232,8,5
19344,008,008_0233,1,4
19345,008,008_0233,2,4
19346,008,008_0233,3,4
19347,008,008_0233,4,4
19348,008,008_0233,5,4
19349,008,008_0233,6,4
19350,008,008_0233,7,4
19351,008,008_0233,8,4
19352,008,008_0234,1,3
19353,008,008_0234,2,3
19354,008,008_0234,3,3
19355,008,008_0234,4,3
19356,008,008_0234,5,3
19357,008,008_0234,6,3
19358,008,008_0234,7,3
19359,008,008_0234,8,3
19360,008,008_0235,1,2
19361,008,008_0235,2,2
19362,008,008_0235,3,2
19363,008,008_0235,4,2
19364,008,008_0235,5,2
19365,008,008_0235,6,2
19366,008,008_0235,7,2
19367,008,008_0235,8,2
19368,008,008_0236,1,1
19369,008,008_0236,2,1
19370,008,008_0236,3,1
19371,008,008_0236,4,1
19372,008,008_0236,5,1
19373,008,008_0236,6,1
19374,008,008_0236,7,1
19375,008,008_0236,8,1
19376,008,008_0237,1,5
19377,008,008_0237,2,5
19378,008,008_0237,3,5
19379,008,008_0237,4,5
19380,008,008_0237,5,5
19381,008,008_0237,6,5
19382,008,008_0237,7,5
19383,008,008_0237,8,5
19384,008,008_0238,1,4
19385,008,008_0238,2,4
19386,008,008_0238,3,4
19387,008,008_0238,4,4
19388,008,008_0238,5,4
19389,008,008_0238,6,4
19390,008,008_0238,7,4
19391,008,008_0238,8,4
19392,008,008_0239,1,3
19393,008,008_0239,2,3
19394,008,008_0239,3,3
19395,008,008_0239,4,3
19396,008,008_0239,5,3
19397,008,008_0239,6,3
19398,008,008_0239,7,3
19399,008,008_0239,8,3
19400,008,008_0240,1,2
19401,008,008_0240,2,2
19402,008,008_0240,3,2
19403,008,008_0240,4,2
19404,008,008_0240,5,2
19405,008,008_0240,6,2
19406,008,008_0240,7,2
19407,008,008_0240,8,2
19408,008,008_0241,1,1
19409,008,008_0241,2,1
19410,008,008_0241,3,1
19411,008,008_0241,4,1
19412,008,008_0241,5,1
19413,008,008_0241,6,1
19414,008,008_0241,7,1
19415,008,008_0241,8,1
19416,008,008_0242,1,5
19417,008,008_0242,2,5
19418,008,008_0242,3,5
19419,008,008_0242,4,5
19420,008,008_0242,5,5
19421,008,008_0242,6,5
19422,008,008_0242,7,5
19423,008,008_0242,8,5
19424,008,008_0243,1,4
19425,008,008_0243,2,4
19426,008,008_0243,3,4
19427,008,008_0243,4,4
19428,008,008_0243,5,4
19429,008,008_0243,6,4
19430,008,008_0243,7,4
19431,008,008_0243,8,4
19432,008,008_0244,1,3
19433,008,008_0244,2,3
19434,008,008_0244,3,3
19435,008,008_0244,4,3
19436,008,008_0244,5,3
19437,008,008_0244,6,3
19438,008,008_0244,7,3
19439,008,008_0244,8,3
19440,008,008_0245,1,2
19441,008,008_0245,2,2
19442,008,008_0245,3,2
19443,008,008_0245,4,2
19444,008,008_0245,5,2
19445,008,008_0245,6,2
19446,008,008_0245,7,2
19447,008,008_0245,8,2
19448,008,008_0246,1,1
19449,008,008_0246,2,1
19450,008,008_0246,3,1
19451,008,008_0246,4,1
19452,008,008_0246,5,1
19453,008,008_0246,6,1
19454,008,008_0246,7,1
19455,008,008_0246,8,1
19456,008,008_0247,1,5
19457,008,008_0247,2,5
19458,008,008_0247,3,5
19459,008,008_0247,4,5
19460,008,008_0247,5,5
19461,008,008_0247,6,5
19462,008,008_0247,7,5
19463,008,008_0247,8,5
19464,008,008_0248,1,4
19465,008,008_0248,2,4
19466,008,008_0248,3,4
19467,008,008_0248,4,4
19468,008,008_0248,5,4
19469,008,008_0248,6,4
19470,008,008_0248,7,4
19471,008,008_0248,8,4
19472,008,008_0249,1,3
19473,008,008_0249,2,3
19474,008,008_0249,3,3
19475,008,008_0249,4,3
19476,008,008_0249,5,3
19477,008,008_0249,6,3
19478,008,008_0249,7,3
19479,008,008_0249,8,3
19480,008,008_0250,1,2
19481,008,008_0250,2,2
19482,008,008_0250,3,2
19483,008,008_0250,4,2
19484,008,008_0250,5,2
19485,008,008_0250,6,2
19486,008,008_0250,7,2
19487,008,008_0250,8,2
19488,008,008_0251,1,1
19489,008,008_0251,2,1
19490,008,008_0251,3,1
19491,008,008_0251,4,1
19492,008,008_0251,5,1
19493,008,008_0251,6,1
19494,008,008_0251,7,1
19495,008,008_0251,8,1
19496,008,008_0252,1,5
19497,008,008_0252,2,5
19498,008,008_0252,3,5
19499,008,008_0252,4,5
19500,008,008_0252,5,5
19501,008,008_0252,6,5
19502,008,008_0252,7,5
19503,008,008_0252,8,5
19504,008,008_0253,1,4
19505,008,008_0253,2,4
19506,008,008_0253,3,4
19507,008,008_0253,4,4
19508,008,008_0253,5,4
19509,008,008_0253,6,4
19510,008,008_0253,7,4
19511,008,008_0253,8,4
19512,008,008_0254,1,3
19513,008,008_0254,2,3
19514,008,008_0254,3,3
19515,008,008_0254,4,3
19516,008,008_0254,5,3
19517,008,008_0254,6,3
19518,008,008_0254,7,3
19519,008,008_0254,8,3
19520,008,008_0255,1,2
19521,008,008_0255,2,2
19522,008,008_0255,3,2
19523,008,008_0255,4,2
19524,008,008_0255,5,2
19525,008,008_0255,6,2
19526,008,008_0255,7,2
19527,008,008_0255,8,2
19528,008,008_0256,1,1
19529,008,008_0256,2,1
19530,008,008_0256,3,1
19531,008,008_0256,4,1
19532,008,008_0256,5,1
19533,008,008_0256,6,1
19534,008,008_0256,7,1
19535,008,008_0256,8,1
19536,008,008_0257,1,5
19537,008,008_0257,2,5
19538,008,008_0257,3,5
19539,008,008_0257,4,5
19540,008,008_0257,5,5
19541,008,008_0257,6,5
19542,008,008_0257,7,5
19543,008,008_0257,8,5
19544,008,008_0258,1,4
19545,008,008_0258,2,4
19546,008,008_0258,3,4
19547,008,008_0258,4,4
19548,008,008_0258,5,4
19549,008,008_0258,6,4
19550,008,008_0258,7,4
19551,008,008_0258,8,4
19552,008,008_0259,1,3
19553,008,008_0259,2,3
19554,008,008_0259,3,3
19555,008,008_0259,4,3
19556,008,008_0259,5,3
19557,008,008_0259,6,3
19558,008,008_0259,7,3
19559,008,008_0259,8,3
19560,008,008_0260,1,2
19561,008,008_0260,2,2
19562,008,008_0260,3,2
19563,008,008_0260,4,2
19564,008,008_0260,5,2
19565,008,008_0260,6,2
19566,008,008_0260,7,2
19567,008,008_0260,8,2
19568,008,008_0261,1,1
19569,008,008_0261,2,1
19570,008,008_0261,3,1
19571,008,008_0261,4,1
19572,008,008_0261,5,1
19573,008,008_0261,6,1
19574,008,008_0261,7,1
19575,008,008_0261,8,1
19576,008,008_0262,1,5
19577,008,008_0262,2,5
19578,008,008_0262,3,5
19579,008,008_0262,4,5
19580,008,008_0262,5,5
19581,008,008_0262,6,5
19582,008,008_0262,7,5
19583,008,008_0262,8,5
19584,008,008_0263,1,4
19585,008,008_0263,2,4
19586,008,008_0263,3,4
19587,008,008_0263,4,4
19588,008,008_0263,5,4
19589,008,008_0263,6,4
19590,008,008_0263,7,4
19591,008,008_0263,8,4
19592,008,008_0264,1,3
19593,008,008_0264,2,3
19594,008,008_0264,3,3
19595,008,008_0264,4,3
19596,008,008_0264,5,3
19597,008,008_0264,6,3
19598,008,008_0264,7,3
19599,008,008_0264,8,3
19600,008,008_0265,1,2
19601,008,008_0265,2,2
19602,008,008_0265,3,2
19603,008,008_0265,4,2
19604,008,008_0265,5,2
19605,008,008_0265,6,2
19606,008,008_0265,7,2
19607,008,008_0265,8,2
19608,008,008_0266,1,1
19609,008,008_0266,2,1
19610,008,008_0266,3,1
19611,008,008_0266,4,1
19612,008,008_0266,5,1
19613,008,008_0266,6,1
19614,008,008_0266,7,1
19615,008,008_0266,8,1
19616,008,008_0267,1,5
19617,008,008_0267,2,5
19618,008,008_0267,3,5
19619,008,008_0267,4,5
19620,008,008_0267,5,5
19621,008,008_0267,6,5
19622,008,008_0267,7,5
19623,008,008_0267,8,5
19624,008,008_0268,1,4
19625,008,008_0268,2,4
19626,008,008_0268,3,4
19627,008,008_0268,4,4
19628,008,008_0268,5,4
19629,008,008_0268,6,4
19630,008,008_0268,7,4
19631,008,008_0268,8,4
19632,008,008_0269,1,3
19633,008,008_0269,2,3
19634,008,008_0269,3,3
19635,008,008_0269,4,3
19636,008,008_0269,5,3
19637,008,008_0269,6,3
19638,008,008_0269,7,3
19639,008,008_0269,8,3
19640,008,008_0270,1,2
19641,008,008_0270,2,2
19642,008,008_0270,3,2
19643,008,008_0270,4,2
19644,008,008_0270,5,2
19645,008,008_0270,6,2
19646,008,008_0270,7,2
19647,008,008_0270,8,2
19648,008,008_0271,1,1
19649,008,008_0271,2,1
19650,008,008_0271,3,1
19651,008,008_0271,4,1
19652,008,008_0271,5,1
19653,008,008_0271,6,1
19654,008,008_0271,7,1
19655,008,008_0271,8,1
19656,008,008_0272,1,5
19657,008,008_0272,2,5
19658,008,008_0272,3,5
19659,008,008_0272,4,5
19660,008,008_0272,5,5
19661,008,008_0272,6,5
19662,008,008_0272,7,5
19663,008,008_0272,8,5
19664,008,008_0273,1,4
19665,008,008_0273,2,4
19666,008,008_0273,3,4
19667,008,008_0273,4,4
19668,008,008_0273,5,4
19669,008,008_0273,6,4
19670,008,008_0273,7,4
19671,008,008_0273,8,4
19672,008,008_0274,1,3
19673,008,008_0274,2,3
19674,008,008_0274,3,3
19675,008,008_0274,4,3
19676,008,008_0274,5,3
19677,008,008_0274,6,3
19678,008,008_0274,7,3
19679,008,008_0274,8,3
19680,008,008_0275,1,2
19681,008,008_0275,2,2
19682,008,008_0275,3,2
19683,008,008_0275,4,2
19684,008,008_0275,5,2
19685,008,008_0275,6,2
19686,008,008_0275,7,2
19687,008,008_0275,8,2
19688,008,008_0276,1,1
19689,008,008_0276,2,1
19690,008,008_0276,3,1
19691,008,008_0276,4,1
19692,008,008_0276,5,1
19693,008,008_0276,6,1
19694,008,008_0276,7,1
19695,008,008_0276,8,1
19696,008,008_0277,1,5
19697,008,008_0277,2,5
19698,008,008_0277,3,5
19699,008,008_0277,4,5
19700,008,008_0277,5,5
19701,008,008_0277,6,5
19702,008,008_0277,7,5
19703,008,008_0277,8,5
19704,008,008_0278,1,4
19705,008,008_0278,2,4
19706,008,008_0278,3,4
19707,008,008_0278,4,4
19708,008,008_0278,5,4
19709,008,008_0278,6,4
19710,008,008_0278,7,4
19711,008,008_0278,8,4
19712,008,008_0279,1,3
19713,008,008_0279,2,3
19714,008,008_0279,3,3
19715,008,008_0279,4,3
19716,008,008_0279,5,3
19717,008,008_0279,6,3
19718,008,008_0279,7,3
19719,008,008_0279,8,3
19720,008,008_0280,1,2
19721,008,008_0280,2,2
19722,008,008_0280,3,2
19723,008,008_0280,4,2
19724,008,008_0280,5,2
19725,008,008_0280,6,2
19726,008,008_0280,7,2
19727,008,008_0280,8,2
19728,008,008_0281,1,1
19729,008,008_0281,2,1
19730,008,008_0281,3,1
19731,008,008_0281,4,1
19732,008,008_0281,5,1
19733,008,008_0281,6,1
19734,008,008_0281,7,1
19735,008,008_0281,8,1
19736,008,008_0282,1,5
19737,008,008_0282,2,5
19738,008,008_0282,3,5
19739,008,008_0282,4,5
19740,008,008_0282,5,5
19741,008,008_0282,6,5
19742,008,008_0282,7,5
19743,008,008_0282,8,5
19744,008,008_0283,1,4
19745,008,008_0283,2,4
19746,008,008_0283,3,4
19747,008,008_0283,4,4
19748,008,008_0283,5,4
19749,008,008_0283,6,4
19750,008,008_0283,7,4
19751,008,008_0283,8,4
19752,008,008_0284,1,3
19753,008,008_0284,2,3
19754,008,008_0284,3,3
19755,008,008_0284,4,3
19756,008,008_0284,5,3
19757,008,008_0284,6,3
19758,008,008_0284,7,3
19759,008,008_0284,8,3
19760,008,008_0285,1,2
19761,008,008_0285,2,2
19762,008,008_0285,3,2
19763,008,008_0285,4,2
19764,008,008_0285,5,2
19765,008,008_0285,6,2
19766,008,008_0285,7,2
19767,008,008_0285,8,2
19768,008,008_0286,1,1
19769,008,008_0286,2,1
19770,008,008_0286,3,1
19771,008,008_0286,4,1
19772,008,008_0286,5,1
19773,008,008_0286,6,1
19774,008,008_0286,7,1
19775,008,008_0286,8,1
19776,008,008_0287,1,5
19777,008,008_0287,2,5
19778,008,008_0287,3,5
19779,008,008_0287,4,5
19780,008,008_0287,5,5
19781,008,008_0287,6,5
19782,008,008_0287,7,5
19783,008,008_0287,8,5
19784,008,008_0288,1,4
19785,008,008_0288,2,4
19786,008,008_0288,3,4
19787,008,008_0288,4,4
19788,008,008_0288,5,4
19789,008,008_0288,6,4
19790,008,008_0288,7,4
19791,008,008_0288,8,4
19792,008,008_0289,1,3
19793,008,008_0289,2,3
19794,008,008_0289,3,3
19795,008,008_0289,4,3
19796,008,008_0289,5,3
19797,008,008_0289,6,3
19798,008,008_0289,7,3
19799,008,008_0289,8,3
19800,008,008_0290,1,2
19801,008,008_0290,2,2
19802,008,008_0290,3,2
19803,008,008_0290,4,2
19804,008,008_0290,5,2
19805,008,008_0290,6,2
19806,008,008_0290,7,2
19807,008,008_0290,8,2
19808,008,008_0291,1,1
19809,008,008_0291,2,1
19810,008,008_0291,3,1
19811,008,008_0291,4,1
19812,008,008_0291,5,1
19813,008,008_0291,6,1
19814,008,008_0291,7,1
19815,008,008_0291,8,1
19816,008,008_0292,1,5
19817,008,008_0292,2,5
19818,008,008_0292,3,5
19819,008,008_0292,4,5
19820,008,008_0292,5,5
19821,008,008_0292,6,5
19822,008,008_0292,7,5
19823,008,008_0292,8,5
19824,008,008_0293,1,4
19825,008,008_0293,2,4
19826,008,008_0293,3,4
19827,008,008_0293,4,4
19828,008,008_0293,5,4
19829,008,008_0293,6,4
19830,008,008_0293,7,4
19831,008,008_0293,8,4
19832,008,008_0294,1,3
19833,008,008_0294,2,3
19834,008,008_0294,3,3
19835,008,008_0294,4,3
19836,008,008_0294,5,3
19837,008,008_0294,6,3
19838,008,008_0294,7,3
19839,008,008_0294,8,3
19840,008,008_0295,1,2
19841,008,008_0295,2,2
19842,008,008_0295,3,2
19843,008,008_0295,4,2
19844,008,008_0295,5,2
19845,008,008_0295,6,2
19846,008,008_0295,7,2
19847,008,008_0295,8,2
19848,008,008_0296,1,1
19849,008,008_0296,2,1
19850,008,008_0296,3,1
19851,008,008_0296,4,1
19852,008,008_0296,5,1
19853,008,008_0296,6,1
19854,008,008_0296,7,1
19855,008,008_0296,8,1
19856,008,008_0297,1,5
19857,008,008_0297,2,5
19858,008,008_0297,3,5
19859,008,008_0297,4,5
19860,008,008_0297,5,5
19861,008,008_0297,6,5
19862,008,008_0297,7,5
19863,008,008_0297,8,5
19864,008,008_0298,1,4
19865,008,008_0298,2,4
19866,008,008_0298,3,4
19867,008,008_0298,4,4
19868,008,008_0298,5,4
19869,008,008_0298,6,4
19870,008,008_0298,7,4
19871,008,008_0298,8,4
19872,008,008_0299,1,3
19873,008,008_0299,2,3
19874,008,008_0299,3,3
19875,008,008_0299,4,3
19876,008,008_0299,5,3
19877,008,008_0299,6,3
19878,008,008_0299,7,3
19879,008,008_0299,8,3
19880,009,009_0001,1,2
19881,009,009_0001,2,2
19882,009,009_0001,3,2
19883,009,009_0001,4,2
19884,009,009_0001,5,2
19885,009,009_0001,6,2
19886,009,009_0001,7,2
19887,009,009_0001,8,2
19888,009,009_0002,1,1
19889,009,009_0002,2,1
19890,009,009_0002,3,1
19891,009,009_0002,4,1
19892,009,009_0002,5,1
19893,009,009_0002,6,1
19894,009,009_0002,7,1
19895,009,009_0002,8,1
19896,009,009_0003,1,5
19897,009,009_0003,2,5
19898,009,009_0003,3,5
19899,009,009_0003,4,5
19900,009,009_0003,5,5
19901,009,009_0003,6,5
19902,009,009_0003,7,5
19903,009,009_0003,8,5
19904,009,009_0004,1,4
19905,009,009_0004,2,4
19906,009,009_0004,3,4
19907,009,009_0004,4,4
19908,009,009_0004,5,4
19909,009,009_0004,6,4
19910,009,009_0004,7,4
19911,009,009_0004,8,4
19912,009,009_0005,1,3
19913,009,009_0005,2,3
19914,009,009_0005,3,3
19915,009,009_0005,4,3
19916,009,009_0005,5,3
19917,009,009_0005,6,3
19918,009,009_0005,7,3
19919,009,009_0005,8,3
19920,009,009_0006,1,2
19921,009,009_0006,2,2
19922,009,009_0006,3,2
19923,009,009_0006,4,2
19924,009,009_0006,5,2
19925,009,009_0006,6,2
19926,009,009_0006,7,2
19927,009,009_0006,8,2
19928,009,009_0007,1,1
19929,009,009_0007,2,1
19930,009,009_0007,3,1
19931,009,009_0007,4,1
19932,009,009_0007,5,1
19933,009,009_0007,6,1
19934,009,009_0007,7,1
19935,009,009_0007,8,1
19936,009,009_0008,1,5
19937,009,009_0008,2,5
19938,009,009_0008,3,5
19939,009,009_0008,4,5
19940,009,009_0008,5,5
19941,009,009_0008,6,5
19942,009,009_0008,7,5
19943,009,009_0008,8,5
19944,009,009_0009,1,4
19945,009,009_0009,2,4
19946,009,009_0009,3,4
19947,009,009_0009,4,4
19948,009,009_0009,5,4
19949,009,009_0009,6,4
19950,009,009_0009,7,4
19951,009,009_0009,8,4
19952,009,009_0010,1,3
19953,009,009_0010,2,3
19954,009,009_0010,3,3
19955,009,009_0010,4,3
19956,009,009_0010,5,3
19957,009,009_0010,6,3
19958,009,009_0010,7,3
19959,009,009_0010,8,3
19960,009,009_0011,1,2
19961,009,009_0011,2,2
19962,009,009_0011,3,2
19963,009,009_0011,4,2
19964,009,009_0011,5,2
19965,009,009_0011,6,2
19966,009,009_0011,7,2
19967,009,009_0011,8,2
19968,009,009_0012,1,1
19969,009,009_0012,2,1
19970,009,009_0012,3,1
19971,009,009_0012,4,1
19972,009,009_0012,5,1
19973,009,009_0012,6,1
19974,009,009_0012,7,1
19975,009,009_0012,8,1
19976,009,009_0013,1,5
19977,009,009_0013,2,5
19978,009,009_0013,3,5
19979,009,009_0013,4,5
19980,009,009_0013,5,5
19981,009,009_0013,6,5
19982,009,009_0013,7,5
19983,009,009_0013,8,5
19984,009,009_0014,1,4
19985,009,009_0014,2,4
19986,009,009_0014,3,4
19987,009,009_0014,4,4
19988,009,009_0014,5,4
19989,009,009_0014,6,4
19990,009,009_0014,7,4
19991,009,009_0014,8,4
19992,009,009_0015,1,3
19993,009,009_0015,2,3
19994,009,009_0015,3,3
19995,009,009_0015,4,3
19996,009,009_0015,5,3
19997,009,009_0015,6,3
19998,009,009_0015,7,3
19999,009,009_0015,8,3
20000,009,009_0016,1,2
20001,009,009_0016,2,2
20002,009,009_0016,3,2
20003,009,009_0016,4,2
20004,009,009_0016,5,2
20005,009,009_0016,6,2
20006,009,009_0016,7,2
20007,009,009_0016,8,2
20008,009,009_0017,1,1
20009,009,009_0017,2,1
20010,009,009_0017,3,1
20011,009,009_0017,4,1
20012,009,009_0017,5,1
20013,009,009_0017,6,1
20014,009,009_0017,7,1
20015,009,009_0017,8,1
20016,009,009_0018,1,5
20017,009,009_0018,2,5
20018,009,009_0018,3,5
20019,009,009_0018,4,5
20020,009,009_0018,5,5
20021,009,009_0018,6,5
20022,009,009_0018,7,5
20023,009,009_0018,8,5
20024,009,009_0019,1,4
20025,009,009_0019,2,4
20026,009,009_0019,3,4
20027,009,009_0019,4,4
20028,009,009_0019,5,4
20029,009,009_0019,6,4
20030,009,009_0019,7,4
20031,009,009_0019,8,4
20032,009,009_0020,1,3
20033,009,009_0020,2,3
20034,009,009_0020,3,3
20035,009,009_0020,4,3
20036,009,009_0020,5,3
20037,009,009_0020,6,3
20038,009,009_0020,7,3
20039,009,009_0020,8,3
20040,009,009_0021,1,2
20041,009,009_0021,2,2
20042,009,009_0021,3,2
20043,009,009_0021,4,2
20044,009,009_0021,5,2
20045,009,009_0021,6,2
20046,009,009_0021,7,2
20047,009,009_0021,8,2
20048,009,009_0022,1,1
20049,009,009_0022,2,1
20050,009,009_0022,3,1
20051,009,009_0022,4,1
20052,009,009_0022,5,1
20053,009,009_0022,6,1
20054,009,009_0022,7,1
20055,009,009_0022,8,1
20056,009,009_0023,1,5
20057,009,009_0023,2,5
20058,009,009_0023,3,5
20059,009,009_0023,4,5
20060,009,009_0023,5,5
20061,009,009_0023,6,5
20062,009,009_0023,7,5
20063,009,009_0023,8,5
20064,009,009_0024,1,4
20065,009,009_0024,2,4
20066,009,009_0024,3,4
20067,009,009_0024,4,4
20068,009,009_0024,5,4
20069,009,009_0024,6,4
20070,009,009_0024,7,4
20071,009,009_0024,8,4
20072,009,009_0025,1,3
20073,009,009_0025,2,3
20074,009,009_0025,3,3
20075,009,009_0025,4,3
20076,009,009_0025,5,3
20077,009,009_0025,6,3
20078,009,009_0025,7,3
20079,009,009_0025,8,3
20080,009,009_0026,1,2
20081,009,009_0026,2,2
20082,009,009_0026,3,2
20083,009,009_0026,4,2
20084,009,009_0026,5,2
20085,009,009_0026,6,2
20086,009,009_0026,7,2
20087,009,009_0026,8,2
20088,009,009_0027,1,1
20089,009,009_0027,2,1
20090,009,009_0027,3,1
20091,009,009_0027,4,1
20092,009,009_0027,5,1
20093,009,009_0027,6,1
20094,009,009_0027,7,1
20095,009,009_0027,8,1
20096,009,009_0028,1,5
20097,009,009_0028,2,5
20098,009,009_0028,3,5
20099,009,009_0028,4,5
20100,009,009_0028,5,5
20101,009,009_0028,6,5
20102,009,009_0028,7,5
20103,009,009_0028,8,5
20104,009,009_0029,1,4
20105,009,009_0029,2,4
20106,009,009_0029,3,4
20107,009,009_0029,4,4
20108,009,009_0029,5,4
20109,009,009_0029,6,4
20110,009,009_0029,7,4
20111,009,009_0029,8,4
20112,009,009_0030,1,3
20113,009,009_0030,2,3
20114,009,009_0030,3,3
20115,009,009_0030,4,3
20116,009,009_0030,5,3
20117,009,009_0030,6,3
20118,009,009_0030,7,3
20119,009,009_0030,8,3
20120,009,009_0031,1,2
20121,009,009_0031,2,2
20122,009,009_0031,3,2
20123,009,009_0031,4,2
20124,009,009_0031,5,2
20125,009,009_0031,6,2
20126,009,009_0031,7,2
20127,009,009_0031,8,2
20128,009,009_0032,1,1
20129,009,009_0032,2,1
20130,009,009_0032,3,1
20131,009,009_0032,4,1
20132,009,009_0032,5,1
20133,009,009_0032,6,1
20134,009,009_0032,7,1
20135,009,009_0032,8,1
20136,009,009_0033,1,5
20137,009,009_0033,2,5
20138,009,009_0033,3,5
20139,009,009_0033,4,5
20140,009,009_0033,5,5
20141,009,009_0033,6,5
20142,009,009_0033,7,5
20143,009,009_0033,8,5
20144,009,009_0034,1,4
20145,009,009_0034,2,4
20146,009,009_0034,3,4
20147,009,009_0034,4,4
20148,009,009_0034,5,4
20149,009,009_0034,6,4
20150,009,009_0034,7,4
20151,009,009_0034,8,4
20152,009,009_0035,1,3
20153,009,009_0035,2,3
20154,009,009_0035,3,3
20155,009,009_0035,4,3
20156,009,009_0035,5,3
20157,009,009_0035,6,3
20158,009,009_0035,7,3
20159,009,009_0035,8,3
20160,009,009_0036,1,2
20161,009,009_0036,2,2
20162,009,009_0036,3,2
20163,009,009_0036,4,2
20164,009,009_0036,5,2
20165,009,009_0036,6,2
20166,009,009_0036,7,2
20167,009,009_0036,8,2
20168,009,009_0037,1,1
20169,009,009_0037,2,1
20170,009,009_0037,3,1
20171,009,009_0037,4,1
20172,009,009_0037,5,1
20173,009,009_0037,6,1
20174,009,009_0037,7,1
20175,009,009_0037,8,1
20176,009,009_0038,1,5
20177,009,009_0038,2,5
20178,009,009_0038,3,5
20179,009,009_0038,4,5
20180,009,009_0038,5,5
20181,009,009_0038,6,5
20182,009,009_0038,7,5
20183,009,009_0038,8,5
20184,009,009_0039,1,4
20185,009,009_0039,2,4
20186,009,009_0039,3,4
20187,009,009_0039,4,4
20188,009,009_0039,5,4
20189,009,009_0039,6,4
20190,009,009_0039,7,4
20191,009,009_0039,8,4
20192,009,009_0040,1,3
20193,009,009_0040,2,3
20194,009,009_0040,3,3
20195,009,009_0040,4,3
20196,009,009_0040,5,3
20197,009,009_0040,6,3
20198,009,009_0040,7,3
20199,009,009_0040,8,3
20200,009,009_0041,1,2
20201,009,009_0041,2,2
20202,009,009_0041,3,2
20203,009,009_0041,4,2
20204,009,009_0041,5,2
20205,009,009_0041,6,2
20206,009,009_0041,7,2
20207,009,009_0041,8,2
20208,009,009_0042,1,1
20209,009,009_0042,2,1
20210,009,009_0042,3,1
20211,009,009_0042,4,1
20212,009,009_0042,5,1
20213,009,009_0042,6,1
20214,009,009_0042,7,1
20215,009,009_0042,8,1
20216,009,009_0043,1,5
20217,009,009_0043,2,5
20218,009,009_0043,3,5
20219,009,009_0043,4,5
20220,009,009_0043,5,5
20221,009,009_0043,6,5
20222,009,009_0043,7,5
20223,009,009_0043,8,5
20224,009,009_0044,1,4
20225,009,009_0044,2,4
20226,009,009_0044,3,4
20227,009,009_0044,4,4
20228,009,009_0044,5,4
20229,009,009_0044,6,4
20230,009,009_0044,7,4
20231,009,009_0044,8,4
20232,009,009_0045,1,3
20233,009,009_0045,2,3
20234,009,009_0045,3,3
20235,009,009_0045,4,3
20236,009,009_0045,5,3
20237,009,009_0045,6,3
20238,009,009_0045,7,3
20239,009,009_0045,8,3
20240,009,009_0046,1,2
20241,009,009_0046,2,2
20242,009,009_0046,3,2
20243,009,009_0046,4,2
20244,009,009_0046,5,2
20245,009,009_0046,6,2
20246,009,009_0046,7,2
20247,009,009_0046,8,2
20248,009,009_0047,1,1
20249,009,009_0047,2,1
20250,009,009_0047,3,1
20251,009,009_0047,4,1
20252,009,009_0047,5,1
20253,009,009_0047,6,1
20254,009,009_0047,7,1
20255,009,009_0047,8,1
20256,009,009_0048,1,5
20257,009,009_0048,2,5
20258,009,009_0048,3,5
20259,009,009_0048,4,5
20260,009,009_0048,5,5
20261,009,009_0048,6,5
20262,009,009_0048,7,5
20263,009,009_0048,8,5
20264,009,009_0049,1,4
20265,009,009_0049,2,4
20266,009,009_0049,3,4
20267,009,009_0049,4,4
20268,009,009_0049,5,4
20269,009,009_0049,6,4
20270,009,009_0049,7,4
20271,009,009_0049,8,4
20272,009,009_0050,1,3
20273,009,009_0050,2,3
20274,009,009_0050,3,3
20275,009,009_0050,4,3
20276,009,009_0050,5,3
20277,009,009_0050,6,3
20278,009,009_0050,7,3
20279,009,009_0050,8,3
20280,009,009_0051,1,2
20281,009,009_0051,2,2
20282,009,009_0051,3,2
20283,009,009_0051,4,2
20284,009,009_0051,5,2
20285,009,009_0051,6,2
20286,009,009_0051,7,2
20287,009,009_0051,8,2
20288,009,009_0052,1,1
20289,009,009_0052,2,1
20290,009,009_0052,3,1
20291,009,009_0052,4,1
20292,009,009_0052,5,1
20293,009,009_0052,6,1
20294,009,009_0052,7,1
20295,009,009_0052,8,1
20296,009,009_0053,1,5
20297,009,009_0053,2,5
20298,009,009_0053,3,5
20299,009,009_0053,4,5
20300,009,009_0053,5,5
20301,009,009_0053,6,5
20302,009,009_0053,7,5
20303,009,009_0053,8,5
20304,009,009_0054,1,4
20305,009,009_0054,2,4
20306,009,009_0054,3,4
20307,009,009_0054,4,4
20308,009,009_0054,5,4
20309,009,009_0054,6,4
20310,009,009_0054,7,4
20311,009,009_0054,8,4
20312,009,009_0055,1,3
20313,009,009_0055,2,3
20314,009,009_0055,3,3
20315,009,009_0055,4,3
20316,009,009_0055,5,3
20317,009,009_0055,6,3
20318,009,009_0055,7,3
20319,009,009_0055,8,3
20320,009,009_0056,1,2
20321,009,009_0056,2,2
20322,009,009_0056,3,2
20323,009,009_0056,4,2
20324,009,009_0056,5,2
20325,009,009_0056,6,2
20326,009,009_0056,7,2
20327,009,009_0056,8,2
20328,009,009_0057,1,1
20329,009,009_0057,2,1
20330,009,009_0057,3,1
20331,009,009_0057,4,1
20332,009,009_0057,5,1
20333,009,009_0057,6,1
20334,009,009_0057,7,1
20335,009,009_0057,8,1
20336,009,009_0058,1,5
20337,009,009_0058,2,5
20338,009,009_0058,3,5
20339,009,009_0058,4,5
20340,009,009_0058,5,5
20341,009,009_0058,6,5
20342,009,009_0058,7,5
20343,009,009_0058,8,5
20344,009,009_0059,1,4
20345,009,009_0059,2,4
20346,009,009_0059,3,4
20347,009,009_0059,4,4
20348,009,009_0059,5,4
20349,009,009_0059,6,4
20350,009,009_0059,7,4
20351,009,009_0059,8,4
20352,009,009_0060,1,3
20353,009,009_0060,2,3
20354,009,009_0060,3,3
20355,009,009_0060,4,3
20356,009,009_0060,5,3
20357,009,009_0060,6,3
20358,009,009_0060,7,3
20359,009,009_0060,8,3
20360,009,009_0061,1,2
20361,009,009_0061,2,2
20362,009,009_0061,3,2
20363,009,009_0061,4,2
20364,009,009_0061,5,2
20365,009,009_0061,6,2
20366,009,009_0061,7,2
20367,009,009_0061,8,2
20368,009,009_0062,1,1
20369,009,009_0062,2,1
20370,009,009_0062,3,1
20371,009,009_0062,4,1
20372,009,009_0062,5,1
20373,009,009_0062,6,1
20374,009,009_0062,7,1
20375,009,009_0062,8,1
20376,009,009_0063,1,5
20377,009,009_0063,2,5
20378,009,009_0063,3,5
20379,009,009_0063,4,5
20380,009,009_0063,5,5
20381,009,009_0063,6,5
20382,009,009_0063,7,5
20383,009,009_0063,8,5
20384,009,009_0064,1,4
20385,009,009_0064,2,4
20386,009,009_0064,3,4
20387,009,009_0064,4,4
20388,009,009_0064,5,4
20389,009,009_0064,6,4
20390,009,009_0064,7,4
20391,009,009_0064,8,4
20392,009,009_0065,1,3
20393,009,009_0065,2,3
20394,009,009_0065,3,3
20395,009,009_0065,4,3
20396,009,009_0065,5,3
20397,009,009_0065,6,3
20398,009,009_0065,7,3
20399,009,009_0065,8,3
20400,009,009_0066,1,2
20401,009,009_0066,2,2
20402,009,009_0066,3,2
20403,009,009_0066,4,2
20404,009,009_0066,5,2
20405,009,009_0066,6,2
20406,009,009_0066,7,2
20407,009,009_0066,8,2
20408,009,009_0067,1,1
20409,009,009_0067,2,1
20410,009,009_0067,3,1
20411,009,009_0067,4,1
20412,009,009_0067,5,1
20413,009,009_0067,6,1
20414,009,009_0067,7,1
20415,009,009_0067,8,1
20416,009,009_0068,1,5
20417,009,009_0068,2,5
20418,009,009_0068,3,5
20419,009,009_0068,4,5
20420,009,009_0068,5,5
20421,009,009_0068,6,5
20422,009,009_0068,7,5
20423,009,009_0068,8,5
20424,009,009_0069,1,4
20425,009,009_0069,2,4
20426,009,009_0069,3,4
20427,009,009_0069,4,4
20428,009,009_0069,5,4
20429,009,009_0069,6,4
20430,009,009_0069,7,4
20431,009,009_0069,8,4
20432,009,009_0070,1,3
20433,009,009_0070,2,3
20434,009,009_0070,3,3
20435,009,009_0070,4,3
20436,009,009_0070,5,3
20437,009,009_0070,6,3
20438,009,009_0070,7,3
20439,009,009_0070,8,3
20440,009,009_0071,1,2
20441,009,009_0071,2,2
20442,009,009_0071,3,2
20443,009,009_0071,4,2
20444,009,009_0071,5,2
20445,009,009_0071,6,2
20446,009,009_0071,7,2
20447,009,009_0071,8,2
20448,009,009_0072,1,1
20449,009,009_0072,2,1
20450,009,009_0072,3,1
20451,009,009_0072,4,1
20452,009,009_0072,5,1
20453,009,009_0072,6,1
20454,009,009_0072,7,1
20455,009,009_0072,8,1
20456,009,009_0073,1,5
20457,009,009_0073,2,5
20458,009,009_0073,3,5
20459,009,009_0073,4,5
20460,009,009_0073,5,5
20461,009,009_0073,6,5
20462,009,009_0073,7,5
20463,009,009_0073,8,5
20464,009,009_0074,1,4
20465,009,009_0074,2,4
20466,009,009_0074,3,4
20467,009,009_0074,4,4
20468,009,009_0074,5,4
20469,009,009_0074,6,4
20470,009,009_0074,7,4
20471,009,009_0074,8,4
20472,009,009_0075,1,3
20473,009,009_0075,2,3
20474,009,009_0075,3,3
20475,009,009_0075,4,3
20476,009,009_0075,5,3
20477,009,009_0075,6,3
20478,009,009_0075,7,3
20479,009,009_0075,8,3
20480,009,009_0076,1,2
20481,009,009_0076,2,2
20482,009,009_0076,3,2
20483,009,009_0076,4,2
20484,009,009_0076,5,2
20485,009,009_0076,6,2
20486,009,009_0076,7,2
20487,009,009_0076,8,2
20488,009,009_0077,1,1
20489,009,009_0077,2,1
20490,009,009_0077,3,1
20491,009,009_0077,4,1
20492,009,009_0077,5,1
20493,009,009_0077,6,1
20494,009,009_0077,7,1
20495,009,009_0077,8,1
20496,009,009_0078,1,5
20497,009,009_0078,2,5
20498,009,009_0078,3,5
20499,009,009_0078,4,5
20500,009,009_0078,5,5
20501,009,009_0078,6,5
20502,009,009_0078,7,5
20503,009,009_0078,8,5
20504,009,009_0079,1,4
20505,009,009_0079,2,4
20506,009,009_0079,3,4
20507,009,009_0079,4,4
20508,009,009_0079,5,4
20509,009,009_0079,6,4
20510,009,009_0079,7,4
20511,009,009_0079,8,4
20512,009,009_0080,1,3
20513,009,009_0080,2,3
20514,009,009_0080,3,3
20515,009,009_0080,4,3
20516,009,009_0080,5,3
20517,009,009_0080,6,3
20518,009,009_0080,7,3
20519,009,009_0080,8,3
20520,009,009_0081,1,2
20521,009,009_0081,2,2
20522,009,009_0081,3,2
20523,009,009_0081,4,2
20524,009,009_0081,5,2
20525,009,009_0081,6,2
20526,009,009_0081,7,2
20527,009,009_0081,8,2
20528,009,009_0082,1,1
20529,009,009_0082,2,1
20530,009,009_0082,3,1
20531,009,009_0082,4,1
20532,009,009_0082,5,1
20533,009,009_0082,6,1
20534,009,009_0082,7,1
20535,009,009_0082,8,1
20536,009,009_0083,1,5
20537,009,009_0083,2,5
20538,009,009_0083,3,5
20539,009,009_0083,4,5
20540,009,009_0083,5,5
20541,009,009_0083,6,5
20542,009,009_0083,7,5
20543,009,009_0083,8,5
20544,009,009_0084,1,4
20545,009,009_0084,2,4
20546,009,009_0084,3,4
20547,009,009_0084,4,4
20548,009,009_0084,5,4
20549,009,009_0084,6,4
20550,009,009_0084,7,4
20551,009,009_0084,8,4
20552,009,009_0085,1,3
20553,009,009_0085,2,3
20554,009,009_0085,3,3
20555,009,009_0085,4,3
20556,009,009_0085,5,3
20557,009,009_0085,6,3
20558,009,009_0085,7,3
20559,009,009_0085,8,3
20560,009,009_0086,1,2
20561,009,009_0086,2,2
20562,009,009_0086,3,2
20563,009,009_0086,4,2
20564,009,009_0086,5,2
20565,009,009_0086,6,2
20566,009,009_0086,7,2
20567,009,009_0086,8,2
20568,009,009_0087,1,1
20569,009,009_0087,2,1
20570,009,009_0087,3,1
20571,009,009_0087,4,1
20572,009,009_0087,5,1
20573,009,009_0087,6,1
20574,009,009_0087,7,1
20575,009,009_0087,8,1
20576,009,009_0088,1,5
20577,009,009_0088,2,5
20578,009,009_0088,3,5
20579,009,009_0088,4,5
20580,009,009_0088,5,5
20581,009,009_0088,6,5
20582,009,009_0088,7,5
20583,009,009_0088,8,5
20584,009,009_0089,1,4
20585,009,009_0089,2,4
20586,009,009_0089,3,4
20587,009,009_0089,4,4
20588,009,009_0089,5,4
20589,009,009_0089,6,4
20590,009,009_0089,7,4
20591,009,009_0089,8,4
20592,009,009_0090,1,3
20593,009,009_0090,2,3
20594,009,009_0090,3,3
20595,009,009_0090,4,3
20596,009,009_0090,5,3
20597,009,009_0090,6,3
20598,009,009_0090,7,3
20599,009,009_0090,8,3
20600,009,009_0091,1,2
20601,009,009_0091,2,2
20602,009,009_0091,3,2
20603,009,009_0091,4,2
20604,009,009_0091,5,2
20605,009,009_0091,6,2
20606,009,009_0091,7,2
20607,009,009_0091,8,2
20608,009,009_0092,1,1
20609,009,009_0092,2,1
20610,009,009_0092,3,1
20611,009,009_0092,4,1
20612,009,009_0092,5,1
20613,009,009_0092,6,1
20614,009,009_0092,7,1
20615,009,009_0092,8,1
20616,009,009_0093,1,5
20617,009,009_0093,2,5
20618,009,009_0093,3,5
20619,009,009_0093,4,5
20620,009,009_0093,5,5
20621,009,009_0093,6,5
20622,009,009_0093,7,5
20623,009,009_0093,8,5
20624,009,009_0094,1,4
20625,009,009_0094,2,4
20626,009,009_0094,3,4
20627,009,009_0094,4,4
20628,009,009_0094,5,4
20629,009,009_0094,6,4
20630,009,009_0094,7,4
20631,009,009_0094,8,4
20632,009,009_0095,1,3
20633,009,009_0095,2,3
20634,009,009_0095,3,3
20635,009,009_0095,4,3
20636,009,009_0095,5,3
20637,009,009_0095,6,3
20638,009,009_0095,7,3
20639,009,009_0095,8,3
20640,009,009_0096,1,2
20641,009,009_0096,2,2
20642,009,009_0096,3,2
20643,009,009_0096,4,2
20644,009,009_0096,5,2
20645,009,009_0096,6,2
20646,009,009_0096,7,2
20647,009,009_0096,8,2
20648,009,009_0097,1,1
20649,009,009_0097,2,1
20650,009,009_0097,3,1
20651,009,009_0097,4,1
20652,009,009_0097,5,1
20653,009,009_0097,6,1
20654,009,009_0097,7,1
20655,009,009_0097,8,1
20656,009,009_0098,1,5
20657,009,009_0098,2,5
20658,009,009_0098,3,5
20659,009,009_0098,4,5
20660,009,009_0098,5,5
20661,009,009_0098,6,5
20662,009,009_0098,7,5
20663,009,009_0098,8,5
20664,009,009_0099,1,4
20665,009,009_0099,2,4
20666,009,009_0099,3,4
20667,009,009_0099,4,4
20668,009,009_0099,5,4
20669,009,009_0099,6,4
20670,009,009_0099,7,4
20671,009,009_0099,8,4
20672,009,009_0100,1,3
20673,009,009_0100,2,3
20674,009,009_0100,3,3
20675,009,009_0100,4,3
20676,009,009_0100,5,3
20677,009,009_0100,6,3
20678,009,009_0100,7,3
20679,009,009_0100,8,3
20680,009,009_0101,1,2
20681,009,009_0101,2,2
20682,009,009_0101,3,2
20683,009,009_0101,4,2
20684,009,009_0101,5,2
20685,009,009_0101,6,2
20686,009,009_0101,7,2
20687,009,009_0101,8,2
20688,009,009_0102,1,1
20689,009,009_0102,2,1
20690,009,009_0102,3,1
20691,009,009_0102,4,1
20692,009,009_0102,5,1
20693,009,009_0102,6,1
20694,009,009_0102,7,1
20695,009,009_0102,8,1
20696,009,009_0103,1,5
20697,009,009_0103,2,5
20698,009,009_0103,3,5
20699,009,009_0103,4,5
20700,009,009_0103,5,5
20701,009,009_0103,6,5
20702,009,009_0103,7,5
20703,009,009_0103,8,5
20704,009,009_0104,1,4
20705,009,009_0104,2,4
20706,009,009_0104,3,4
20707,009,009_0104,4,4
20708,009,009_0104,5,4
20709,009,009_0104,6,4
20710,009,009_0104,7,4
20711,009,009_0104,8,4
20712,009,009_0105,1,3
20713,009,009_0105,2,3
20714,009,009_0105,3,3
20715,009,009_0105,4,3
20716,009,009_0105,5,3
20717,009,009_0105,6,3
20718,009,009_0105,7,3
20719,009,009_0105,8,3
20720,009,009_0106,1,2
20721,009,009_0106,2,2
20722,009,009_0106,3,2
20723,009,009_0106,4,2
20724,009,009_0106,5,2
20725,009,009_0106,6,2
20726,009,009_0106,7,2
20727,009,009_0106,8,2
20728,009,009_0107,1,1
20729,009,009_0107,2,1
20730,009,009_0107,3,1
20731,009,009_0107,4,1
20732,009,009_0107,5,1
20733,009,009_0107,6,1
20734,009,009_0107,7,1
20735,009,009_0107,8,1
20736,009,009_0108,1,5
20737,009,009_0108,2,5
20738,009,009_0108,3,5
20739,009,009_0108,4,5
20740,009,009_0108,5,5
20741,009,009_0108,6,5
20742,009,009_0108,7,5
20743,009,009_0108,8,5
20744,009,009_0109,1,4
20745,009,009_0109,2,4
20746,009,009_0109,3,4
20747,009,009_0109,4,4
20748,009,009_0109,5,4
20749,009,009_0109,6,4
20750,009,009_0109,7,4
20751,009,009_0109,8,4
20752,009,009_0110,1,3
20753,009,009_0110,2,3
20754,009,009_0110,3,3
20755,009,009_0110,4,3
20756,009,009_0110,5,3
20757,009,009_0110,6,3
20758,009,009_0110,7,3
20759,009,009_0110,8,3
20760,009,009_0111,1,2
20761,009,009_0111,2,2
20762,009,009_0111,3,2
20763,009,009_0111,4,2
20764,009,009_0111,5,2
20765,009,009_0111,6,2
20766,009,009_0111,7,2
20767,009,009_0111,8,2
20768,009,009_0112,1,1
20769,009,009_0112,2,1
20770,009,009_0112,3,1
20771,009,009_0112,4,1
20772,009,009_0112,5,1
20773,009,009_0112,6,1
20774,009,009_0112,7,1
20775,009,009_0112,8,1
20776,009,009_0113,1,5
20777,009,009_0113,2,5
20778,009,009_0113,3,5
20779,009,009_0113,4,5
20780,009,009_0113,5,5
20781,009,009_0113,6,5
20782,009,009_0113,7,5
20783,009,009_0113,8,5
20784,009,009_0114,1,4
20785,009,009_0114,2,4
20786,009,009_0114,3,4
20787,009,009_0114,4,4
20788,009,009_0114,5,4
20789,009,009_0114,6,4
20790,009,009_0114,7,4
20791,009,009_0114,8,4
20792,009,009_0115,1,3
20793,009,009_0115,2,3
20794,009,009_0115,3,3
20795,009,009_0115,4,3
20796,009,009_0115,5,3
20797,009,009_0115,6,3
20798,009,009_0115,7,3
20799,009,009_0115,8,3
20800,009,009_0116,1,2
20801,009,009_0116,2,2
20802,009,009_0116,3,2
20803,009,009_0116,4,2
20804,009,009_0116,5,2
20805,009,009_0116,6,2
20806,009,009_0116,7,2
20807,009,009_0116,8,2
20808,009,009_0117,1,1
20809,009,009_0117,2,1
20810,009,009_0117,3,1
20811,009,009_0117,4,1
20812,009,009_0117,5,1
20813,009,009_0117,6,1
20814,009,009_0117,7,1
20815,009,009_0117,8,1
20816,009,009_0118,1,5
20817,009,009_0118,2,5
20818,009,009_0118,3,5
20819,009,009_0118,4,5
20820,009,009_0118,5,5
20821,009,009_0118,6,5
20822,009,009_0118,7,5
20823,009,009_0118,8,5
20824,009,009_0119,1,4
20825,009,009_0119,2,4
20826,009,009_0119,3,4
20827,009,009_0119,4,4
20828,009,009_0119,5,4
20829,009,009_0119,6,4
20830,009,009_0119,7,4
20831,009,009_0119,8,4
20832,009,009_0120,1,3
20833,009,009_0120,2,3
20834,009,009_0120,3,3
20835,009,009_0120,4,3
20836,009,009_0120,5,3
20837,009,009_0120,6,3
20838,009,009_0120,7,3
20839,009,009_0120,8,3
20840,009,009_0121,1,2
20841,009,009_0121,2,2
20842,009,009_0121,3,2
20843,009,009_0121,4,2
20844,009,009_0121,5,2
20845,009,009_0121,6,2
20846,009,009_0121,7,2
20847,009,009_0121,8,2
20848,009,009_0122,1,1
20849,009,009_0122,2,1
20850,009,009_0122,3,1
20851,009,009_0122,4,1
20852,009,009_0122,5,1
20853,009,009_0122,6,1
20854,009,009_0122,7,1
20855,009,009_0122,8,1
20856,009,009_0123,1,5
20857,009,009_0123,2,5
20858,009,009_0123,3,5
20859,009,009_0123,4,5
20860,009,009_0123,5,5
20861,009,009_0123,6,5
20862,009,009_0123,7,5
20863,009,009_0123,8,5
20864,009,009_0124,1,4
20865,009,009_0124,2,4
20866,009,009_0124,3,4
20867,009,009_0124,4,4
20868,009,009_0124,5,4
20869,009,009_0124,6,4
20870,009,009_0124,7,4
20871,009,009_0124,8,4
20872,009,009_0125,1,3
20873,009,009_0125,2,3
20874,009,009_0125,3,3
20875,009,009_0125,4,3
20876,009,009_0125,5,3
20877,009,009_0125,6,3
20878,009,009_0125,7,3
20879,009,009_0125,8,3
20880,009,009_0126,1,2
20881,009,009_0126,2,2
20882,009,009_0126,3,2
20883,009,009_0126,4,2
20884,009,009_0126,5,2
20885,009,009_0126,6,2
20886,009,009_0126,7,2
20887,009,009_0126,8,2
20888,009,009_0127,1,1
20889,009,009_0127,2,1
20890,009,009_0127,3,1
20891,009,009_0127,4,1
20892,009,009_0127,5,1
20893,009,009_0127,6,1
20894,009,009_0127,7,1
20895,009,009_0127,8,1
20896,009,009_0128,1,5
20897,009,009_0128,2,5
20898,009,009_0128,3,5
20899,009,009_0128,4,5
20900,009,009_0128,5,5
20901,009,009_0128,6,5
20902,009,009_0128,7,5
20903,009,009_0128,8,5
20904,009,009_0129,1,4
20905,009,009_0129,2,4
20906,009,009_0129,3,4
20907,009,009_0129,4,4
20908,009,009_0129,5,4
20909,009,009_0129,6,4
20910,009,009_0129,7,4
20911,009,009_0129,8,4
20912,009,009_0130,1,3
20913,009,009_0130,2,3
20914,009,009_0130,3,3
20915,009,009_0130,4,3
20916,009,009_0130,5,3
20917,009,009_0130,6,3
20918,009,009_0130,7,3
20919,009,009_0130,8,3
20920,009,009_0131,1,2
20921,009,009_0131,2,2
20922,009,009_0131,3,2
20923,009,009_0131,4,2
20924,009,009_0131,5,2
20925,009,009_0131,6,2
20926,009,009_0131,7,2
20927,009,009_0131,8,2
20928,009,009_0132,1,1
20929,009,009_0132,2,1
20930,009,009_0132,3,1
20931,009,009_0132,4,1
20932,009,009_0132,5,1
20933,009,009_0132,6,1
20934,009,009_0132,7,1
20935,009,009_0132,8,1
20936,009,009_0133,1,5
20937,009,009_0133,2,5
20938,009,009_0133,3,5
20939,009,009_0133,4,5
20940,009,009_0133,5,5
20941,009,009_0133,6,5
20942,009,009_0133,7,5
20943,009,009_0133,8,5
20944,009,009_0134,1,4
20945,009,009_0134,2,4
20946,009,009_0134,3,4
20947,009,009_0134,4,4
20948,009,009_0134,5,4
20949,009,009_0134,6,4
20950,009,009_0134,7,4
20951,009,009_0134,8,4
20952,009,009_0135,1,3
20953,009,009_0135,2,3
20954,009,009_0135,3,3
20955,009,009_0135,4,3
20956,009,009_0135,5,3
20957,009,009_0135,6,3
20958,009,009_0135,7,3
20959,009,009_0135,8,3
20960,009,009_0136,1,2
20961,009,009_0136,2,2
20962,009,009_0136,3,2
20963,009,009_0136,4,2
20964,009,009_0136,5,2
20965,009,009_0136,6,2
20966,009,009_0136,7,2
20967,009,009_0136,8,2
20968,009,009_0137,1,1
20969,009,009_0137,2,1
20970,009,009_0137,3,1
20971,009,009_0137,4,1
20972,009,009_0137,5,1
20973,009,009_0137,6,1
20974,009,009_0137,7,1
20975,009,009_0137,8,1
20976,009,009_0138,1,5
20977,009,009_0138,2,5
20978,009,009_0138,3,5
20979,009,009_0138,4,5
20980,009,009_0138,5,5
20981,009,009_0138,6,5
20982,009,009_0138,7,5
20983,009,009_0138,8,5
20984,009,009_0139,1,4
20985,009,009_0139,2,4
20986,009,009_0139,3,4
20987,009,009_0139,4,4
20988,009,009_0139,5,4
20989,009,009_0139,6,4
20990,009,009_0139,7,4
20991,009,009_0139,8,4
20992,009,009_0140,1,3
20993,009,009_0140,2,3
20994,009,009_0140,3,3
20995,009,009_0140,4,3
20996,009,009_0140,5,3
20997,009,009_0140,6,3
20998,009,009_0140,7,3
20999,009,009_0140,8,3
21000,009,009_0141,1,2
21001,009,009_0141,2,2
21002,009,009_0141,3,2
21003,009,009_0141,4,2
21004,009,009_0141,5,2
21005,009,009_0141,6,2
21006,009,009_0141,7,2
21007,009,009_0141,8,2
21008,009,009_0142,1,1
21009,009,009_0142,2,1
21010,009,009_0142,3,1
21011,009,009_0142,4,1
21012,009,009_0142,5,1
21013,009,009_0142,6,1
21014,009,009_0142,7,1
21015,009,009_0142,8,1
21016,009,009_0143,1,5
21017,009,009_0143,2,5
21018,009,009_0143,3,5
21019,009,009_0143,4,5
21020,009,009_0143,5,5
21021,009,009_0143,6,5
21022,009,009_0143,7,5
21023,009,009_0143,8,5
21024,009,009_0144,1,4
21025,009,009_0144,2,4
21026,009,009_0144,3,4
21027,009,009_0144,4,4
21028,009,009_0144,5,4
21029,009,009_0144,6,4
21030,009,009_0144,7,4
21031,009,009_0144,8,4
21032,009,009_0145,1,3
21033,009,009_0145,2,3
21034,009,009_0145,3,3
21035,009,009_0145,4,3
21036,009,009_0145,5,3
21037,009,009_0145,6,3
21038,009,009_0145,7,3
21039,009,009_0145,8,3
21040,009,009_0146,1,2
21041,009,009_0146,2,2
21042,009,009_0146,3,2
21043,009,009_0146,4,2
21044,009,009_0146,5,2
21045,009,009_0146,6,2
21046,009,009_0146,7,2
21047,009,009_0146,8,2
21048,009,009_0147,1,1
21049,009,009_0147,2,1
21050,009,009_0147,3,1
21051,009,009_0147,4,1
21052,009,009_0147,5,1
21053,009,009_0147,6,1
21054,009,009_0147,7,1
21055,009,009_0147,8,1
21056,009,009_0148,1,5
21057,009,009_0148,2,5
21058,009,009_0148,3,5
21059,009,009_0148,4,5
21060,009,009_0148,5,5
21061,009,009_0148,6,5
21062,009,009_0148,7,5
21063,009,009_0148,8,5
21064,009,009_0149,1,4
21065,009,009_0149,2,4
21066,009,009_0149,3,4
21067,009,009_0149,4,4
21068,009,009_0149,5,4
21069,009,009_0149,6,4
21070,009,009_0149,7,4
21071,009,009_0149,8,4
21072,009,009_0150,1,3
21073,009,009_0150,2,3
21074,009,009_0150,3,3
21075,009,009_0150,4,3
21076,009,009_0150,5,3
21077,009,009_0150,6,3
21078,009,009_0150,7,3
21079,009,009_0150,8,3
21080,009,009_0151,1,2
21081,009,009_0151,2,2
21082,009,009_0151,3,2
21083,009,009_0151,4,2
21084,009,009_0151,5,2
21085,009,009_0151,6,2
21086,009,009_0151,7,2
21087,009,009_0151,8,2
21088,009,009_0152,1,1
21089,009,009_0152,2,1
21090,009,009_0152,3,1
21091,009,009_0152,4,1
21092,009,009_0152,5,1
21093,009,009_0152,6,1
21094,009,009_0152,7,1
21095,009,009_0152,8,1
21096,009,009_0153,1,5
21097,009,009_0153,2,5
21098,009,009_0153,3,5
21099,009,009_0153,4,5
21100,009,009_0153,5,5
21101,009,009_0153,6,5
21102,009,009_0153,7,5
21103,009,009_0153,8,5
21104,009,009_0154,1,4
21105,009,009_0154,2,4
21106,009,009_0154,3,4
21107,009,009_0154,4,4
21108,009,009_0154,5,4
21109,009,009_0154,6,4
21110,009,009_0154,7,4
21111,009,009_0154,8,4
21112,009,009_0155,1,3
21113,009,009_0155,2,3
21114,009,009_0155,3,3
21115,009,009_0155,4,3
21116,009,009_0155,5,3
21117,009,009_0155,6,3
21118,009,009_0155,7,3
21119,009,009_0155,8,3
21120,009,009_0156,1,2
21121,009,009_0156,2,2
21122,009,009_0156,3,2
21123,009,009_0156,4,2
21124,009,009_0156,5,2
21125,009,009_0156,6,2
21126,009,009_0156,7,2
21127,009,009_0156,8,2
21128,009,009_0157,1,1
21129,009,009_0157,2,1
21130,009,009_0157,3,1
21131,009,009_0157,4,1
21132,009,009_0157,5,1
21133,009,009_0157,6,1
21134,009,009_0157,7,1
21135,009,009_0157,8,1
21136,009,009_0158,1,5
21137,009,009_0158,2,5
21138,009,009_0158,3,5
21139,009,009_0158,4,5
21140,009,009_0158,5,5
21141,009,009_0158,6,5
21142,009,009_0158,7,5
21143,009,009_0158,8,5
21144,009,009_0159,1,4
21145,009,009_0159,2,4
21146,009,009_0159,3,4
21147,009,009_0159,4,4
21148,009,009_0159,5,4
21149,009,009_0159,6,4
21150,009,009_0159,7,4
21151,009,009_0159,8,4
21152,009,009_0160,1,3
21153,009,009_0160,2,3
21154,009,009_0160,3,3
21155,009,009_0160,4,3
21156,009,009_0160,5,3
21157,009,009_0160,6,3
21158,009,009_0160,7,3
21159,009,009_0160,8,3
21160,009,009_0161,1,2
21161,009,009_0161,2,2
21162,009,009_0161,3,2
21163,009,009_0161,4,2
21164,009,009_0161,5,2
21165,009,009_0161,6,2
21166,009,009_0161,7,2
21167,009,009_0161,8,2
21168,009,009_0162,1,1
21169,009,009_0162,2,1
21170,009,009_0162,3,1
21171,009,009_0162,4,1
21172,009,009_0162,5,1
21173,009,009_0162,6,1
21174,009,009_0162,7,1
21175,009,009_0162,8,1
21176,009,009_0163,1,5
21177,009,009_0163,2,5
21178,009,009_0163,3,5
21179,009,009_0163,4,5
21180,009,009_0163,5,5
21181,009,009_0163,6,5
21182,009,009_0163,7,5
21183,009,009_0163,8,5
21184,009,009_0164,1,4
21185,009,009_0164,2,4
21186,009,009_0164,3,4
21187,009,009_0164,4,4
21188,009,009_0164,5,4
21189,009,009_0164,6,4
21190,009,009_0164,7,4
21191,009,009_0164,8,4
21192,009,009_0165,1,3
21193,009,009_0165,2,3
21194,009,009_0165,3,3
21195,009,009_0165,4,3
21196,009,009_0165,5,3
21197,009,009_0165,6,3
21198,009,009_0165,7,3
21199,009,009_0165,8,3
21200,009,009_0166,1,2
21201,009,009_0166,2,2
21202,009,009_0166,3,2
21203,009,009_0166,4,2
21204,009,009_0166,5,2
21205,009,009_0166,6,2
21206,009,009_0166,7,2
21207,009,009_0166,8,2
21208,009,009_0167,1,1
21209,009,009_0167,2,1
21210,009,009_0167,3,1
21211,009,009_0167,4,1
21212,009,009_0167,5,1
21213,009,009_0167,6,1
21214,009,009_0167,7,1
21215,009,009_0167,8,1
21216,009,009_0168,1,5
21217,009,009_0168,2,5
21218,009,009_0168,3,5
21219,009,009_0168,4,5
21220,009,009_0168,5,5
21221,009,009_0168,6,5
21222,009,009_0168,7,5
21223,009,009_0168,8,5
21224,009,009_0169,1,4
21225,009,009_0169,2,4
21226,009,009_0169,3,4
21227,009,009_0169,4,4
21228,009,009_0169,5,4
21229,009,009_0169,6,4
21230,009,009_0169,7,4
21231,009,009_0169,8,4
21232,009,009_0170,1,3
21233,009,009_0170,2,3
21234,009,009_0170,3,3
21235,009,009_0170,4,3
21236,009,009_0170,5,3
21237,009,009_0170,6,3
21238,009,009_0170,7,3
21239,009,009_0170,8,3
21240,009,009_0171,1,2
21241,009,009_0171,2,2
21242,009,009_0171,3,2
21243,009,009_0171,4,2
21244,009,009_0171,5,2
21245,009,009_0171,6,2
21246,009,009_0171,7,2
21247,009,009_0171,8,2
21248,009,009_0172,1,1
21249,009,009_0172,2,1
21250,009,009_0172,3,1
21251,009,009_0172,4,1
21252,009,009_0172,5,1
21253,009,009_0172,6,1
21254,009,009_0172,7,1
21255,009,009_0172,8,1
21256,009,009_0173,1,5
21257,009,009_0173,2,5
21258,009,009_0173,3,5
21259,009,009_0173,4,5
21260,009,009_0173,5,5
21261,009,009_0173,6,5
21262,009,009_0173,7,5
21263,009,009_0173,8,5
21264,009,009_0174,1,4
21265,009,009_0174,2,4
21266,009,009_0174,3,4
21267,009,009_0174,4,4
21268,009,009_0174,5,4
21269,009,009_0174,6,4
21270,009,009_0174,7,4
21271,009,009_0174,8,4
21272,009,009_0175,1,3
21273,009,009_0175,2,3
21274,009,009_0175,3,3
21275,009,009_0175,4,3
21276,009,009_0175,5,3
21277,009,009_0175,6,3
21278,009,009_0175,7,3
21279,009,009_0175,8,3
21280,009,009_0176,1,2
21281,009,009_0176,2,2
21282,009,009_0176,3,2
21283,009,009_0176,4,2
21284,009,009_0176,5,2
21285,009,009_0176,6,2
21286,009,009_0176,7,2
21287,009,009_0176,8,2
21288,009,009_0177,1,1
21289,009,009_0177,2,1
21290,009,009_0177,3,1
21291,009,009_0177,4,1
21292,009,009_0177,5,1
21293,009,009_0177,6,1
21294,009,009_0177,7,1
21295,009,009_0177,8,1
21296,009,009_0178,1,5
21297,009,009_0178,2,5
21298,009,009_0178,3,5
21299,009,009_0178,4,5
21300,009,009_0178,5,5
21301,009,009_0178,6,5
21302,009,009_0178,7,5
21303,009,009_0178,8,5
21304,009,009_0179,1,4
21305,009,009_0179,2,4
21306,009,009_0179,3,4
21307,009,009_0179,4,4
21308,009,009_0179,5,4
21309,009,009_0179,6,4
21310,009,009_0179,7,4
21311,009,009_0179,8,4
21312,009,009_0180,1,3
21313,009,009_0180,2,3
21314,009,009_0180,3,3
21315,009,009_0180,4,3
21316,009,009_0180,5,3
21317,009,009_0180,6,3
21318,009,009_0180,7,3
21319,009,009_0180,8,3
21320,009,009_0181,1,2
21321,009,009_0181,2,2
21322,009,009_0181,3,2
21323,009,009_0181,4,2
21324,009,009_0181,5,2
21325,009,009_0181,6,2
21326,009,009_0181,7,2
21327,009,009_0181,8,2
21328,009,009_0182,1,1
21329,009,009_0182,2,1
21330,009,009_0182,3,1
21331,009,009_0182,4,1
21332,009,009_0182,5,1
21333,009,009_0182,6,1
21334,009,009_0182,7,1
21335,009,009_0182,8,1
21336,009,009_0183,1,5
21337,009,009_0183,2,5
21338,009,009_0183,3,5
21339,009,009_0183,4,5
21340,009,009_0183,5,5
21341,009,009_0183,6,5
21342,009,009_0183,7,5
21343,009,009_0183,8,5
21344,009,009_0184,1,4
21345,009,009_0184,2,4
21346,009,009_0184,3,4
21347,009,009_0184,4,4
21348,009,009_0184,5,4
21349,009,009_0184,6,4
21350,009,009_0184,7,4
21351,009,009_0184,8,4
21352,009,009_0185,1,3
21353,009,009_0185,2,3
21354,009,009_0185,3,3
21355,009,009_0185,4,3
21356,009,009_0185,5,3
21357,009,009_0185,6,3
21358,009,009_0185,7,3
21359,009,009_0185,8,3
21360,009,009_0186,1,2
21361,009,009_0186,2,2
21362,009,009_0186,3,2
21363,009,009_0186,4,2
21364,009,009_0186,5,2
21365,009,009_0186,6,2
21366,009,009_0186,7,2
21367,009,009_0186,8,2
21368,009,009_0187,1,1
21369,009,009_0187,2,1
21370,009,009_0187,3,1
21371,009,009_0187,4,1
21372,009,009_0187,5,1
21373,009,009_0187,6,1
21374,009,009_0187,7,1
21375,009,009_0187,8,1
21376,009,009_0188,1,5
21377,009,009_0188,2,5
21378,009,009_0188,3,5
21379,009,009_0188,4,5
21380,009,009_0188,5,5
21381,009,009_0188,6,5
21382,009,009_0188,7,5
21383,009,009_0188,8,5
21384,009,009_0189,1,4
21385,009,009_0189,2,4
21386,009,009_0189,3,4
21387,009,009_0189,4,4
21388,009,009_0189,5,4
21389,009,009_0189,6,4
21390,009,009_0189,7,4
21391,009,009_0189,8,4
21392,009,009_0190,1,3
21393,009,009_0190,2,3
21394,009,009_0190,3,3
21395,009,009_0190,4,3
21396,009,009_0190,5,3
21397,009,009_0190,6,3
21398,009,009_0190,7,3
21399,009,009_0190,8,3
21400,009,009_0191,1,2
21401,009,009_0191,2,2
21402,009,009_0191,3,2
21403,009,009_0191,4,2
21404,009,009_0191,5,2
21405,009,009_0191,6,2
21406,009,009_0191,7,2
21407,009,009_0191,8,2
21408,009,009_0192,1,1
21409,009,009_0192,2,1
21410,009,009_0192,3,1
21411,009,009_0192,4,1
21412,009,009_0192,5,1
21413,009,009_0192,6,1
21414,009,009_0192,7,1
21415,009,009_0192,8,1
21416,009,009_0193,1,5
21417,009,009_0193,2,5
21418,009,009_0193,3,5
21419,009,009_0193,4,5
21420,009,009_0193,5,5
21421,009,009_0193,6,5
21422,009,009_0193,7,5
21423,009,009_0193,8,5
21424,009,009_0194,1,4
21425,009,009_0194,2,4
21426,009,009_0194,3,4
21427,009,009_0194,4,4
21428,009,009_0194,5,4
21429,009,009_0194,6,4
21430,009,009_0194,7,4
21431,009,009_0194,8,4
21432,009,009_0195,1,3
21433,009,009_0195,2,3
21434,009,009_0195,3,3
21435,009,009_0195,4,3
21436,009,009_0195,5,3
21437,009,009_0195,6,3
21438,009,009_0195,7,3
21439,009,009_0195,8,3
21440,009,009_0196,1,2
21441,009,009_0196,2,2
21442,009,009_0196,3,2
21443,009,009_0196,4,2
21444,009,009_0196,5,2
21445,009,009_0196,6,2
21446,009,009_0196,7,2
21447,009,009_0196,8,2
21448,009,009_0197,1,1
21449,009,009_0197,2,1
21450,009,009_0197,3,1
21451,009,009_0197,4,1
21452,009,009_0197,5,1
21453,009,009_0197,6,1
21454,009,009_0197,7,1
21455,009,009_0197,8,1
21456,009,009_0198,1,5
21457,009,009_0198,2,5
21458,009,009_0198,3,5
21459,009,009_0198,4,5
21460,009,009_0198,5,5
21461,009,009_0198,6,5
21462,009,009_0198,7,5
21463,009,009_0198,8,5
21464,009,009_0199,1,4
21465,009,009_0199,2,4
21466,009,009_0199,3,4
21467,009,009_0199,4,4
21468,009,009_0199,5,4
21469,009,009_0199,6,4
21470,009,009_0199,7,4
21471,009,009_0199,8,4
21472,009,009_0200,1,3
21473,009,009_0200,2,3
21474,009,009_0200,3,3
21475,009,009_0200,4,3
21476,009,009_0200,5,3
21477,009,009_0200,6,3
21478,009,009_0200,7,3
21479,009,009_0200,8,3
21480,009,009_0201,1,2
21481,009,009_0201,2,2
21482,009,009_0201,3,2
21483,009,009_0201,4,2
21484,009,009_0201,5,2
21485,009,009_0201,6,2
21486,009,009_0201,7,2
21487,009,009_0201,8,2
21488,009,009_0202,1,1
21489,009,009_0202,2,1
21490,009,009_0202,3,1
21491,009,009_0202,4,1
21492,009,009_0202,5,1
21493,009,009_0202,6,1
21494,009,009_0202,7,1
21495,009,009_0202,8,1
21496,009,009_0203,1,5
21497,009,009_0203,2,5
21498,009,009_0203,3,5
21499,009,009_0203,4,5
21500,009,009_0203,5,5
21501,009,009_0203,6,5
21502,009,009_0203,7,5
21503,009,009_0203,8,5
21504,009,009_0204,1,4
21505,009,009_0204,2,4
21506,009,009_0204,3,4
21507,009,009_0204,4,4
21508,009,009_0204,5,4
21509,009,009_0204,6,4
21510,009,009_0204,7,4
21511,009,009_0204,8,4
21512,009,009_0205,1,3
21513,009,009_0205,2,3
21514,009,009_0205,3,3
21515,009,009_0205,4,3
21516,009,009_0205,5,3
21517,009,009_0205,6,3
21518,009,009_0205,7,3
21519,009,009_0205,8,3
21520,009,009_0206,1,2
21521,009,009_0206,2,2
21522,009,009_0206,3,2
21523,009,009_0206,4,2
21524,009,009_0206,5,2
21525,009,009_0206,6,2
21526,009,009_0206,7,2
21527,009,009_0206,8,2
21528,009,009_0207,1,1
21529,009,009_0207,2,1
21530,009,009_0207,3,1
21531,009,009_0207,4,1
21532,009,009_0207,5,1
21533,009,009_0207,6,1
21534,009,009_0207,7,1
21535,009,009_0207,8,1
21536,009,009_0208,1,5
21537,009,009_0208,2,5
21538,009,009_0208,3,5
21539,009,009_0208,4,5
21540,009,009_0208,5,5
21541,009,009_0208,6,5
21542,009,009_0208,7,5
21543,009,009_0208,8,5
21544,009,009_0209,1,4
21545,009,009_0209,2,4
21546,009,009_0209,3,4
21547,009,009_0209,4,4
21548,009,009_0209,5,4
21549,009,009_0209,6,4
21550,009,009_0209,7,4
21551,009,009_0209,8,4
21552,009,009_0210,1,3
21553,009,009_0210,2,3
21554,009,009_0210,3,3
21555,009,009_0210,4,3
21556,009,009_0210,5,3
21557,009,009_0210,6,3
21558,009,009_0210,7,3
21559,009,009_0210,8,3
21560,009,009_0211,1,2
21561,009,009_0211,2,2
21562,009,009_0211,3,2
21563,009,009_0211,4,2
21564,009,009_0211,5,2
21565,009,009_0211,6,2
21566,009,009_0211,7,2
21567,009,009_0211,8,2
21568,009,009_0212,1,1
21569,009,009_0212,2,1
21570,009,009_0212,3,1
21571,009,009_0212,4,1
21572,009,009_0212,5,1
21573,009,009_0212,6,1
21574,009,009_0212,7,1
21575,009,009_0212,8,1
21576,009,009_0213,1,5
21577,009,009_0213,2,5
21578,009,009_0213,3,5
21579,009,009_0213,4,5
21580,009,009_0213,5,5
21581,009,009_0213,6,5
21582,009,009_0213,7,5
21583,009,009_0213,8,5
21584,009,009_0214,1,4
21585,009,009_0214,2,4
21586,009,009_0214,3,4
21587,009,009_0214,4,4
21588,009,009_0214,5,4
21589,009,009_0214,6,4
21590,009,009_0214,7,4
21591,009,009_0214,8,4
21592,009,009_0215,1,3
21593,009,009_0215,2,3
21594,009,009_0215,3,3
21595,009,009_0215,4,3
21596,009,009_0215,5,3
21597,009,009_0215,6,3
21598,009,009_0215,7,3
21599,009,009_0215,8,3
21600,009,009_0216,1,2
21601,009,009_0216,2,2
21602,009,009_0216,3,2
21603,009,009_0216,4,2
21604,009,009_0216,5,2
21605,009,009_0216,6,2
21606,009,009_0216,7,2
21607,009,009_0216,8,2
21608,009,009_0217,1,1
21609,009,009_0217,2,1
21610,009,009_0217,3,1
21611,009,009_0217,4,1
21612,009,009_0217,5,1
21613,009,009_0217,6,1
21614,009,009_0217,7,1
21615,009,009_0217,8,1
21616,009,009_0218,1,5
21617,009,009_0218,2,5
21618,009,009_0218,3,5
21619,009,009_0218,4,5
21620,009,009_0218,5,5
21621,009,009_0218,6,5
21622,009,009_0218,7,5
21623,009,009_0218,8,5
21624,009,009_0219,1,4
21625,009,009_0219,2,4
21626,009,009_0219,3,4
21627,009,009_0219,4,4
21628,009,009_0219,5,4
21629,009,009_0219,6,4
21630,009,009_0219,7,4
21631,009,009_0219,8,4
21632,009,009_0220,1,3
21633,009,009_0220,2,3
21634,009,009_0220,3,3
21635,009,009_0220,4,3
21636,009,009_0220,5,3
21637,009,009_0220,6,3
21638,009,009_0220,7,3
21639,009,009_0220,8,3
21640,009,009_0221,1,2
21641,009,009_0221,2,2
21642,009,009_0221,3,2
21643,009,009_0221,4,2
21644,009,009_0221,5,2
21645,009,009_0221,6,2
21646,009,009_0221,7,2
21647,009,009_0221,8,2
21648,009,009_0222,1,1
21649,009,009_0222,2,1
21650,009,009_0222,3,1
21651,009,009_0222,4,1
21652,009,009_0222,5,1
21653,009,009_0222,6,1
21654,009,009_0222,7,1
21655,009,009_0222,8,1
21656,009,009_0223,1,5
21657,009,009_0223,2,5
21658,009,009_0223,3,5
21659,009,009_0223,4,5
21660,009,009_0223,5,5
21661,009,009_0223,6,5
21662,009,009_0223,7,5
21663,009,009_0223,8,5
21664,009,009_0224,1,4
21665,009,009_0224,2,4
21666,009,009_0224,3,4
21667,009,009_0224,4,4
21668,009,009_0224,5,4
21669,009,009_0224,6,4
21670,009,009_0224,7,4
21671,009,009_0224,8,4
21672,009,009_0225,1,3
21673,009,009_0225,2,3
21674,009,009_0225,3,3
21675,009,009_0225,4,3
21676,009,009_0225,5,3
21677,009,009_0225,6,3
21678,009,009_0225,7,3
21679,009,009_0225,8,3
21680,009,009_0226,1,2
21681,009,009_0226,2,2
21682,009,009_0226,3,2
21683,009,009_0226,4,2
21684,009,009_0226,5,2
21685,009,009_0226,6,2
21686,009,009_0226,7,2
21687,009,009_0226,8,2
21688,009,009_0227,1,1
21689,009,009_0227,2,1
21690,009,009_0227,3,1
21691,009,009_0227,4,1
21692,009,009_0227,5,1
21693,009,009_0227,6,1
21694,009,009_0227,7,1
21695,009,009_0227,8,1
21696,009,009_0228,1,5
21697,009,009_0228,2,5
21698,009,009_0228,3,5
21699,009,009_0228,4,5
21700,009,009_0228,5,5
21701,009,009_0228,6,5
21702,009,009_0228,7,5
21703,009,009_0228,8,5
21704,009,009_0229,1,4
21705,009,009_0229,2,4
21706,009,009_0229,3,4
21707,009,009_0229,4,4
21708,009,009_0229,5,4
21709,009,009_0229,6,4
21710,009,009_0229,7,4
21711,009,009_0229,8,4
21712,009,009_0230,1,3
21713,009,009_0230,2,3
21714,009,009_0230,3,3
21715,009,009_0230,4,3
21716,009,009_0230,5,3
21717,009,009_0230,6,3
21718,009,009_0230,7,3
21719,009,009_0230,8,3
21720,009,009_0231,1,2
21721,009,009_0231,2,2
21722,009,009_0231,3,2
21723,009,009_0231,4,2
21724,009,009_0231,5,2
21725,009,009_0231,6,2
21726,009,009_0231,7,2
21727,009,009_0231,8,2
21728,009,009_0232,1,1
21729,009,009_0232,2,1
21730,009,009_0232,3,1
21731,009,009_0232,4,1
21732,009,009_0232,5,1
21733,009,009_0232,6,1
21734,009,009_0232,7,1
21735,009,009_0232,8,1
21736,009,009_0233,1,5
21737,009,009_0233,2,5
21738,009,009_0233,3,5
21739,009,009_0233,4,5
21740,009,009_0233,5,5
21741,009,009_0233,6,5
21742,009,009_0233,7,5
21743,009,009_0233,8,5
21744,009,009_0234,1,4
21745,009,009_0234,2,4
21746,009,009_0234,3,4
21747,009,009_0234,4,4
21748,009,009_0234,5,4
21749,009,009_0234,6,4
21750,009,009_0234,7,4
21751,009,009_0234,8,4
21752,009,009_0235,1,3
21753,009,009_0235,2,3
21754,009,009_0235,3,3
21755,009,009_0235,4,3
21756,009,009_0235,5,3
21757,009,009_0235,6,3
21758,009,009_0235,7,3
21759,009,009_0235,8,3
21760,009,009_0236,1,2
21761,009,009_0236,2,2
21762,009,009_0236,3,2
21763,009,009_0236,4,2
21764,009,009_0236,5,2
21765,009,009_0236,6,2
21766,009,009_0236,7,2
21767,009,009_0236,8,2
21768,009,009_0237,1,1
21769,009,009_0237,2,1
21770,009,009_0237,3,1
21771,009,009_0237,4,1
21772,009,009_0237,5,1
21773,009,009_0237,6,1
21774,009,009_0237,7,1
21775,009,009_0237,8,1
21776,009,009_0238,1,5
21777,009,009_0238,2,5
21778,009,009_0238,3,5
21779,009,009_0238,4,5
21780,009,009_0238,5,5
21781,009,009_0238,6,5
21782,009,009_0238,7,5
21783,009,009_0238,8,5
21784,009,009_0239,1,4
21785,009,009_0239,2,4
21786,009,009_0239,3,4
21787,009,009_0239,4,4
21788,009,009_0239,5,4
21789,009,009_0239,6,4
21790,009,009_0239,7,4
21791,009,009_0239,8,4
21792,009,009_0240,1,3
21793,009,009_0240,2,3
21794,009,009_0240,3,3
21795,009,009_0240,4,3
21796,009,009_0240,5,3
21797,009,009_0240,6,3
21798,009,009_0240,7,3
21799,009,009_0240,8,3
21800,009,009_0241,1,2
21801,009,009_0241,2,2
21802,009,009_0241,3,2
21803,009,009_0241,4,2
21804,009,009_0241,5,2
21805,009,009_0241,6,2
21806,009,009_0241,7,2
21807,009,009_0241,8,2
21808,009,009_0242,1,1
21809,009,009_0242,2,1
21810,009,009_0242,3,1
21811,009,009_0242,4,1
21812,009,009_0242,5,1
21813,009,009_0242,6,1
21814,009,009_0242,7,1
21815,009,009_0242,8,1
21816,009,009_0243,1,5
21817,009,009_0243,2,5
21818,009,009_0243,3,5
21819,009,009_0243,4,5
21820,009,009_0243,5,5
21821,009,009_0243,6,5
21822,009,009_0243,7,5
21823,009,009_0243,8,5
21824,009,009_0244,1,4
21825,009,009_0244,2,4
21826,009,009_0244,3,4
21827,009,009_0244,4,4
21828,009,009_0244,5,4
21829,009,009_0244,6,4
21830,009,009_0244,7,4
21831,009,009_0244,8,4
21832,009,009_0245,1,3
21833,009,009_0245,2,3
21834,009,009_0245,3,3
21835,009,009_0245,4,3
21836,009,009_0245,5,3
21837,009,009_0245,6,3
21838,009,009_0245,7,3
21839,009,009_0245,8,3
21840,009,009_0246,1,2
21841,009,009_0246,2,2
21842,009,009_0246,3,2
21843,009,009_0246,4,2
21844,009,009_0246,5,2
21845,009,009_0246,6,2
21846,009,009_0246,7,2
21847,009,009_0246,8,2
21848,009,009_0247,1,1
21849,009,009_0247,2,1
21850,009,009_0247,3,1
21851,009,009_0247,4,1
21852,009,009_0247,5,1
21853,009,009_0247,6,1
21854,009,009_0247,7,1
21855,009,009_0247,8,1
21856,009,009_0248,1,5
21857,009,009_0248,2,5
21858,009,009_0248,3,5
21859,009,009_0248,4,5
21860,009,009_0248,5,5
21861,009,009_0248,6,5
21862,009,009_0248,7,5
21863,009,009_0248,8,5
21864,009,009_0249,1,4
21865,009,009_0249,2,4
21866,009,009_0249,3,4
21867,009,009_0249,4,4
21868,009,009_0249,5,4
21869,009,009_0249,6,4
21870,009,009_0249,7,4
21871,009,009_0249,8,4
21872,009,009_0250,1,3
21873,009,009_0250,2,3
21874,009,009_0250,3,3
21875,009,009_0250,4,3
21876,009,009_0250,5,3
21877,009,009_0250,6,3
21878,009,009_0250,7,3
21879,009,009_0250,8,3
21880,009,009_0251,1,2
21881,009,009_0251,2,2
21882,009,009_0251,3,2
21883,009,009_0251,4,2
21884,009,009_0251,5,2
21885,009,009_0251,6,2
21886,009,009_0251,7,2
21887,009,009_0251,8,2
21888,009,009_0252,1,1
21889,009,009_0252,2,1
21890,009,009_0252,3,1
21891,009,009_0252,4,1
21892,009,009_0252,5,1
21893,009,009_0252,6,1
21894,009,009_0252,7,1
21895,009,009_0252,8,1
21896,009,009_0253,1,5
21897,009,009_0253,2,5
21898,009,009_0253,3,5
21899,009,009_0253,4,5
21900,009,009_0253,5,5
21901,009,009_0253,6,5
21902,009,009_0253,7,5
21903,009,009_0253,8,5
21904,009,009_0254,1,4
21905,009,009_0254,2,4
21906,009,009_0254,3,4
21907,009,009_0254,4,4
21908,009,009_0254,5,4
21909,009,009_0254,6,4
21910,009,009_0254,7,4
21911,009,009_0254,8,4
21912,009,009_0255,1,3
21913,009,009_0255,2,3
21914,009,009_0255,3,3
21915,009,009_0255,4,3
21916,009,009_0255,5,3
21917,009,009_0255,6,3
21918,009,009_0255,7,3
21919,009,009_0255,8,3
21920,009,009_0256,1,2
21921,009,009_0256,2,2
21922,009,009_0256,3,2
21923,009,009_0256,4,2
21924,009,009_0256,5,2
21925,009,009_0256,6,2
21926,009,009_0256,7,2
21927,009,009_0256,8,2
21928,009,009_0257,1,1
21929,009,009_0257,2,1
21930,009,009_0257,3,1
21931,009,009_0257,4,1
21932,009,009_0257,5,1
21933,009,009_0257,6,1
21934,009,009_0257,7,1
21935,009,009_0257,8,1
21936,009,009_0258,1,5
21937,009,009_0258,2,5
21938,009,009_0258,3,5
21939,009,009_0258,4,5
21940,009,009_0258,5,5
21941,009,009_0258,6,5
21942,009,009_0258,7,5
21943,009,009_0258,8,5
21944,009,009_0259,1,4
21945,009,009_0259,2,4
21946,009,009_0259,3,4
21947,009,009_0259,4,4
21948,009,009_0259,5,4
21949,009,009_0259,6,4
21950,009,009_0259,7,4
21951,009,009_0259,8,4
21952,009,009_0260,1,3
21953,009,009_0260,2,3
21954,009,009_0260,3,3
21955,009,009_0260,4,3
21956,009,009_0260,5,3
21957,009,009_0260,6,3
21958,009,009_0260,7,3
21959,009,009_0260,8,3
21960,009,009_0261,1,2
21961,009,009_0261,2,2
21962,009,009_0261,3,2
21963,009,009_0261,4,2
21964,009,009_0261,5,2
21965,009,009_0261,6,2
21966,009,009_0261,7,2
21967,009,009_0261,8,2
21968,009,009_0262,1,1
21969,009,009_0262,2,1
21970,009,009_0262,3,1
21971,009,009_0262,4,1
21972,009,009_0262,5,1
21973,009,009_0262,6,1
21974,009,009_0262,7,1
21975,009,009_0262,8,1
21976,009,009_0263,1,5
21977,009,009_0263,2,5
21978,009,009_0263,3,5
21979,009,009_0263,4,5
21980,009,009_0263,5,5
21981,009,009_0263,6,5
21982,009,009_0263,7,5
21983,009,009_0263,8,5
21984,009,009_0264,1,4
21985,009,009_0264,2,4
21986,009,009_0264,3,4
21987,009,009_0264,4,4
21988,009,009_0264,5,4
21989,009,009_0264,6,4
21990,009,009_0264,7,4
21991,009,009_0264,8,4
21992,009,009_0265,1,3
21993,009,009_0265,2,3
21994,009,009_0265,3,3
21995,009,009_0265,4,3
21996,009,009_0265,5,3
21997,009,009_0265,6,3
21998,009,009_0265,7,3
21999,009,009_0265,8,3
22000,009,009_0266,1,2
22001,009,009_0266,2,2
22002,009,009_0266,3,2
22003,009,009_0266,4,2
22004,009,009_0266,5,2
22005,009,009_0266,6,2
22006,009,009_0266,7,2
22007,009,009_0266,8,2
22008,009,009_0267,1,1
22009,009,009_0267,2,1
22010,009,009_0267,3,1
22011,009,009_0267,4,1
22012,009,009_0267,5,1
22013,009,009_0267,6,1
22014,009,009_0267,7,1
22015,009,009_0267,8,1
22016,009,009_0268,1,5
22017,009,009_0268,2,5
22018,009,009_0268,3,5
22019,009,009_0268,4,5
22020,009,009_0268,5,5
22021,009,009_0268,6,5
22022,009,009_0268,7,5
22023,009,009_0268,8,5
22024,009,009_0269,1,4
22025,009,009_0269,2,4
22026,009,009_0269,3,4
22027,009,009_0269,4,4
22028,009,009_0269,5,4
22029,009,009_0269,6,4
22030,009,009_0269,7,4
22031,009,009_0269,8,4
22032,009,009_0270,1,3
22033,009,009_0270,2,3
22034,009,009_0270,3,3
22035,009,009_0270,4,3
22036,009,009_0270,5,3
22037,009,009_0270,6,3
22038,009,009_0270,7,3
22039,009,009_0270,8,3
22040,009,009_0271,1,2
22041,009,009_0271,2,2
22042,009,009_0271,3,2
22043,009,009_0271,4,2
22044,009,009_0271,5,2
22045,009,009_0271,6,2
22046,009,009_0271,7,2
22047,009,009_0271,8,2
22048,009,009_0272,1,1
22049,009,009_0272,2,1
22050,009,009_0272,3,1
22051,009,009_0272,4,1
22052,009,009_0272,5,1
22053,009,009_0272,6,1
22054,009,009_0272,7,1
22055,009,009_0272,8,1
22056,009,009_0273,1,5
22057,009,009_0273,2,5
22058,009,009_0273,3,5
22059,009,009_0273,4,5
22060,009,009_0273,5,5
22061,009,009_0273,6,5
22062,009,009_0273,7,5
22063,009,009_0273,8,5
22064,009,009_0274,1,4
22065,009,009_0274,2,4
22066,009,009_0274,3,4
22067,009,009_0274,4,4
22068,009,009_0274,5,4
22069,009,009_0274,6,4
22070,009,009_0274,7,4
22071,009,009_0274,8,4
22072,009,009_0275,1,3
22073,009,009_0275,2,3
22074,009,009_0275,3,3
22075,009,009_0275,4,3
22076,009,009_0275,5,3
22077,009,009_0275,6,3
22078,009,009_0275,7,3
22079,009,009_0275,8,3
22080,009,009_0276,1,2
22081,009,009_0276,2,2
22082,009,009_0276,3,2
22083,009,009_0276,4,2
22084,009,009_0276,5,2
22085,009,009_0276,6,2
22086,009,009_0276,7,2
22087,009,009_0276,8,2
22088,009,009_0277,1,1
22089,009,009_0277,2,1
22090,009,009_0277,3,1
22091,009,009_0277,4,1
22092,009,009_0277,5,1
22093,009,009_0277,6,1
22094,009,009_0277,7,1
22095,009,009_0277,8,1
22096,009,009_0278,1,5
22097,009,009_0278,2,5
22098,009,009_0278,3,5
22099,009,009_0278,4,5
22100,009,009_0278,5,5
22101,009,009_0278,6,5
22102,009,009_0278,7,5
22103,009,009_0278,8,5
22104,009,009_0279,1,4
22105,009,009_0279,2,4
22106,009,009_0279,3,4
22107,009,009_0279,4,4
22108,009,009_0279,5,4
22109,009,009_0279,6,4
22110,009,009_0279,7,4
22111,009,009_0279,8,4
22112,009,009_0280,1,3
22113,009,009_0280,2,3
22114,009,009_0280,3,3
22115,009,009_0280,4,3
22116,009,009_0280,5,3
22117,009,009_0280,6,3
22118,009,009_0280,7,3
22119,009,009_0280,8,3
22120,009,009_0281,1,2
22121,009,009_0281,2,2
22122,009,009_0281,3,2
22123,009,009_0281,4,2
22124,009,009_0281,5,2
22125,009,009_0281,6,2
22126,009,009_0281,7,2
22127,009,009_0281,8,2
22128,009,009_0282,1,1
22129,009,009_0282,2,1
22130,009,009_0282,3,1
22131,009,009_0282,4,1
22132,009,009_0282,5,1
22133,009,009_0282,6,1
22134,009,009_0282,7,1
22135,009,009_0282,8,1
22136,009,009_0283,1,5
22137,009,009_0283,2,5
22138,009,009_0283,3,5
22139,009,009_0283,4,5
22140,009,009_0283,5,5
22141,009,009_0283,6,5
22142,009,009_0283,7,5
22143,009,009_0283,8,5
22144,009,009_0284,1,4
22145,009,009_0284,2,4
22146,009,009_0284,3,4
22147,009,009_0284,4,4
22148,009,009_0284,5,4
22149,009,009_0284,6,4
22150,009,009_0284,7,4
22151,009,009_0284,8,4
22152,009,009_0285,1,3
22153,009,009_0285,2,3
22154,009,009_0285,3,3
22155,009,009_0285,4,3
22156,009,009_0285,5,3
22157,009,009_0285,6,3
22158,009,009_0285,7,3
22159,009,009_0285,8,3
22160,009,009_0286,1,2
22161,009,009_0286,2,2
22162,009,009_0286,3,2
22163,009,009_0286,4,2
22164,009,009_0286,5,2
22165,009,009_0286,6,2
22166,009,009_0286,7,2
22167,009,009_0286,8,2
22168,009,009_0287,1,1
22169,009,009_0287,2,1
22170,009,009_0287,3,1
22171,009,009_0287,4,1
22172,009,009_0287,5,1
22173,009,009_0287,6,1
22174,009,009_0287,7,1
22175,009,009_0287,8,1
22176,009,009_0288,1,5
22177,009,009_0288,2,5
22178,009,009_0288,3,5
22179,009,009_0288,4,5
22180,009,009_0288,5,5
22181,009,009_0288,6,5
22182,009,009_0288,7,5
22183,009,009_0288,8,5
22184,009,009_0289,1,4
22185,009,009_0289,2,4
22186,009,009_0289,3,4
22187,009,009_0289,4,4
22188,009,009_0289,5,4
22189,009,009_0289,6,4
22190,009,009_0289,7,4
22191,009,009_0289,8,4
22192,009,009_0290,1,3
22193,009,009_0290,2,3
22194,009,009_0290,3,3
22195,009,009_0290,4,3
22196,009,009_0290,5,3
22197,009,009_0290,6,3
22198,009,009_0290,7,3
22199,009,009_0290,8,3
22200,009,009_0291,1,2
22201,009,009_0291,2,2
22202,009,009_0291,3,2
22203,009,009_0291,4,2
22204,009,009_0291,5,2
22205,009,009_0291,6,2
22206,009,009_0291,7,2
22207,009,009_0291,8,2
22208,009,009_0292,1,1
22209,009,009_0292,2,1
22210,009,009_0292,3,1
22211,009,009_0292,4,1
22212,009,009_0292,5,1
22213,009,009_0292,6,1
22214,009,009_0292,7,1
22215,009,009_0292,8,1
22216,009,009_0293,1,5
22217,009,009_0293,2,5
22218,009,009_0293,3,5
22219,009,009_0293,4,5
22220,009,009_0293,5,5
22221,009,009_0293,6,5
22222,009,009_0293,7,5
22223,009,009_0293,8,5
22224,009,009_0294,1,4
22225,009,009_0294,2,4
22226,009,009_0294,3,4
22227,009,009_0294,4,4
22228,009,009_0294,5,4
22229,009,009_0294,6,4
22230,009,009_0294,7,4
22231,009,009_0294,8,4
22232,009,009_0295,1,3
22233,009,009_0295,2,3
22234,009,009_0295,3,3
22235,009,009_0295,4,3
22236,009,009_0295,5,3
22237,009,009_0295,6,3
22238,009,009_0295,7,3
22239,009,009_0295,8,3
22240,009,009_0296,1,2
22241,009,009_0296,2,2
22242,009,009_0296,3,2
22243,009,009_0296,4,2
22244,009,009_0296,5,2
22245,009,009_0296,6,2
22246,009,009_0296,7,2
22247,009,009_0296,8,2
22248,009,009_0297,1,1
22249,009,009_0297,2,1
22250,009,009_0297,3,1
22251,009,009_0297,4,1
22252,009,009_0297,5,1
22253,009,009_0297,6,1
22254,009,009_0297,7,1
22255,009,009_0297,8,1
22256,009,009_0298,1,5
22257,009,009_0298,2,5
22258,009,009_0298,3,5
22259,009,009_0298,4,5
22260,009,009_0298,5,5
22261,009,009_0298,6,5
22262,009,009_0298,7,5
22263,009,009_0298,8,5
22264,009,009_0299,1,4
22265,009,009_0299,2,4
22266,009,009_0299,3,4
22267,009,009_0299,4,4
22268,009,009_0299,5,4
22269,009,009_0299,6,4
22270,009,009_0299,7,4
22271,009,009_0299,8,4
22272,009,009_0300,1,3
22273,009,009_0300,2,3
22274,009,009_0300,3,3
22275,009,009_0300,4,3
22276,009,009_0300,5,3
22277,009,009_0300,6,3
22278,009,009_0300,7,3
22279,009,009_0300,8,3
22280,009,009_0301,1,2
22281,009,009_0301,2,2
22282,009,009_0301,3,2
22283,009,009_0301,4,2
22284,009,009_0301,5,2
22285,009,009_0301,6,2
22286,009,009_0301,7,2
22287,009,009_0301,8,2
22288,009,009_0302,1,1
22289,009,009_0302,2,1
22290,009,009_0302,3,1
22291,009,009_0302,4,1
22292,009,009_0302,5,1
22293,009,009_0302,6,1
22294,009,009_0302,7,1
22295,009,009_0302,8,1
22296,009,009_0303,1,5
22297,009,009_0303,2,5
22298,009,009_0303,3,5
22299,009,009_0303,4,5
22300,009,009_0303,5,5
22301,009,009_0303,6,5
22302,009,009_0303,7,5
22303,009,009_0303,8,5
22304,009,009_0304,1,4
22305,009,009_0304,2,4
22306,009,009_0304,3,4
22307,009,009_0304,4,4
22308,009,009_0304,5,4
22309,009,009_0304,6,4
22310,009,009_0304,7,4
22311,009,009_0304,8,4
22312,009,009_0305,1,3
22313,009,009_0305,2,3
22314,009,009_0305,3,3
22315,009,009_0305,4,3
22316,009,009_0305,5,3
22317,009,009_0305,6,3
22318,009,009_0305,7,3
22319,009,009_0305,8,3
22320,009,009_0306,1,2
22321,009,009_0306,2,2
22322,009,009_0306,3,2
22323,009,009_0306,4,2
22324,009,009_0306,5,2
22325,009,009_0306,6,2
22326,009,009_0306,7,2
22327,009,009_0306,8,2
22328,009,009_0307,1,1
22329,009,009_0307,2,1
22330,009,009_0307,3,1
22331,009,009_0307,4,1
22332,009,009_0307,5,1
22333,009,009_0307,6,1
22334,009,009_0307,7,1
22335,009,009_0307,8,1
22336,010,010_0001,1,5
22337,010,010_0001,2,5
22338,010,010_0001,3,5
22339,010,010_0001,4,5
22340,010,010_0001,5,5
22341,010,010_0001,6,5
22342,010,010_0001,7,5
22343,010,010_0001,8,5
22344,010,010_0002,1,4
22345,010,010_0002,2,4
22346,010,010_0002,3,4
22347,010,010_0002,4,4
22348,010,010_0002,5,4
22349,010,010_0002,6,4
22350,010,010_0002,7,4
22351,010,010_0002,8,4
22352,010,010_0003,1,3
22353,010,010_0003,2,3
22354,010,010_0003,3,3
22355,010,010_0003,4,3
22356,010,010_0003,5,3
22357,010,010_0003,6,3
22358,010,010_0003,7,3
22359,010,010_0003,8,3
22360,010,010_0004,1,2
22361,010,010_0004,2,2
22362,010,010_0004,3,2
22363,010,010_0004,4,2
22364,010,010_0004,5,2
22365,010,010_0004,6,2
22366,010,010_0004,7,2
22367,010,010_0004,8,2
22368,010,010_0005,1,1
22369,010,010_0005,2,1
22370,010,010_0005,3,1
22371,010,010_0005,4,1
22372,010,010_0005,5,1
22373,010,010_0005,6,1
22374,010,010_0005,7,1
22375,010,010_0005,8,1
22376,010,010_0006,1,5
22377,010,010_0006,2,5
22378,010,010_0006,3,5
22379,010,010_0006,4,5
22380,010,010_0006,5,5
22381,010,010_0006,6,5
22382,010,010_0006,7,5
22383,010,010_0006,8,5
22384,010,010_0007,1,4
22385,010,010_0007,2,4
22386,010,010_0007,3,4
22387,010,010_0007,4,4
22388,010,010_0007,5,4
22389,010,010_0007,6,4
22390,010,010_0007,7,4
22391,010,010_0007,8,4
22392,010,010_0008,1,3
22393,010,010_0008,2,3
22394,010,010_0008,3,3
22395,010,010_0008,4,3
22396,010,010_0008,5,3
22397,010,010_0008,6,3
22398,010,010_0008,7,3
22399,010,010_0008,8,3
22400,010,010_0009,1,2
22401,010,010_0009,2,2
22402,010,010_0009,3,2
22403,010,010_0009,4,2
22404,010,010_0009,5,2
22405,010,010_0009,6,2
22406,010,010_0009,7,2
22407,010,010_0009,8,2
22408,010,010_0010,1,1
22409,010,010_0010,2,1
22410,010,010_0010,3,1
22411,010,010_0010,4,1
22412,010,010_0010,5,1
22413,010,010_0010,6,1
22414,010,010_0010,7,1
22415,010,010_0010,8,1
22416,010,010_0011,1,5
22417,010,010_0011,2,5
22418,010,010_0011,3,5
22419,010,010_0011,4,5
22420,010,010_0011,5,5
22421,010,010_0011,6,5
22422,010,010_0011,7,5
22423,010,010_0011,8,5
22424,010,010_0012,1,4
22425,010,010_0012,2,4
22426,010,010_0012,3,4
22427,010,010_0012,4,4
22428,010,010_0012,5,4
22429,010,010_0012,6,4
22430,010,010_0012,7,4
22431,010,010_0012,8,4
22432,010,010_0013,1,3
22433,010,010_0013,2,3
22434,010,010_0013,3,3
22435,010,010_0013,4,3
22436,010,010_0013,5,3
22437,010,010_0013,6,3
22438,010,010_0013,7,3
22439,010,010_0013,8,3
22440,010,010_0014,1,2
22441,010,010_0014,2,2
22442,010,010_0014,3,2
22443,010,010_0014,4,2
22444,010,010_0014,5,2
22445,010,010_0014,6,2
22446,010,010_0014,7,2
22447,010,010_0014,8,2
22448,010,010_0015,1,1
22449,010,010_0015,2,1
22450,010,010_0015,3,1
22451,010,010_0015,4,1
22452,010,010_0015,5,1
22453,010,010_0015,6,1
22454,010,010_0015,7,1
22455,010,010_0015,8,1
22456,010,010_0016,1,5
22457,010,010_0016,2,5
22458,010,010_0016,3,5
22459,010,010_0016,4,5
22460,010,010_0016,5,5
22461,010,010_0016,6,5
22462,010,010_0016,7,5
22463,010,010_0016,8,5
22464,010,010_0017,1,4
22465,010,010_0017,2,4
22466,010,010_0017,3,4
22467,010,010_0017,4,4
22468,010,010_0017,5,4
22469,010,010_0017,6,4
22470,010,010_0017,7,4
22471,010,010_0017,8,4
22472,010,010_0018,1,3
22473,010,010_0018,2,3
22474,010,010_0018,3,3
22475,010,010_0018,4,3
22476,010,010_0018,5,3
22477,010,010_0018,6,3
22478,010,010_0018,7,3
22479,010,010_0018,8,3
22480,010,010_0019,1,2
22481,010,010_0019,2,2
22482,010,010_0019,3,2
22483,010,010_0019,4,2
22484,010,010_0019,5,2
22485,010,010_0019,6,2
22486,010,010_0019,7,2
22487,010,010_0019,8,2
22488,010,010_0020,1,1
22489,010,010_0020,2,1
22490,010,010_0020,3,1
22491,010,010_0020,4,1
22492,010,010_0020,5,1
22493,010,010_0020,6,1
22494,010,010_0020,7,1
22495,010,010_0020,8,1
22496,010,010_0021,1,5
22497,010,010_0021,2,5
22498,010,010_0021,3,5
22499,010,010_0021,4,5
22500,010,010_0021,5,5
22501,010,010_0021,6,5
22502,010,010_0021,7,5
22503,010,010_0021,8,5
22504,010,010_0022,1,4
22505,010,010_0022,2,4
22506,010,010_0022,3,4
22507,010,010_0022,4,4
22508,010,010_0022,5,4
22509,010,010_0022,6,4
22510,010,010_0022,7,4
22511,010,010_0022,8,4
22512,010,010_0023,1,3
22513,010,010_0023,2,3
22514,010,010_0023,3,3
22515,010,010_0023,4,3
22516,010,010_0023,5,3
22517,010,010_0023,6,3
22518,010,010_0023,7,3
22519,010,010_0023,8,3
22520,010,010_0024,1,2
22521,010,010_0024,2,2
22522,010,010_0024,3,2
22523,010,010_0024,4,2
22524,010,010_0024,5,2
22525,010,010_0024,6,2
22526,010,010_0024,7,2
22527,010,010_0024,8,2
22528,010,010_0025,1,1
22529,010,010_0025,2,1
22530,010,010_0025,3,1
22531,010,010_0025,4,1
22532,010,010_0025,5,1
22533,010,010_0025,6,1
22534,010,010_0025,7,1
22535,010,010_0025,8,1
22536,010,010_0026,1,5
22537,010,010_0026,2,5
22538,010,010_0026,3,5
22539,010,010_0026,4,5
22540,010,010_0026,5,5
22541,010,010_0026,6,5
22542,010,010_0026,7,5
22543,010,010_0026,8,5
22544,010,010_0027,1,4
22545,010,010_0027,2,4
22546,010,010_0027,3,4
22547,010,010_0027,4,4
22548,010,010_0027,5,4
22549,010,010_0027,6,4
22550,010,010_0027,7,4
22551,010,010_0027,8,4
22552,010,010_0028,1,3
22553,010,010_0028,2,3
22554,010,010_0028,3,3
22555,010,010_0028,4,3
22556,010,010_0028,5,3
22557,010,010_0028,6,3
22558,010,010_0028,7,3
22559,010,010_0028,8,3
22560,010,010_0029,1,2
22561,010,010_0029,2,2
22562,010,010_0029,3,2
22563,010,010_0029,4,2
22564,010,010_0029,5,2
22565,010,010_0029,6,2
22566,010,010_0029,7,2
22567,010,010_0029,8,2
22568,010,010_0030,1,1
22569,010,010_0030,2,1
22570,010,010_0030,3,1
22571,010,010_0030,4,1
22572,010,010_0030,5,1
22573,010,010_0030,6,1
22574,010,010_0030,7,1
22575,010,010_0030,8,1
22576,010,010_0031,1,5
22577,010,010_0031,2,5
22578,010,010_0031,3,5
22579,010,010_0031,4,5
22580,010,010_0031,5,5
22581,010,010_0031,6,5
22582,010,010_0031,7,5
22583,010,010_0031,8,5
22584,010,010_0032,1,4
22585,010,010_0032,2,4
22586,010,010_0032,3,4
22587,010,010_0032,4,4
22588,010,010_0032,5,4
22589,010,010_0032,6,4
22590,010,010_0032,7,4
22591,010,010_0032,8,4
22592,010,010_0033,1,3
22593,010,010_0033,2,3
22594,010,010_0033,3,3
22595,010,010_0033,4,3
22596,010,010_0033,5,3
22597,010,010_0033,6,3
22598,010,010_0033,7,3
22599,010,010_0033,8,3
22600,010,010_0034,1,2
22601,010,010_0034,2,2
22602,010,010_0034,3,2
22603,010,010_0034,4,2
22604,010,010_0034,5,2
22605,010,010_0034,6,2
22606,010,010_0034,7,2
22607,010,010_0034,8,2
22608,010,010_0035,1,1
22609,010,010_0035,2,1
22610,010,010_0035,3,1
22611,010,010_0035,4,1
22612,010,010_0035,5,1
22613,010,010_0035,6,1
22614,010,010_0035,7,1
22615,010,010_0035,8,1
22616,010,010_0036,1,5
22617,010,010_0036,2,5
22618,010,010_0036,3,5
22619,010,010_0036,4,5
22620,010,010_0036,5,5
22621,010,010_0036,6,5
22622,010,010_0036,7,5
22623,010,010_0036,8,5
22624,010,010_0037,1,4
22625,010,010_0037,2,4
22626,010,010_0037,3,4
22627,010,010_0037,4,4
22628,010,010_0037,5,4
22629,010,010_0037,6,4
22630,010,010_0037,7,4
22631,010,010_0037,8,4
22632,010,010_0038,1,3
22633,010,010_0038,2,3
22634,010,010_0038,3,3
22635,010,010_0038,4,3
22636,010,010_0038,5,3
22637,010,010_0038,6,3
22638,010,010_0038,7,3
22639,010,010_0038,8,3
22640,010,010_0039,1,2
22641,010,010_0039,2,2
22642,010,010_0039,3,2
22643,010,010_0039,4,2
22644,010,010_0039,5,2
22645,010,010_0039,6,2
22646,010,010_0039,7,2
22647,010,010_0039,8,2
22648,010,010_0040,1,1
22649,010,010_0040,2,1
22650,010,010_0040,3,1
22651,010,010_0040,4,1
22652,010,010_0040,5,1
22653,010,010_0040,6,1
22654,010,010_0040,7,1
22655,010,010_0040,8,1
22656,010,010_0041,1,5
22657,010,010_0041,2,5
22658,010,010_0041,3,5
22659,010,010_0041,4,5
22660,010,010_0041,5,5
22661,010,010_0041,6,5
22662,010,010_0041,7,5
22663,010,010_0041,8,5
22664,010,010_0042,1,4
22665,010,010_0042,2,4
22666,010,010_0042,3,4
22667,010,010_0042,4,4
22668,010,010_0042,5,4
22669,010,010_0042,6,4
22670,010,010_0042,7,4
22671,010,010_0042,8,4
22672,010,010_0043,1,3
22673,010,010_0043,2,3
22674,010,010_0043,3,3
22675,010,010_0043,4,3
22676,010,010_0043,5,3
22677,010,010_0043,6,3
22678,010,010_0043,7,3
22679,010,010_0043,8,3
22680,010,010_0044,1,2
22681,010,010_0044,2,2
22682,010,010_0044,3,2
22683,010,010_0044,4,2
22684,010,010_0044,5,2
22685,010,010_0044,6,2
22686,010,010_0044,7,2
22687,010,010_0044,8,2
22688,010,010_0045,1,1
22689,010,010_0045,2,1
22690,010,010_0045,3,1
22691,010,010_0045,4,1
22692,010,010_0045,5,1
22693,010,010_0045,6,1
22694,010,010_0045,7,1
22695,010,010_0045,8,1
22696,010,010_0046,1,5
22697,010,010_0046,2,5
22698,010,010_0046,3,5
22699,010,010_0046,4,5
22700,010,010_0046,5,5
22701,010,010_0046,6,5
22702,010,010_0046,7,5
22703,010,010_0046,8,5
22704,010,010_0047,1,4
22705,010,010_0047,2,4
22706,010,010_0047,3,4
22707,010,010_0047,4,4
22708,010,010_0047,5,4
22709,010,010_0047,6,4
22710,010,010_0047,7,4
22711,010,010_0047,8,4
22712,010,010_0048,1,3
22713,010,010_0048,2,3
22714,010,010_0048,3,3
22715,010,010_0048,4,3
22716,010,010_0048,5,3
22717,010,010_0048,6,3
22718,010,010_0048,7,3
22719,010,010_0048,8,3
22720,010,010_0049,1,2
22721,010,010_0049,2,2
22722,010,010_0049,3,2
22723,010,010_0049,4,2
22724,010,010_0049,5,2
22725,010,010_0049,6,2
22726,010,010_0049,7,2
22727,010,010_0049,8,2
22728,010,010_0050,1,1
22729,010,010_0050,2,1
22730,010,010_0050,3,1
22731,010,010_0050,4,1
22732,010,010_0050,5,1
22733,010,010_0050,6,1
22734,010,010_0050,7,1
22735,010,010_0050,8,1
22736,010,010_0051,1,5
22737,010,010_0051,2,5
22738,010,010_0051,3,5
22739,010,010_0051,4,5
22740,010,010_0051,5,5
22741,010,010_0051,6,5
22742,010,010_0051,7,5
22743,010,010_0051,8,5
22744,010,010_0052,1,4
22745,010,010_0052,2,4
22746,010,010_0052,3,4
22747,010,010_0052,4,4
22748,010,010_0052,5,4
22749,010,010_0052,6,4
22750,010,010_0052,7,4
22751,010,010_0052,8,4
22752,010,010_0053,1,3
22753,010,010_0053,2,3
22754,010,010_0053,3,3
22755,010,010_0053,4,3
22756,010,010_0053,5,3
22757,010,010_0053,6,3
22758,010,010_0053,7,3
22759,010,010_0053,8,3
22760,010,010_0054,1,2
22761,010,010_0054,2,2
22762,010,010_0054,3,2
22763,010,010_0054,4,2
22764,010,010_0054,5,2
22765,010,010_0054,6,2
22766,010,010_0054,7,2
22767,010,010_0054,8,2
22768,010,010_0055,1,1
22769,010,010_0055,2,1
22770,010,010_0055,3,1
22771,010,010_0055,4,1
22772,010,010_0055,5,1
22773,010,010_0055,6,1
22774,010,010_0055,7,1
22775,010,010_0055,8,1
22776,010,010_0056,1,5
22777,010,010_0056,2,5
22778,010,010_0056,3,5
22779,010,010_0056,4,5
22780,010,010_0056,5,5
22781,010,010_0056,6,5
22782,010,010_0056,7,5
22783,010,010_0056,8,5
22784,010,010_0057,1,4
22785,010,010_0057,2,4
22786,010,010_0057,3,4
22787,010,010_0057,4,4
22788,010,010_0057,5,4
22789,010,010_0057,6,4
22790,010,010_0057,7,4
22791,010,010_0057,8,4
22792,010,010_0058,1,3
22793,010,010_0058,2,3
22794,010,010_0058,3,3
22795,010,010_0058,4,3
22796,010,010_0058,5,3
22797,010,010_0058,6,3
22798,010,010_0058,7,3
22799,010,010_0058,8,3
22800,010,010_0059,1,2
22801,010,010_0059,2,2
22802,010,010_0059,3,2
22803,010,010_0059,4,2
22804,010,010_0059,5,2
22805,010,010_0059,6,2
22806,010,010_0059,7,2
22807,010,010_0059,8,2
22808,010,010_0060,1,1
22809,010,010_0060,2,1
22810,010,010_0060,3,1
22811,010,010_0060,4,1
22812,010,010_0060,5,1
22813,010,010_0060,6,1
22814,010,010_0060,7,1
22815,010,010_0060,8,1
22816,010,010_0061,1,5
22817,010,010_0061,2,5
22818,010,010_0061,3,5
22819,010,010_0061,4,5
22820,010,010_0061,5,5
22821,010,010_0061,6,5
22822,010,010_0061,7,5
22823,010,010_0061,8,5
22824,010,010_0062,1,4
22825,010,010_0062,2,4
22826,010,010_0062,3,4
22827,010,010_0062,4,4
22828,010,010_0062,5,4
22829,010,010_0062,6,4
22830,010,010_0062,7,4
22831,010,010_0062,8,4
22832,010,010_0063,1,3
22833,010,010_0063,2,3
22834,010,010_0063,3,3
22835,010,010_0063,4,3
22836,010,010_0063,5,3
22837,010,010_0063,6,3
22838,010,010_0063,7,3
22839,010,010_0063,8,3
22840,010,010_0064,1,2
22841,010,010_0064,2,2
22842,010,010_0064,3,2
22843,010,010_0064,4,2
22844,010,010_0064,5,2
22845,010,010_0064,6,2
22846,010,010_0064,7,2
22847,010,010_0064,8,2
22848,010,010_0065,1,1
22849,010,010_0065,2,1
22850,010,010_0065,3,1
22851,010,010_0065,4,1
22852,010,010_0065,5,1
22853,010,010_0065,6,1
22854,010,010_0065,7,1
22855,010,010_0065,8,1
22856,010,010_0066,1,5
22857,010,010_0066,2,5
22858,010,010_0066,3,5
22859,010,010_0066,4,5
22860,010,010_0066,5,5
22861,010,010_0066,6,5
22862,010,010_0066,7,5
22863,010,010_0066,8,5
22864,010,010_0067,1,4
22865,010,010_0067,2,4
22866,010,010_0067,3,4
22867,010,010_0067,4,4
22868,010,010_0067,5,4
22869,010,010_0067,6,4
22870,010,010_0067,7,4
22871,010,010_0067,8,4
22872,010,010_0068,1,3
22873,010,010_0068,2,3
22874,010,010_0068,3,3
22875,010,010_0068,4,3
22876,010,010_0068,5,3
22877,010,010_0068,6,3
22878,010,010_0068,7,3
22879,010,010_0068,8,3
22880,010,010_0069,1,2
22881,010,010_0069,2,2
22882,010,010_0069,3,2
22883,010,010_0069,4,2
22884,010,010_0069,5,2
22885,010,010_0069,6,2
22886,010,010_0069,7,2
22887,010,010_0069,8,2
22888,010,010_0070,1,1
22889,010,010_0070,2,1
22890,010,010_0070,3,1
22891,010,010_0070,4,1
22892,010,010_0070,5,1
22893,010,010_0070,6,1
22894,010,010_0070,7,1
22895,010,010_0070,8,1
22896,010,010_0071,1,5
22897,010,010_0071,2,5
22898,010,010_0071,3,5
22899,010,010_0071,4,5
22900,010,010_0071,5,5
22901,010,010_0071,6,5
22902,010,010_0071,7,5
22903,010,010_0071,8,5
22904,010,010_0072,1,4
22905,010,010_0072,2,4
22906,010,010_0072,3,4
22907,010,010_0072,4,4
22908,010,010_0072,5,4
22909,010,010_0072,6,4
22910,010,010_0072,7,4
22911,010,010_0072,8,4
22912,010,010_0073,1,3
22913,010,010_0073,2,3
22914,010,010_0073,3,3
22915,010,010_0073,4,3
22916,010,010_0073,5,3
22917,010,010_0073,6,3
22918,010,010_0073,7,3
22919,010,010_0073,8,3
22920,010,010_0074,1,2
22921,010,010_0074,2,2
22922,010,010_0074,3,2
22923,010,010_0074,4,2
22924,010,010_0074,5,2
22925,010,010_0074,6,2
22926,010,010_0074,7,2
22927,010,010_0074,8,2
22928,010,010_0075,1,1
22929,010,010_0075,2,1
22930,010,010_0075,3,1
22931,010,010_0075,4,1
22932,010,010_0075,5,1
22933,010,010_0075,6,1
22934,010,010_0075,7,1
22935,010,010_0075,8,1
22936,010,010_0076,1,5
22937,010,010_0076,2,5
22938,010,010_0076,3,5
22939,010,010_0076,4,5
22940,010,010_0076,5,5
22941,010,010_0076,6,5
22942,010,010_0076,7,5
22943,010,010_0076,8,5
22944,010,010_0077,1,4
22945,010,010_0077,2,4
22946,010,010_0077,3,4
22947,010,010_0077,4,4
22948,010,010_0077,5,4
22949,010,010_0077,6,4
22950,010,010_0077,7,4
22951,010,010_0077,8,4
22952,010,010_0078,1,3
22953,010,010_0078,2,3
22954,010,010_0078,3,3
22955,010,010_0078,4,3
22956,010,010_0078,5,3
22957,010,010_0078,6,3
22958,010,010_0078,7,3
22959,010,010_0078,8,3
22960,010,010_0079,1,2
22961,010,010_0079,2,2
22962,010,010_0079,3,2
22963,010,010_0079,4,2
22964,010,010_0079,5,2
22965,010,010_0079,6,2
22966,010,010_0079,7,2
22967,010,010_0079,8,2
22968,010,010_0080,1,1
22969,010,010_0080,2,1
22970,010,010_0080,3,1
22971,010,010_0080,4,1
22972,010,010_0080,5,1
22973,010,010_0080,6,1
22974,010,010_0080,7,1
22975,010,010_0080,8,1
22976,010,010_0081,1,5
22977,010,010_0081,2,5
22978,010,010_0081,3,5
22979,010,010_0081,4,5
22980,010,010_0081,5,5
22981,010,010_0081,6,5
22982,010,010_0081,7,5
22983,010,010_0081,8,5
22984,010,010_0082,1,4
22985,010,010_0082,2,4
22986,010,010_0082,3,4
22987,010,010_0082,4,4
22988,010,010_0082,5,4
22989,010,010_0082,6,4
22990,010,010_0082,7,4
22991,010,010_0082,8,4
22992,010,010_0083,1,3
22993,010,010_0083,2,3
22994,010,010_0083,3,3
22995,010,010_0083,4,3
22996,010,010_0083,5,3
22997,010,010_0083,6,3
22998,010,010_0083,7,3
22999,010,010_0083,8,3
23000,010,010_0084,1,2
23001,010,010_0084,2,2
23002,010,010_0084,3,2
23003,010,010_0084,4,2
23004,010,010_0084,5,2
23005,010,010_0084,6,2
23006,010,010_0084,7,2
23007,010,010_0084,8,2
23008,010,010_0085,1,1
23009,010,010_0085,2,1
23010,010,010_0085,3,1
23011,010,010_0085,4,1
23012,010,010_0085,5,1
23013,010,010_0085,6,1
23014,010,010_0085,7,1
23015,010,010_0085,8,1
23016,010,010_0086,1,5
23017,010,010_0086,2,5
23018,010,010_0086,3,5
23019,010,010_0086,4,5
23020,010,010_0086,5,5
23021,010,010_0086,6,5
23022,010,010_0086,7,5
23023,010,010_0086,8,5
23024,010,010_0087,1,4
23025,010,010_0087,2,4
23026,010,010_0087,3,4
23027,010,010_0087,4,4
23028,010,010_0087,5,4
23029,010,010_0087,6,4
23030,010,010_0087,7,4
23031,010,010_0087,8,4
23032,010,010_0088,1,3
23033,010,010_0088,2,3
23034,010,010_0088,3,3
23035,010,010_0088,4,3
23036,010,010_0088,5,3
23037,010,010_0088,6,3
23038,010,010_0088,7,3
23039,010,010_0088,8,3
23040,010,010_0089,1,2
23041,010,010_0089,2,2
23042,010,010_0089,3,2
23043,010,010_0089,4,2
23044,010,010_0089,5,2
23045,010,010_0089,6,2
23046,010,010_0089,7,2
23047,010,010_0089,8,2
23048,010,010_0090,1,1
23049,010,010_0090,2,1
23050,010,010_0090,3,1
23051,010,010_0090,4,1
23052,010,010_0090,5,1
23053,010,010_0090,6,1
23054,010,010_0090,7,1
23055,010,010_0090,8,1
23056,010,010_0091,1,5
23057,010,010_0091,2,5
23058,010,010_0091,3,5
23059,010,010_0091,4,5
23060,010,010_0091,5,5
23061,010,010_0091,6,5
23062,010,010_0091,7,5
23063,010,010_0091,8,5
23064,010,010_0092,1,4
23065,010,010_0092,2,4
23066,010,010_0092,3,4
23067,010,010_0092,4,4
23068,010,010_0092,5,4
23069,010,010_0092,6,4
23070,010,010_0092,7,4
23071,010,010_0092,8,4
23072,010,010_0093,1,3
23073,010,010_0093,2,3
23074,010,010_0093,3,3
23075,010,010_0093,4,3
23076,010,010_0093,5,3
23077,010,010_0093,6,3
23078,010,010_0093,7,3
23079,010,010_0093,8,3
23080,010,010_0094,1,2
23081,010,010_0094,2,2
23082,010,010_0094,3,2
23083,010,010_0094,4,2
23084,010,010_0094,5,2
23085,010,010_0094,6,2
23086,010,010_0094,7,2
23087,010,010_0094,8,2
23088,010,010_0095,1,1
23089,010,010_0095,2,1
23090,010,010_0095,3,1
23091,010,010_0095,4,1
23092,010,010_0095,5,1
23093,010,010_0095,6,1
23094,010,010_0095,7,1
23095,010,010_0095,8,1
23096,010,010_0096,1,5
23097,010,010_0096,2,5
23098,010,010_0096,3,5
23099,010,010_0096,4,5
23100,010,010_0096,5,5
23101,010,010_0096,6,5
23102,010,010_0096,7,5
23103,010,010_0096,8,5
23104,010,010_0097,1,4
23105,010,010_0097,2,4
23106,010,010_0097,3,4
23107,010,010_0097,4,4
23108,010,010_0097,5,4
23109,010,010_0097,6,4
23110,010,010_0097,7,4
23111,010,010_0097,8,4
23112,010,010_0098,1,3
23113,010,010_0098,2,3
23114,010,010_0098,3,3
23115,010,010_0098,4,3
23116,010,010_0098,5,3
23117,010,010_0098,6,3
23118,010,010_0098,7,3
23119,010,010_0098,8,3
23120,010,010_0099,1,2
23121,010,010_0099,2,2
23122,010,010_0099,3,2
23123,010,010_0099,4,2
23124,010,010_0099,5,2
23125,010,010_0099,6,2
23126,010,010_0099,7,2
23127,010,010_0099,8,2
23128,010,010_0100,1,1
23129,010,010_0100,2,1
23130,010,010_0100,3,1
23131,010,010_0100,4,1
23132,010,010_0100,5,1
23133,010,010_0100,6,1
23134,010,010_0100,7,1
23135,010,010_0100,8,1
23136,010,010_0101,1,5
23137,010,010_0101,2,5
23138,010,010_0101,3,5
23139,010,010_0101,4,5
23140,010,010_0101,5,5
23141,010,010_0101,6,5
23142,010,010_0101,7,5
23143,010,010_0101,8,5
23144,010,010_0102,1,4
23145,010,010_0102,2,4
23146,010,010_0102,3,4
23147,010,010_0102,4,4
23148,010,010_0102,5,4
23149,010,010_0102,6,4
23150,010,010_0102,7,4
23151,010,010_0102,8,4
23152,010,010_0103,1,3
23153,010,010_0103,2,3
23154,010,010_0103,3,3
23155,010,010_0103,4,3
23156,010,010_0103,5,3
23157,010,010_0103,6,3
23158,010,010_0103,7,3
23159,010,010_0103,8,3
23160,010,010_0104,1,2
23161,010,010_0104,2,2
23162,010,010_0104,3,2
23163,010,010_0104,4,2
23164,010,010_0104,5,2
23165,010,010_0104,6,2
23166,010,010_0104,7,2
23167,010,010_0104,8,2
23168,010,010_0105,1,1
23169,010,010_0105,2,1
23170,010,010_0105,3,1
23171,010,010_0105,4,1
23172,010,010_0105,5,1
23173,010,010_0105,6,1
23174,010,010_0105,7,1
23175,010,010_0105,8,1
23176,010,010_0106,1,5
23177,010,010_0106,2,5
23178,010,010_0106,3,5
23179,010,010_0106,4,5
23180,010,010_0106,5,5
23181,010,010_0106,6,5
23182,010,010_0106,7,5
23183,010,010_0106,8,5
23184,010,010_0107,1,4
23185,010,010_0107,2,4
23186,010,010_0107,3,4
23187,010,010_0107,4,4
23188,010,010_0107,5,4
23189,010,010_0107,6,4
23190,010,010_0107,7,4
23191,010,010_0107,8,4
23192,010,010_0108,1,3
23193,010,010_0108,2,3
23194,010,010_0108,3,3
23195,010,010_0108,4,3
23196,010,010_0108,5,3
23197,010,010_0108,6,3
23198,010,010_0108,7,3
23199,010,010_0108,8,3
23200,010,010_0109,1,2
23201,010,010_0109,2,2
23202,010,010_0109,3,2
23203,010,010_0109,4,2
23204,010,010_0109,5,2
23205,010,010_0109,6,2
23206,010,010_0109,7,2
23207,010,010_0109,8,2
23208,010,010_0110,1,1
23209,010,010_0110,2,1
23210,010,010_0110,3,1
23211,010,010_0110,4,1
23212,010,010_0110,5,1
23213,010,010_0110,6,1
23214,010,010_0110,7,1
23215,010,010_0110,8,1
23216,010,010_0111,1,5
23217,010,010_0111,2,5
23218,010,010_0111,3,5
23219,010,010_0111,4,5
23220,010,010_0111,5,5
23221,010,010_0111,6,5
23222,010,010_0111,7,5
23223,010,010_0111,8,5
23224,010,010_0112,1,4
23225,010,010_0112,2,4
23226,010,010_0112,3,4
23227,010,010_0112,4,4
23228,010,010_0112,5,4
23229,010,010_0112,6,4
23230,010,010_0112,7,4
23231,010,010_0112,8,4
23232,010,010_0113,1,3
23233,010,010_0113,2,3
23234,010,010_0113,3,3
23235,010,010_0113,4,3
23236,010,010_0113,5,3
23237,010,010_0113,6,3
23238,010,010_0113,7,3
23239,010,010_0113,8,3
23240,010,010_0114,1,2
23241,010,010_0114,2,2
23242,010,010_0114,3,2
23243,010,010_0114,4,2
23244,010,010_0114,5,2
23245,010,010_0114,6,2
23246,010,010_0114,7,2
23247,010,010_0114,8,2
23248,010,010_0115,1,1
23249,010,010_0115,2,1
23250,010,010_0115,3,1
23251,010,010_0115,4,1
23252,010,010_0115,5,1
23253,010,010_0115,6,1
23254,010,010_0115,7,1
23255,010,010_0115,8,1
23256,010,010_0116,1,5
23257,010,010_0116,2,5
23258,010,010_0116,3,5
23259,010,010_0116,4,5
23260,010,010_0116,5,5
23261,010,010_0116,6,5
23262,010,010_0116,7,5
23263,010,010_0116,8,5
23264,010,010_0117,1,4
23265,010,010_0117,2,4
23266,010,010_0117,3,4
23267,010,010_0117,4,4
23268,010,010_0117,5,4
23269,010,010_0117,6,4
23270,010,010_0117,7,4
23271,010,010_0117,8,4
23272,010,010_0118,1,3
23273,010,010_0118,2,3
23274,010,010_0118,3,3
23275,010,010_0118,4,3
23276,010,010_0118,5,3
23277,010,010_0118,6,3
23278,010,010_0118,7,3
23279,010,010_0118,8,3
23280,010,010_0119,1,2
23281,010,010_0119,2,2
23282,010,010_0119,3,2
23283,010,010_0119,4,2
23284,010,010_0119,5,2
23285,010,010_0119,6,2
23286,010,010_0119,7,2
23287,010,010_0119,8,2
23288,010,010_0120,1,1
23289,010,010_0120,2,1
23290,010,010_0120,3,1
23291,010,010_0120,4,1
23292,010,010_0120,5,1
23293,010,010_0120,6,1
23294,010,010_0120,7,1
23295,010,010_0120,8,1
23296,010,010_0121,1,5
23297,010,010_0121,2,5
23298,010,010_0121,3,5
23299,010,010_0121,4,5
23300,010,010_0121,5,5
23301,010,010_0121,6,5
23302,010,010_0121,7,5
23303,010,010_0121,8,5
23304,010,010_0122,1,4
23305,010,010_0122,2,4
23306,010,010_0122,3,4
23307,010,010_0122,4,4
23308,010,010_0122,5,4
23309,010,010_0122,6,4
23310,010,010_0122,7,4
23311,010,010_0122,8,4
23312,010,010_0123,1,3
23313,010,010_0123,2,3
23314,010,010_0123,3,3
23315,010,010_0123,4,3
23316,010,010_0123,5,3
23317,010,010_0123,6,3
23318,010,010_0123,7,3
23319,010,010_0123,8,3
23320,010,010_0124,1,2
23321,010,010_0124,2,2
23322,010,010_0124,3,2
23323,010,010_0124,4,2
23324,010,010_0124,5,2
23325,010,010_0124,6,2
23326,010,010_0124,7,2
23327,010,010_0124,8,2
23328,010,010_0125,1,1
23329,010,010_0125,2,1
23330,010,010_0125,3,1
23331,010,010_0125,4,1
23332,010,010_0125,5,1
23333,010,010_0125,6,1
23334,010,010_0125,7,1
23335,010,010_0125,8,1
23336,010,010_0126,1,5
23337,010,010_0126,2,5
23338,010,010_0126,3,5
23339,010,010_0126,4,5
23340,010,010_0126,5,5
23341,010,010_0126,6,5
23342,010,010_0126,7,5
23343,010,010_0126,8,5
23344,010,010_0127,1,4
23345,010,010_0127,2,4
23346,010,010_0127,3,4
23347,010,010_0127,4,4
23348,010,010_0127,5,4
23349,010,010_0127,6,4
23350,010,010_0127,7,4
23351,010,010_0127,8,4
23352,010,010_0128,1,3
23353,010,010_0128,2,3
23354,010,010_0128,3,3
23355,010,010_0128,4,3
23356,010,010_0128,5,3
23357,010,010_0128,6,3
23358,010,010_0128,7,3
23359,010,010_0128,8,3
23360,010,010_0129,1,2
23361,010,010_0129,2,2
23362,010,010_0129,3,2
23363,010,010_0129,4,2
23364,010,010_0129,5,2
23365,010,010_0129,6,2
23366,010,010_0129,7,2
23367,010,010_0129,8,2
23368,010,010_0130,1,1
23369,010,010_0130,2,1
23370,010,010_0130,3,1
23371,010,010_0130,4,1
23372,010,010_0130,5,1
23373,010,010_0130,6,1
23374,010,010_0130,7,1
23375,010,010_0130,8,1
23376,010,010_0131,1,5
23377,010,010_0131,2,5
23378,010,010_0131,3,5
23379,010,010_0131,4,5
23380,010,010_0131,5,5
23381,010,010_0131,6,5
23382,010,010_0131,7,5
23383,010,010_0131,8,5
23384,010,010_0132,1,4
23385,010,010_0132,2,4
23386,010,010_0132,3,4
23387,010,010_0132,4,4
23388,010,010_0132,5,4
23389,010,010_0132,6,4
23390,010,010_0132,7,4
23391,010,010_0132,8,4
23392,010,010_0133,1,3
23393,010,010_0133,2,3
23394,010,010_0133,3,3
23395,010,010_0133,4,3
23396,010,010_0133,5,3
23397,010,010_0133,6,3
23398,010,010_0133,7,3
23399,010,010_0133,8,3
23400,010,010_0134,1,2
23401,010,010_0134,2,2
23402,010,010_0134,3,2
23403,010,010_0134,4,2
23404,010,010_0134,5,2
23405,010,010_0134,6,2
23406,010,010_0134,7,2
23407,010,010_0134,8,2
23408,010,010_0135,1,1
23409,010,010_0135,2,1
23410,010,010_0135,3,1
23411,010,010_0135,4,1
23412,010,010_0135,5,1
23413,010,010_0135,6,1
23414,010,010_0135,7,1
23415,010,010_0135,8,1
23416,010,010_0136,1,5
23417,010,010_0136,2,5
23418,010,010_0136,3,5
23419,010,010_0136,4,5
23420,010,010_0136,5,5
23421,010,010_0136,6,5
23422,010,010_0136,7,5
23423,010,010_0136,8,5
23424,010,010_0137,1,4
23425,010,010_0137,2,4
23426,010,010_0137,3,4
23427,010,010_0137,4,4
23428,010,010_0137,5,4
23429,010,010_0137,6,4
23430,010,010_0137,7,4
23431,010,010_0137,8,4
23432,010,010_0138,1,3
23433,010,010_0138,2,3
23434,010,010_0138,3,3
23435,010,010_0138,4,3
23436,010,010_0138,5,3
23437,010,010_0138,6,3
23438,010,010_0138,7,3
23439,010,010_0138,8,3
23440,010,010_0139,1,2
23441,010,010_0139,2,2
23442,010,010_0139,3,2
23443,010,010_0139,4,2
23444,010,010_0139,5,2
23445,010,010_0139,6,2
23446,010,010_0139,7,2
23447,010,010_0139,8,2
23448,010,010_0140,1,1
23449,010,010_0140,2,1
23450,010,010_0140,3,1
23451,010,010_0140,4,1
23452,010,010_0140,5,1
23453,010,010_0140,6,1
23454,010,010_0140,7,1
23455,010,010_0140,8,1
23456,010,010_0141,1,5
23457,010,010_0141,2,5
23458,010,010_0141,3,5
23459,010,010_0141,4,5
23460,010,010_0141,5,5
23461,010,010_0141,6,5
23462,010,010_0141,7,5
23463,010,010_0141,8,5
23464,010,010_0142,1,4
23465,010,010_0142,2,4
23466,010,010_0142,3,4
23467,010,010_0142,4,4
23468,010,010_0142,5,4
23469,010,010_0142,6,4
23470,010,010_0142,7,4
23471,010,010_0142,8,4
23472,010,010_0143,1,3
23473,010,010_0143,2,3
23474,010,010_0143,3,3
23475,010,010_0143,4,3
23476,010,010_0143,5,3
23477,010,010_0143,6,3
23478,010,010_0143,7,3
23479,010,010_0143,8,3
23480,010,010_0144,1,2
23481,010,010_0144,2,2
23482,010,010_0144,3,2
23483,010,010_0144,4,2
23484,010,010_0144,5,2
23485,010,010_0144,6,2
23486,010,010_0144,7,2
23487,010,010_0144,8,2
23488,010,010_0145,1,1
23489,010,010_0145,2,1
23490,010,010_0145,3,1
23491,010,010_0145,4,1
23492,010,010_0145,5,1
23493,010,010_0145,6,1
23494,010,010_0145,7,1
23495,010,010_0145,8,1
23496,010,010_0146,1,5
23497,010,010_0146,2,5
23498,010,010_0146,3,5
23499,010,010_0146,4,5
23500,010,010_0146,5,5
23501,010,010_0146,6,5
23502,010,010_0146,7,5
23503,010,010_0146,8,5
23504,010,010_0147,1,4
23505,010,010_0147,2,4
23506,010,010_0147,3,4
23507,010,010_0147,4,4
23508,010,010_0147,5,4
23509,010,010_0147,6,4
23510,010,010_0147,7,4
23511,010,010_0147,8,4
23512,010,010_0148,1,3
23513,010,010_0148,2,3
23514,010,010_0148,3,3
23515,010,010_0148,4,3
23516,010,010_0148,5,3
23517,010,010_0148,6,3
23518,010,010_0148,7,3
23519,010,010_0148,8,3
23520,010,010_0149,1,2
23521,010,010_0149,2,2
23522,010,010_0149,3,2
23523,010,010_0149,4,2
23524,010,010_0149,5,2
23525,010,010_0149,6,2
23526,010,010_0149,7,2
23527,010,010_0149,8,2
23528,010,010_0150,1,1
23529,010,010_0150,2,1
23530,010,010_0150,3,1
23531,010,010_0150,4,1
23532,010,010_0150,5,1
23533,010,010_0150,6,1
23534,010,010_0150,7,1
23535,010,010_0150,8,1
23536,010,010_0151,1,5
23537,010,010_0151,2,5
23538,010,010_0151,3,5
23539,010,010_0151,4,5
23540,010,010_0151,5,5
23541,010,010_0151,6,5
23542,010,010_0151,7,5
23543,010,010_0151,8,5
23544,010,010_0152,1,4
23545,010,010_0152,2,4
23546,010,010_0152,3,4
23547,010,010_0152,4,4
23548,010,010_0152,5,4
23549,010,010_0152,6,4
23550,010,010_0152,7,4
23551,010,010_0152,8,4
23552,010,010_0153,1,3
23553,010,010_0153,2,3
23554,010,010_0153,3,3
23555,010,010_0153,4,3
23556,010,010_0153,5,3
23557,010,010_0153,6,3
23558,010,010_0153,7,3
23559,010,010_0153,8,3
23560,010,010_0154,1,2
23561,010,010_0154,2,2
23562,010,010_0154,3,2
23563,010,010_0154,4,2
23564,010,010_0154,5,2
23565,010,010_0154,6,2
23566,010,010_0154,7,2
23567,010,010_0154,8,2
23568,010,010_0155,1,1
23569,010,010_0155,2,1
23570,010,010_0155,3,1
23571,010,010_0155,4,1
23572,010,010_0155,5,1
23573,010,010_0155,6,1
23574,010,010_0155,7,1
23575,010,010_0155,8,1
23576,010,010_0156,1,5
23577,010,010_0156,2,5
23578,010,010_0156,3,5
23579,010,010_0156,4,5
23580,010,010_0156,5,5
23581,010,010_0156,6,5
23582,010,010_0156,7,5
23583,010,010_0156,8,5
23584,010,010_0157,1,4
23585,010,010_0157,2,4
23586,010,010_0157,3,4
23587,010,010_0157,4,4
23588,010,010_0157,5,4
23589,010,010_0157,6,4
23590,010,010_0157,7,4
23591,010,010_0157,8,4
23592,010,010_0158,1,3
23593,010,010_0158,2,3
23594,010,010_0158,3,3
23595,010,010_0158,4,3
23596,010,010_0158,5,3
23597,010,010_0158,6,3
23598,010,010_0158,7,3
23599,010,010_0158,8,3
23600,010,010_0159,1,2
23601,010,010_0159,2,2
23602,010,010_0159,3,2
23603,010,010_0159,4,2
23604,010,010_0159,5,2
23605,010,010_0159,6,2
23606,010,010_0159,7,2
23607,010,010_0159,8,2
23608,010,010_0160,1,1
23609,010,010_0160,2,1
23610,010,010_0160,3,1
23611,010,010_0160,4,1
23612,010,010_0160,5,1
23613,010,010_0160,6,1
23614,010,010_0160,7,1
23615,010,010_0160,8,1
23616,010,010_0161,1,5
23617,010,010_0161,2,5
23618,010,010_0161,3,5
23619,010,010_0161,4,5
23620,010,010_0161,5,5
23621,010,010_0161,6,5
23622,010,010_0161,7,5
23623,010,010_0161,8,5
23624,010,010_0162,1,4
23625,010,010_0162,2,4
23626,010,010_0162,3,4
23627,010,010_0162,4,4
23628,010,010_0162,5,4
23629,010,010_0162,6,4
23630,010,010_0162,7,4
23631,010,010_0162,8,4
23632,010,010_0163,1,3
23633,010,010_0163,2,3
23634,010,010_0163,3,3
23635,010,010_0163,4,3
23636,010,010_0163,5,3
23637,010,010_0163,6,3
23638,010,010_0163,7,3
23639,010,010_0163,8,3
23640,010,010_0164,1,2
23641,010,010_0164,2,2
23642,010,010_0164,3,2
23643,010,010_0164,4,2
23644,010,010_0164,5,2
23645,010,010_0164,6,2
23646,010,010_0164,7,2
23647,010,010_0164,8,2
23648,010,010_0165,1,1
23649,010,010_0165,2,1
23650,010,010_0165,3,1
23651,010,010_0165,4,1
23652,010,010_0165,5,1
23653,010,010_0165,6,1
23654,010,010_0165,7,1
23655,010,010_0165,8,1
23656,010,010_0166,1,5
23657,010,010_0166,2,5
23658,010,010_0166,3,5
23659,010,010_0166,4,5
23660,010,010_0166,5,5
23661,010,010_0166,6,5
23662,010,010_0166,7,5
23663,010,010_0166,8,5
23664,010,010_0167,1,4
23665,010,010_0167,2,4
23666,010,010_0167,3,4
23667,010,010_0167,4,4
23668,010,010_0167,5,4
23669,010,010_0167,6,4
23670,010,010_0167,7,4
23671,010,010_0167,8,4
23672,010,010_0168,1,3
23673,010,010_0168,2,3
23674,010,010_0168,3,3
23675,010,010_0168,4,3
23676,010,010_0168,5,3
23677,010,010_0168,6,3
23678,010,010_0168,7,3
23679,010,010_0168,8,3
23680,010,010_0169,1,2
23681,010,010_0169,2,2
23682,010,010_0169,3,2
23683,010,010_0169,4,2
23684,010,010_0169,5,2
23685,010,010_0169,6,2
23686,010,010_0169,7,2
23687,010,010_0169,8,2
23688,010,010_0170,1,1
23689,010,010_0170,2,1
23690,010,010_0170,3,1
23691,010,010_0170,4,1
23692,010,010_0170,5,1
23693,010,010_0170,6,1
23694,010,010_0170,7,1
23695,010,010_0170,8,1
23696,010,010_0171,1,5
23697,010,010_0171,2,5
23698,010,010_0171,3,5
23699,010,010_0171,4,5
23700,010,010_0171,5,5
23701,010,010_0171,6,5
23702,010,010_0171,7,5
23703,010,010_0171,8,5
23704,010,010_0172,1,4
23705,010,010_0172,2,4
23706,010,010_0172,3,4
23707,010,010_0172,4,4
23708,010,010_0172,5,4
23709,010,010_0172,6,4
23710,010,010_0172,7,4
23711,010,010_0172,8,4
23712,010,010_0173,1,3
23713,010,010_0173,2,3
23714,010,010_0173,3,3
23715,010,010_0173,4,3
23716,010,010_0173,5,3
23717,010,010_0173,6,3
23718,010,010_0173,7,3
23719,010,010_0173,8,3
23720,010,010_0174,1,2
23721,010,010_0174,2,2
23722,010,010_0174,3,2
23723,010,010_0174,4,2
23724,010,010_0174,5,2
23725,010,010_0174,6,2
23726,010,010_0174,7,2
23727,010,010_0174,8,2
23728,010,010_0175,1,1
23729,010,010_0175,2,1
23730,010,010_0175,3,1
23731,010,010_0175,4,1
23732,010,010_0175,5,1
23733,010,010_0175,6,1
23734,010,010_0175,7,1
23735,010,010_0175,8,1
23736,010,010_0176,1,5
23737,010,010_0176,2,5
23738,010,010_0176,3,5
23739,010,010_0176,4,5
23740,010,010_0176,5,5
23741,010,010_0176,6,5
23742,010,010_0176,7,5
23743,010,010_0176,8,5
23744,010,010_0177,1,4
23745,010,010_0177,2,4
23746,010,010_0177,3,4
23747,010,010_0177,4,4
23748,010,010_0177,5,4
23749,010,010_0177,6,4
23750,010,010_0177,7,4
23751,010,010_0177,8,4
23752,010,010_0178,1,3
23753,010,010_0178,2,3
23754,010,010_0178,3,3
23755,010,010_0178,4,3
23756,010,010_0178,5,3
23757,010,010_0178,6,3
23758,010,010_0178,7,3
23759,010,010_0178,8,3
23760,010,010_0179,1,2
23761,010,010_0179,2,2
23762,010,010_0179,3,2
23763,010,010_0179,4,2
23764,010,010_0179,5,2
23765,010,010_0179,6,2
23766,010,010_0179,7,2
23767,010,010_0179,8,2
23768,010,010_0180,1,1
23769,010,010_0180,2,1
23770,010,010_0180,3,1
23771,010,010_0180,4,1
23772,010,010_0180,5,1
23773,010,010_0180,6,1
23774,010,010_0180,7,1
23775,010,010_0180,8,1
23776,010,010_0181,1,5
23777,010,010_0181,2,5
23778,010,010_0181,3,5
23779,010,010_0181,4,5
23780,010,010_0181,5,5
23781,010,010_0181,6,5
23782,010,010_0181,7,5
23783,010,010_0181,8,5
23784,010,010_0182,1,4
23785,010,010_0182,2,4
23786,010,010_0182,3,4
23787,010,010_0182,4,4
23788,010,010_0182,5,4
23789,010,010_0182,6,4
23790,010,010_0182,7,4
23791,010,010_0182,8,4
23792,010,010_0183,1,3
23793,010,010_0183,2,3
23794,010,010_0183,3,3
23795,010,010_0183,4,3
23796,010,010_0183,5,3
23797,010,010_0183,6,3
23798,010,010_0183,7,3
23799,010,010_0183,8,3
23800,010,010_0184,1,2
23801,010,010_0184,2,2
23802,010,010_0184,3,2
23803,010,010_0184,4,2
23804,010,010_0184,5,2
23805,010,010_0184,6,2
23806,010,010_0184,7,2
23807,010,010_0184,8,2
23808,010,010_0185,1,1
23809,010,010_0185,2,1
23810,010,010_0185,3,1
23811,010,010_0185,4,1
23812,010,010_0185,5,1
23813,010,010_0185,6,1
23814,010,010_0185,7,1
23815,010,010_0185,8,1
23816,010,010_0186,1,5
23817,010,010_0186,2,5
23818,010,010_0186,3,5
23819,010,010_0186,4,5
23820,010,010_0186,5,5
23821,010,010_0186,6,5
23822,010,010_0186,7,5
23823,010,010_0186,8,5
23824,010,010_0187,1,4
23825,010,010_0187,2,4
23826,010,010_0187,3,4
23827,010,010_0187,4,4
23828,010,010_0187,5,4
23829,010,010_0187,6,4
23830,010,010_0187,7,4
23831,010,010_0187,8,4
23832,010,010_0188,1,3
23833,010,010_0188,2,3
23834,010,010_0188,3,3
23835,010,010_0188,4,3
23836,010,010_0188,5,3
23837,010,010_0188,6,3
23838,010,010_0188,7,3
23839,010,010_0188,8,3
23840,010,010_0189,1,2
23841,010,010_0189,2,2
23842,010,010_0189,3,2
23843,010,010_0189,4,2
23844,010,010_0189,5,2
23845,010,010_0189,6,2
23846,010,010_0189,7,2
23847,010,010_0189,8,2
23848,010,010_0190,1,1
23849,010,010_0190,2,1
23850,010,010_0190,3,1
23851,010,010_0190,4,1
23852,010,010_0190,5,1
23853,010,010_0190,6,1
23854,010,010_0190,7,1
23855,010,010_0190,8,1
23856,010,010_0191,1,5
23857,010,010_0191,2,5
23858,010,010_0191,3,5
23859,010,010_0191,4,5
23860,010,010_0191,5,5
23861,010,010_0191,6,5
23862,010,010_0191,7,5
23863,010,010_0191,8,5
23864,010,010_0192,1,4
23865,010,010_0192,2,4
23866,010,010_0192,3,4
23867,010,010_0192,4,4
23868,010,010_0192,5,4
23869,010,010_0192,6,4
23870,010,010_0192,7,4
23871,010,010_0192,8,4
23872,010,010_0193,1,3
23873,010,010_0193,2,3
23874,010,010_0193,3,3
23875,010,010_0193,4,3
23876,010,010_0193,5,3
23877,010,010_0193,6,3
23878,010,010_0193,7,3
23879,010,010_0193,8,3
23880,010,010_0194,1,2
23881,010,010_0194,2,2
23882,010,010_0194,3,2
23883,010,010_0194,4,2
23884,010,010_0194,5,2
23885,010,010_0194,6,2
23886,010,010_0194,7,2
23887,010,010_0194,8,2
23888,010,010_0195,1,1
23889,010,010_0195,2,1
23890,010,010_0195,3,1
23891,010,010_0195,4,1
23892,010,010_0195,5,1
23893,010,010_0195,6,1
23894,010,010_0195,7,1
23895,010,010_0195,8,1
23896,010,010_0196,1,5
23897,010,010_0196,2,5
23898,010,010_0196,3,5
23899,010,010_0196,4,5
23900,010,010_0196,5,5
23901,010,010_0196,6,5
23902,010,010_0196,7,5
23903,010,010_0196,8,5
23904,010,010_0197,1,4
23905,010,010_0197,2,4
23906,010,010_0197,3,4
23907,010,010_0197,4,4
23908,010,010_0197,5,4
23909,010,010_0197,6,4
23910,010,010_0197,7,4
23911,010,010_0197,8,4
23912,010,010_0198,1,3
23913,010,010_0198,2,3
23914,010,010_0198,3,3
23915,010,010_0198,4,3
23916,010,010_0198,5,3
23917,010,010_0198,6,3
23918,010,010_0198,7,3
23919,010,010_0198,8,3
23920,010,010_0199,1,2
23921,010,010_0199,2,2
23922,010,010_0199,3,2
23923,010,010_0199,4,2
23924,010,010_0199,5,2
23925,010,010_0199,6,2
23926,010,010_0199,7,2
23927,010,010_0199,8,2
23928,010,010_0200,1,1
23929,010,010_0200,2,1
23930,010,010_0200,3,1
23931,010,010_0200,4,1
23932,010,010_0200,5,1
23933,010,010_0200,6,1
23934,010,010_0200,7,1
23935,010,010_0200,8,1
23936,010,010_0201,1,5
23937,010,010_0201,2,5
23938,010,010_0201,3,5
23939,010,010_0201,4,5
23940,010,010_0201,5,5
23941,010,010_0201,6,5
23942,010,010_0201,7,5
23943,010,010_0201,8,5
23944,010,010_0202,1,4
23945,010,010_0202,2,4
23946,010,010_0202,3,4
23947,010,010_0202,4,4
23948,010,010_0202,5,4
23949,010,010_0202,6,4
23950,010,010_0202,7,4
23951,010,010_0202,8,4
23952,010,010_0203,1,3
23953,010,010_0203,2,3
23954,010,010_0203,3,3
23955,010,010_0203,4,3
23956,010,010_0203,5,3
23957,010,010_0203,6,3
23958,010,010_0203,7,3
23959,010,010_0203,8,3
23960,010,010_0204,1,2
23961,010,010_0204,2,2
23962,010,010_0204,3,2
23963,010,010_0204,4,2
23964,010,010_0204,5,2
23965,010,010_0204,6,2
23966,010,010_0204,7,2
23967,010,010_0204,8,2
23968,010,010_0205,1,1
23969,010,010_0205,2,1
23970,010,010_0205,3,1
23971,010,010_0205,4,1
23972,010,010_0205,5,1
23973,010,010_0205,6,1
23974,010,010_0205,7,1
23975,010,010_0205,8,1
23976,010,010_0206,1,5
23977,010,010_0206,2,5
23978,010,010_0206,3,5
23979,010,010_0206,4,5
23980,010,010_0206,5,5
23981,010,010_0206,6,5
23982,010,010_0206,7,5
23983,010,010_0206,8,5
23984,010,010_0207,1,4
23985,010,010_0207,2,4
23986,010,010_0207,3,4
23987,010,010_0207,4,4
23988,010,010_0207,5,4
23989,010,010_0207,6,4
23990,010,010_0207,7,4
23991,010,010_0207,8,4
23992,010,010_0208,1,3
23993,010,010_0208,2,3
23994,010,010_0208,3,3
23995,010,010_0208,4,3
23996,010,010_0208,5,3
23997,010,010_0208,6,3
23998,010,010_0208,7,3
23999,010,010_0208,8,3
24000,010,010_0209,1,2
24001,010,010_0209,2,2
24002,010,010_0209,3,2
24003,010,010_0209,4,2
24004,010,010_0209,5,2
24005,010,010_0209,6,2
24006,010,010_0209,7,2
24007,010,010_0209,8,2
24008,010,010_0210,1,1
24009,010,010_0210,2,1
24010,010,010_0210,3,1
24011,010,010_0210,4,1
24012,010,010_0210,5,1
24013,010,010_0210,6,1
24014,010,010_0210,7,1
24015,010,010_0210,8,1
24016,010,010_0211,1,5
24017,010,010_0211,2,5
24018,010,010_0211,3,5
24019,010,010_0211,4,5
24020,010,010_0211,5,5
24021,010,010_0211,6,5
24022,010,010_0211,7,5
24023,010,010_0211,8,5
24024,010,010_0212,1,4
24025,010,010_0212,2,4
24026,010,010_0212,3,4
24027,010,010_0212,4,4
24028,010,010_0212,5,4
24029,010,010_0212,6,4
24030,010,010_0212,7,4
24031,010,010_0212,8,4
24032,010,010_0213,1,3
24033,010,010_0213,2,3
24034,010,010_0213,3,3
24035,010,010_0213,4,3
24036,010,010_0213,5,3
24037,010,010_0213,6,3
24038,010,010_0213,7,3
24039,010,010_0213,8,3
24040,010,010_0214,1,2
24041,010,010_0214,2,2
24042,010,010_0214,3,2
24043,010,010_0214,4,2
24044,010,010_0214,5,2
24045,010,010_0214,6,2
24046,010,010_0214,7,2
24047,010,010_0214,8,2
24048,010,010_0215,1,1
24049,010,010_0215,2,1
24050,010,010_0215,3,1
24051,010,010_0215,4,1
24052,010,010_0215,5,1
24053,010,010_0215,6,1
24054,010,010_0215,7,1
24055,010,010_0215,8,1
24056,010,010_0216,1,5
24057,010,010_0216,2,5
24058,010,010_0216,3,5
24059,010,010_0216,4,5
24060,010,010_0216,5,5
24061,010,010_0216,6,5
24062,010,010_0216,7,5
24063,010,010_0216,8,5
24064,010,010_0217,1,4
24065,010,010_0217,2,4
24066,010,010_0217,3,4
24067,010,010_0217,4,4
24068,010,010_0217,5,4
24069,010,010_0217,6,4
24070,010,010_0217,7,4
24071,010,010_0217,8,4
24072,010,010_0218,1,3
24073,010,010_0218,2,3
24074,010,010_0218,3,3
24075,010,010_0218,4,3
24076,010,010_0218,5,3
24077,010,010_0218,6,3
24078,010,010_0218,7,3
24079,010,010_0218,8,3
24080,010,010_0219,1,2
24081,010,010_0219,2,2
24082,010,010_0219,3,2
24083,010,010_0219,4,2
24084,010,010_0219,5,2
24085,010,010_0219,6,2
24086,010,010_0219,7,2
24087,010,010_0219,8,2
24088,010,010_0220,1,1
24089,010,010_0220,2,1
24090,010,010_0220,3,1
24091,010,010_0220,4,1
24092,010,010_0220,5,1
24093,010,010_0220,6,1
24094,010,010_0220,7,1
24095,010,010_0220,8,1
24096,010,010_0221,1,5
24097,010,010_0221,2,5
24098,010,010_0221,3,5
24099,010,010_0221,4,5
24100,010,010_0221,5,5
24101,010,010_0221,6,5
24102,010,010_0221,7,5
24103,010,010_0221,8,5
24104,010,010_0222,1,4
24105,010,010_0222,2,4
24106,010,010_0222,3,4
24107,010,010_0222,4,4
24108,010,010_0222,5,4
24109,010,010_0222,6,4
24110,010,010_0222,7,4
24111,010,010_0222,8,4
24112,010,010_0223,1,3
24113,010,010_0223,2,3
24114,010,010_0223,3,3
24115,010,010_0223,4,3
24116,010,010_0223,5,3
24117,010,010_0223,6,3
24118,010,010_0223,7,3
24119,010,010_0223,8,3
24120,010,010_0224,1,2
24121,010,010_0224,2,2
24122,010,010_0224,3,2
24123,010,010_0224,4,2
24124,010,010_0224,5,2
24125,010,010_0224,6,2
24126,010,010_0224,7,2
24127,010,010_0224,8,2
24128,010,010_0225,1,1
24129,010,010_0225,2,1
24130,010,010_0225,3,1
24131,010,010_0225,4,1
24132,010,010_0225,5,1
24133,010,010_0225,6,1
24134,010,010_0225,7,1
24135,010,010_0225,8,1
24136,010,010_0226,1,5
24137,010,010_0226,2,5
24138,010,010_0226,3,5
24139,010,010_0226,4,5
24140,010,010_0226,5,5
24141,010,010_0226,6,5
24142,010,010_0226,7,5
24143,010,010_0226,8,5
24144,010,010_0227,1,4
24145,010,010_0227,2,4
24146,010,010_0227,3,4
24147,010,010_0227,4,4
24148,010,010_0227,5,4
24149,010,010_0227,6,4
24150,010,010_0227,7,4
24151,010,010_0227,8,4
24152,010,010_0228,1,3
24153,010,010_0228,2,3
24154,010,010_0228,3,3
24155,010,010_0228,4,3
24156,010,010_0228,5,3
24157,010,010_0228,6,3
24158,010,010_0228,7,3
24159,010,010_0228,8,3
24160,010,010_0229,1,2
24161,010,010_0229,2,2
24162,010,010_0229,3,2
24163,010,010_0229,4,2
24164,010,010_0229,5,2
24165,010,010_0229,6,2
24166,010,010_0229,7,2
24167,010,010_0229,8,2
24168,010,010_0230,1,1
24169,010,010_0230,2,1
24170,010,010_0230,3,1
24171,010,010_0230,4,1
24172,010,010_0230,5,1
24173,010,010_0230,6,1
24174,010,010_0230,7,1
24175,010,010_0230,8,1
24176,010,010_0231,1,5
24177,010,010_0231,2,5
24178,010,010_0231,3,5
24179,010,010_0231,4,5
24180,010,010_0231,5,5
24181,010,010_0231,6,5
24182,010,010_0231,7,5
24183,010,010_0231,8,5
24184,010,010_0232,1,4
24185,010,010_0232,2,4
24186,010,010_0232,3,4
24187,010,010_0232,4,4
24188,010,010_0232,5,4
24189,010,010_0232,6,4
24190,010,010_0232,7,4
24191,010,010_0232,8,4
24192,010,010_0233,1,3
24193,010,010_0233,2,3
24194,010,010_0233,3,3
24195,010,010_0233,4,3
24196,010,010_0233,5,3
24197,010,010_0233,6,3
24198,010,010_0233,7,3
24199,010,010_0233,8,3
24200,010,010_0234,1,2
24201,010,010_0234,2,2
24202,010,010_0234,3,2
24203,010,010_0234,4,2
24204,010,010_0234,5,2
24205,010,010_0234,6,2
24206,010,010_0234,7,2
24207,010,010_0234,8,2
24208,010,010_0235,1,1
24209,010,010_0235,2,1
24210,010,010_0235,3,1
24211,010,010_0235,4,1
24212,010,010_0235,5,1
24213,010,010_0235,6,1
24214,010,010_0235,7,1
24215,010,010_0235,8,1
24216,010,010_0236,1,5
24217,010,010_0236,2,5
24218,010,010_0236,3,5
24219,010,010_0236,4,5
24220,010,010_0236,5,5
24221,010,010_0236,6,5
24222,010,010_0236,7,5
24223,010,010_0236,8,5
24224,010,010_0237,1,4
24225,010,010_0237,2,4
24226,010,010_0237,3,4
24227,010,010_0237,4,4
24228,010,010_0237,5,4
24229,010,010_0237,6,4
24230,010,010_0237,7,4
24231,010,010_0237,8,4
24232,010,010_0238,1,3
24233,010,010_0238,2,3
24234,010,010_0238,3,3
24235,010,010_0238,4,3
24236,010,010_0238,5,3
24237,010,010_0238,6,3
24238,010,010_0238,7,3
24239,010,010_0238,8,3
24240,010,010_0239,1,2
24241,010,010_0239,2,2
24242,010,010_0239,3,2
24243,010,010_0239,4,2
24244,010,010_0239,5,2
24245,010,010_0239,6,2
24246,010,010_0239,7,2
24247,010,010_0239,8,2
24248,010,010_0240,1,1
24249,010,010_0240,2,1
24250,010,010_0240,3,1
24251,010,010_0240,4,1
24252,010,010_0240,5,1
24253,010,010_0240,6,1
24254,010,010_0240,7,1
24255,010,010_0240,8,1
24256,010,010_0241,1,5
24257,010,010_0241,2,5
24258,010,010_0241,3,5
24259,010,010_0241,4,5
24260,010,010_0241,5,5
24261,010,010_0241,6,5
24262,010,010_0241,7,5
24263,010,010_0241,8,5
24264,010,010_0242,1,4
24265,010,010_0242,2,4
24266,010,010_0242,3,4
24267,010,010_0242,4,4
24268,010,010_0242,5,4
24269,010,010_0242,6,4
24270,010,010_0242,7,4
24271,010,010_0242,8,4
24272,010,010_0243,1,3
24273,010,010_0243,2,3
24274,010,010_0243,3,3
24275,010,010_0243,4,3
24276,010,010_0243,5,3
24277,010,010_0243,6,3
24278,010,010_0243,7,3
24279,010,010_0243,8,3
24280,010,010_0244,1,2
24281,010,010_0244,2,2
24282,010,010_0244,3,2
24283,010,010_0244,4,2
24284,010,010_0244,5,2
24285,010,010_0244,6,2
24286,010,010_0244,7,2
24287,010,010_0244,8,2
24288,010,010_0245,1,1
24289,010,010_0245,2,1
24290,010,010_0245,3,1
24291,010,010_0245,4,1
24292,010,010_0245,5,1
24293,010,010_0245,6,1
24294,010,010_0245,7,1
24295,010,010_0245,8,1
24296,010,010_0246,1,5
24297,010,010_0246,2,5
24298,010,010_0246,3,5
24299,010,010_0246,4,5
24300,010,010_0246,5,5
24301,010,010_0246,6,5
24302,010,010_0246,7,5
24303,010,010_0246,8,5
24304,010,010_0247,1,4
24305,010,010_0247,2,4
24306,010,010_0247,3,4
24307,010,010_0247,4,4
24308,010,010_0247,5,4
24309,010,010_0247,6,4
24310,010,010_0247,7,4
24311,010,010_0247,8,4
24312,010,010_0248,1,3
24313,010,010_0248,2,3
24314,010,010_0248,3,3
24315,010,010_0248,4,3
24316,010,010_0248,5,3
24317,010,010_0248,6,3
24318,010,010_0248,7,3
24319,010,010_0248,8,3
24320,010,010_0249,1,2
24321,010,010_0249,2,2
24322,010,010_0249,3,2
24323,010,010_0249,4,2
24324,010,010_0249,5,2
24325,010,010_0249,6,2
24326,010,010_0249,7,2
24327,010,010_0249,8,2
24328,010,010_0250,1,1
24329,010,010_0250,2,1
24330,010,010_0250,3,1
24331,010,010_0250,4,1
24332,010,010_0250,5,1
24333,010,010_0250,6,1
24334,010,010_0250,7,1
24335,010,010_0250,8,1
24336,010,010_0251,1,5
24337,010,010_0251,2,5
24338,010,010_0251,3,5
24339,010,010_0251,4,5
24340,010,010_0251,5,5
24341,010,010_0251,6,5
24342,010,010_0251,7,5
24343,010,010_0251,8,5
24344,010,010_0252,1,4
24345,010,010_0252,2,4
24346,010,010_0252,3,4
24347,010,010_0252,4,4
24348,010,010_0252,5,4
24349,010,010_0252,6,4
24350,010,010_0252,7,4
24351,010,010_0252,8,4
24352,010,010_0253,1,3
24353,010,010_0253,2,3
24354,010,010_0253,3,3
24355,010,010_0253,4,3
24356,010,010_0253,5,3
24357,010,010_0253,6,3
24358,010,010_0253,7,3
24359,010,010_0253,8,3
24360,010,010_0254,1,2
24361,010,010_0254,2,2
24362,010,010_0254,3,2
24363,010,010_0254,4,2
24364,010,010_0254,5,2
24365,010,010_0254,6,2
24366,010,010_0254,7,2
24367,010,010_0254,8,2
24368,010,010_0255,1,1
24369,010,010_0255,2,1
24370,010,010_0255,3,1
24371,010,010_0255,4,1
24372,010,010_0255,5,1
24373,010,010_0255,6,1
24374,010,010_0255,7,1
24375,010,010_0255,8,1
24376,010,010_0256,1,5
24377,010,010_0256,2,5
24378,010,010_0256,3,5
24379,010,010_0256,4,5
24380,010,010_0256,5,5
24381,010,010_0256,6,5
24382,010,010_0256,7,5
24383,010,010_0256,8,5
24384,010,010_0257,1,4
24385,010,010_0257,2,4
24386,010,010_0257,3,4
24387,010,010_0257,4,4
24388,010,010_0257,5,4
24389,010,010_0257,6,4
24390,010,010_0257,7,4
24391,010,010_0257,8,4
24392,010,010_0258,1,3
24393,010,010_0258,2,3
24394,010,010_0258,3,3
24395,010,010_0258,4,3
24396,010,010_0258,5,3
24397,010,010_0258,6,3
24398,010,010_0258,7,3
24399,010,010_0258,8,3
24400,010,010_0259,1,2
24401,010,010_0259,2,2
24402,010,010_0259,3,2
24403,010,010_0259,4,2
24404,010,010_0259,5,2
24405,010,010_0259,6,2
24406,010,010_0259,7,2
24407,010,010_0259,8,2
24408,010,010_0260,1,1
24409,010,010_0260,2,1
24410,010,010_0260,3,1
24411,010,010_0260,4,1
24412,010,010_0260,5,1
24413,010,010_0260,6,1
24414,010,010_0260,7,1
24415,010,010_0260,8,1
24416,010,010_0261,1,5
24417,010,010_0261,2,5
24418,010,010_0261,3,5
24419,010,010_0261,4,5
24420,010,010_0261,5,5
24421,010,010_0261,6,5
24422,010,010_0261,7,5
24423,010,010_0261,8,5
24424,010,010_0262,1,4
24425,010,010_0262,2,4
24426,010,010_0262,3,4
24427,010,010_0262,4,4
24428,010,010_0262,5,4
24429,010,010_0262,6,4
24430,010,010_0262,7,4
24431,010,010_0262,8,4
24432,010,010_0263,1,3
24433,010,010_0263,2,3
24434,010,010_0263,3,3
24435,010,010_0263,4,3
24436,010,010_0263,5,3
24437,010,010_0263,6,3
24438,010,010_0263,7,3
24439,010,010_0263,8,3
24440,010,010_0264,1,2
24441,010,010_0264,2,2
24442,010,010_0264,3,2
24443,010,010_0264,4,2
24444,010,010_0264,5,2
24445,010,010_0264,6,2
24446,010,010_0264,7,2
24447,010,010_0264,8,2
24448,010,010_0265,1,1
24449,010,010_0265,2,1
24450,010,010_0265,3,1
24451,010,010_0265,4,1
24452,010,010_0265,5,1
24453,010,010_0265,6,1
24454,010,010_0265,7,1
24455,010,010_0265,8,1
24456,010,010_0266,1,5
24457,010,010_0266,2,5
24458,010,010_0266,3,5
24459,010,010_0266,4,5
24460,010,010_0266,5,5
24461,010,010_0266,6,5
24462,010,010_0266,7,5
24463,010,010_0266,8,5
24464,010,010_0267,1,4
24465,010,010_0267,2,4
24466,010,010_0267,3,4
24467,010,010_0267,4,4
24468,010,010_0267,5,4
24469,010,010_0267,6,4
24470,010,010_0267,7,4
24471,010,010_0267,8,4
24472,010,010_0268,1,3
24473,010,010_0268,2,3
24474,010,010_0268,3,3
24475,010,010_0268,4,3
24476,010,010_0268,5,3
24477,010,010_0268,6,3
24478,010,010_0268,7,3
24479,010,010_0268,8,3
24480,010,010_0269,1,2
24481,010,010_0269,2,2
24482,010,010_0269,3,2
24483,010,010_0269,4,2
24484,010,010_0269,5,2
24485,010,010_0269,6,2
24486,010,010_0269,7,2
24487,010,010_0269,8,2
24488,010,010_0270,1,1
24489,010,010_0270,2,1
24490,010,010_0270,3,1
24491,010,010_0270,4,1
24492,010,010_0270,5,1
24493,010,010_0270,6,1
24494,010,010_0270,7,1
24495,010,010_0270,8,1
24496,010,010_0271,1,5
24497,010,010_0271,2,5
24498,010,010_0271,3,5
24499,010,010_0271,4,5
24500,010,010_0271,5,5
24501,010,010_0271,6,5
24502,010,010_0271,7,5
24503,010,010_0271,8,5
24504,010,010_0272,1,4
24505,010,010_0272,2,4
24506,010,010_0272,3,4
24507,010,010_0272,4,4
24508,010,010_0272,5,4
24509,010,010_0272,6,4
24510,010,010_0272,7,4
24511,010,010_0272,8,4
24512,010,010_0273,1,3
24513,010,010_0273,2,3
24514,010,010_0273,3,3
24515,010,010_0273,4,3
24516,010,010_0273,5,3
24517,010,010_0273,6,3
24518,010,010_0273,7,3
24519,010,010_0273,8,3
24520,010,010_0274,1,2
24521,010,010_0274,2,2
24522,010,010_0274,3,2
24523,010,010_0274,4,2
24524,010,010_0274,5,2
24525,010,010_0274,6,2
24526,010,010_0274,7,2
24527,010,010_0274,8,2
24528,010,010_0275,1,1
24529,010,010_0275,2,1
24530,010,010_0275,3,1
24531,010,010_0275,4,1
24532,010,010_0275,5,1
24533,010,010_0275,6,1
24534,010,010_0275,7,1
24535,010,010_0275,8,1
24536,010,010_0276,1,5
24537,010,010_0276,2,5
24538,010,010_0276,3,5
24539,010,010_0276,4,5
24540,010,010_0276,5,5
24541,010,010_0276,6,5
24542,010,010_0276,7,5
24543,010,010_0276,8,5
24544,010,010_0277,1,4
24545,010,010_0277,2,4
24546,010,010_0277,3,4
24547,010,010_0277,4,4
24548,010,010_0277,5,4
24549,010,010_0277,6,4
24550,010,010_0277,7,4
24551,010,010_0277,8,4
24552,010,010_0278,1,3
24553,010,010_0278,2,3
24554,010,010_0278,3,3
24555,010,010_0278,4,3
24556,010,010_0278,5,3
24557,010,010_0278,6,3
24558,010,010_0278,7,3
24559,010,010_0278,8,3
24560,010,010_0279,1,2
24561,010,010_0279,2,2
24562,010,010_0279,3,2
24563,010,010_0279,4,2
24564,010,010_0279,5,2
24565,010,010_0279,6,2
24566,010,010_0279,7,2
24567,010,010_0279,8,2
24568,010,010_0280,1,1
24569,010,010_0280,2,1
24570,010,010_0280,3,1
24571,010,010_0280,4,1
24572,010,010_0280,5,1
24573,010,010_0280,6,1
24574,010,010_0280,7,1
24575,010,010_0280,8,1
24576,010,010_0281,1,5
24577,010,010_0281,2,5
24578,010,010_0281,3,5
24579,010,010_0281,4,5
24580,010,010_0281,5,5
24581,010,010_0281,6,5
24582,010,010_0281,7,5
24583,010,010_0281,8,5
24584,010,010_0282,1,4
24585,010,010_0282,2,4
24586,010,010_0282,3,4
24587,010,010_0282,4,4
24588,010,010_0282,5,4
24589,010,010_0282,6,4
24590,010,010_0282,7,4
24591,010,010_0282,8,4
24592,010,010_0283,1,3
24593,010,010_0283,2,3
24594,010,010_0283,3,3
24595,010,010_0283,4,3
24596,010,010_0283,5,3
24597,010,010_0283,6,3
24598,010,010_0283,7,3
24599,010,010_0283,8,3
24600,010,010_0284,1,2
24601,010,010_0284,2,2
24602,010,010_0284,3,2
24603,010,010_0284,4,2
24604,010,010_0284,5,2
24605,010,010_0284,6,2
24606,010,010_0284,7,2
24607,010,010_0284,8,2
24608,010,010_0285,1,1
24609,010,010_0285,2,1
24610,010,010_0285,3,1
24611,010,010_0285,4,1
24612,010,010_0285,5,1
24613,010,010_0285,6,1
24614,010,010_0285,7,1
24615,010,010_0285,8,1
24616,010,010_0286,1,5
24617,010,010_0286,2,5
24618,010,010_0286,3,5
24619,010,010_0286,4,5
24620,010,010_0286,5,5
24621,010,010_0286,6,5
24622,010,010_0286,7,5
24623,010,010_0286,8,5
24624,010,010_0287,1,4
24625,010,010_0287,2,4
24626,010,010_0287,3,4
24627,010,010_0287,4,4
24628,010,010_0287,5,4
24629,010,010_0287,6,4
24630,010,010_0287,7,4
24631,010,010_0287,8,4
24632,010,010_0288,1,3
24633,010,010_0288,2,3
24634,010,010_0288,3,3
24635,010,010_0288,4,3
24636,010,010_0288,5,3
24637,010,010_0288,6,3
24638,010,010_0288,7,3
24639,010,010_0288,8,3
24640,010,010_0289,1,2
24641,010,010_0289,2,2
24642,010,010_0289,3,2
24643,010,010_0289,4,2
24644,010,010_0289,5,2
24645,010,010_0289,6,2
24646,010,010_0289,7,2
24647,010,010_0289,8,2
24648,010,010_0290,1,1
24649,010,010_0290,2,1
24650,010,010_0290,3,1
24651,010,010_0290,4,1
24652,010,010_0290,5,1
24653,010,010_0290,6,1
24654,010,010_0290,7,1
24655,010,010_0290,8,1
24656,010,010_0291,1,5
24657,010,010_0291,2,5
24658,010,010_0291,3,5
24659,010,010_0291,4,5
24660,010,010_0291,5,5
24661,010,010_0291,6,5
24662,010,010_0291,7,5
24663,010,010_0291,8,5
24664,010,010_0292,1,4
24665,010,010_0292,2,4
24666,010,010_0292,3,4
24667,010,010_0292,4,4
24668,010,010_0292,5,4
24669,010,010_0292,6,4
24670,010,010_0292,7,4
24671,010,010_0292,8,4
24672,010,010_0293,1,3
24673,010,010_0293,2,3
24674,010,010_0293,3,3
24675,010,010_0293,4,3
24676,010,010_0293,5,3
24677,010,010_0293,6,3
24678,010,010_0293,7,3
24679,010,010_0293,8,3
24680,010,010_0294,1,2
24681,010,010_0294,2,2
24682,010,010_0294,3,2
24683,010,010_0294,4,2
24684,010,010_0294,5,2
24685,010,010_0294,6,2
24686,010,010_0294,7,2
24687,010,010_0294,8,2
24688,010,010_0295,1,1
24689,010,010_0295,2,1
24690,010,010_0295,3,1
24691,010,010_0295,4,1
24692,010,010_0295,5,1
24693,010,010_0295,6,1
24694,010,010_0295,7,1
24695,010,010_0295,8,1
24696,010,010_0296,1,5
24697,010,010_0296,2,5
24698,010,010_0296,3,5
24699,010,010_0296,4,5
24700,010,010_0296,5,5
24701,010,010_0296,6,5
24702,010,010_0296,7,5
24703,010,010_0296,8,5
24704,010,010_0297,1,4
24705,010,010_0297,2,4
24706,010,010_0297,3,4
24707,010,010_0297,4,4
24708,010,010_0297,5,4
24709,010,010_0297,6,4
24710,010,010_0297,7,4
24711,010,010_0297,8,4
24712,010,010_0298,1,3
24713,010,010_0298,2,3
24714,010,010_0298,3,3
24715,010,010_0298,4,3
24716,010,010_0298,5,3
24717,010,010_0298,6,3
24718,010,010_0298,7,3
24719,010,010_0298,8,3
24720,010,010_0299,1,2
24721,010,010_0299,2,2
24722,010,010_0299,3,2
24723,010,010_0299,4,2
24724,010,010_0299,5,2
24725,010,010_0299,6,2
24726,010,010_0299,7,2
24727,010,010_0299,8,2
24728,010,010_0300,1,1
24729,010,010_0300,2,1
24730,010,010_0300,3,1
24731,010,010_0300,4,1
24732,010,010_0300,5,1
24733,010,010_0300,6,1
24734,010,010_0300,7,1
24735,010,010_0300,8,1
24736,010,010_0301,1,5
24737,010,010_0301,2,5
24738,010,010_0301,3,5
24739,010,010_0301,4,5
24740,010,010_0301,5,5
24741,010,010_0301,6,5
24742,010,010_0301,7,5
24743,010,010_0301,8,5
24744,010,010_0302,1,4
24745,010,010_0302,2,4
24746,010,010_0302,3,4
24747,010,010_0302,4,4
24748,010,010_0302,5,4
24749,010,010_0302,6,4
24750,010,010_0302,7,4
24751,010,010_0302,8,4
24752,010,010_0303,1,3
24753,010,010_0303,2,3
24754,010,010_0303,3,3
24755,010,010_0303,4,3
24756,010,010_0303,5,3
24757,010,010_0303,6,3
24758,010,010_0303,7,3
24759,010,010_0303,8,3
24760,010,010_0304,1,2
24761,010,010_0304,2,2
24762,010,010_0304,3,2
24763,010,010_0304,4,2
24764,010,010_0304,5,2
24765,010,010_0304,6,2
24766,010,010_0304,7,2
24767,010,010_0304,8,2
24768,010,010_0305,1,1
24769,010,010_0305,2,1
24770,010,010_0305,3,1
24771,010,010_0305,4,1
24772,010,010_0305,5,1
24773,010,010_0305,6,1
24774,010,010_0305,7,1
24775,010,010_0305,8,1
24776,010,010_0306,1,5
24777,010,010_0306,2,5
24778,010,010_0306,3,5
24779,010,010_0306,4,5
24780,010,010_0306,5,5
24781,010,010_0306,6,5
24782,010,010_0306,7,5
24783,010,010_0306,8,5
24784,010,010_0307,1,4
24785,010,010_0307,2,4
24786,010,010_0307,3,4
24787,010,010_0307,4,4
24788,010,010_0307,5,4
24789,010,010_0307,6,4
24790,010,010_0307,7,4
24791,010,010_0307,8,4
24792,010,010_0308,1,3
24793,010,010_0308,2,3
24794,010,010_0308,3,3
24795,010,010_0308,4,3
24796,010,010_0308,5,3
24797,010,010_0308,6,3
24798,010,010_0308,7,3
24799,010,010_0308,8,3
24800,010,010_0309,1,2
24801,010,010_0309,2,2
24802,010,010_0309,3,2
24803,010,010_0309,4,2
24804,010,010_0309,5,2
24805,010,010_0309,6,2
24806,010,010_0309,7,2
24807,010,010_0309,8,2
24808,010,010_0310,1,1
24809,010,010_0310,2,1
24810,010,010_0310,3,1
24811,010,010_0310,4,1
24812,010,010_0310,5,1
24813,010,010_0310,6,1
24814,010,010_0310,7,1
24815,010,010_0310,8,1
24816,010,010_0311,1,5
24817,010,010_0311,2,5
24818,010,010_0311,3,5
24819,010,010_0311,4,5
24820,010,010_0311,5,5
24821,010,010_0311,6,5
24822,010,010_0311,7,5
24823,010,010_0311,8,5
24824,011,011_0001,1,4
24825,011,011_0001,2,4
24826,011,011_0001,3,4
24827,011,011_0001,4,4
24828,011,011_0001,5,4
24829,011,011_0001,6,4
24830,011,011_0001,7,4
24831,011,011_0001,8,4
24832,011,011_0002,1,3
24833,011,011_0002,2,3
24834,011,011_0002,3,3
24835,011,011_0002,4,3
24836,011,011_0002,5,3
24837,011,011_0002,6,3
24838,011,011_0002,7,3
24839,011,011_0002,8,3
24840,011,011_0003,1,2
24841,011,011_0003,2,2
24842,011,011_0003,3,2
24843,011,011_0003,4,2
24844,011,011_0003,5,2
24845,011,011_0003,6,2
24846,011,011_0003,7,2
24847,011,011_0003,8,2
24848,011,011_0004,1,1
24849,011,011_0004,2,1
24850,011,011_0004,3,1
24851,011,011_0004,4,1
24852,011,011_0004,5,1
24853,011,011_0004,6,1
24854,011,011_0004,7,1
24855,011,011_0004,8,1
24856,011,011_0005,1,5
24857,011,011_0005,2,5
24858,011,011_0005,3,5
24859,011,011_0005,4,5
24860,011,011_0005,5,5
24861,011,011_0005,6,5
24862,011,011_0005,7,5
24863,011,011_0005,8,5
24864,011,011_0006,1,4
24865,011,011_0006,2,4
24866,011,011_0006,3,4
24867,011,011_0006,4,4
24868,011,011_0006,5,4
24869,011,011_0006,6,4
24870,011,011_0006,7,4
24871,011,011_0006,8,4
24872,011,011_0007,1,3
24873,011,011_0007,2,3
24874,011,011_0007,3,3
24875,011,011_0007,4,3
24876,011,011_0007,5,3
24877,011,011_0007,6,3
24878,011,011_0007,7,3
24879,011,011_0007,8,3
24880,011,011_0008,1,2
24881,011,011_0008,2,2
24882,011,011_0008,3,2
24883,011,011_0008,4,2
24884,011,011_0008,5,2
24885,011,011_0008,6,2
24886,011,011_0008,7,2
24887,011,011_0008,8,2
24888,011,011_0009,1,1
24889,011,011_0009,2,1
24890,011,011_0009,3,1
24891,011,011_0009,4,1
24892,011,011_0009,5,1
24893,011,011_0009,6,1
24894,011,011_0009,7,1
24895,011,011_0009,8,1
24896,011,011_0010,1,5
24897,011,011_0010,2,5
24898,011,011_0010,3,5
24899,011,011_0010,4,5
24900,011,011_0010,5,5
24901,011,011_0010,6,5
24902,011,011_0010,7,5
24903,011,011_0010,8,5
24904,011,011_0011,1,4
24905,011,011_0011,2,4
24906,011,011_0011,3,4
24907,011,011_0011,4,4
24908,011,011_0011,5,4
24909,011,011_0011,6,4
24910,011,011_0011,7,4
24911,011,011_0011,8,4
24912,011,011_0012,1,3
24913,011,011_0012,2,3
24914,011,011_0012,3,3
24915,011,011_0012,4,3
24916,011,011_0012,5,3
24917,011,011_0012,6,3
24918,011,011_0012,7,3
24919,011,011_0012,8,3
24920,011,011_0013,1,2
24921,011,011_0013,2,2
24922,011,011_0013,3,2
24923,011,011_0013,4,2
24924,011,011_0013,5,2
24925,011,011_0013,6,2
24926,011,011_0013,7,2
24927,011,011_0013,8,2
24928,011,011_0014,1,1
24929,011,011_0014,2,1
24930,011,011_0014,3,1
24931,011,011_0014,4,1
24932,011,011_0014,5,1
24933,011,011_0014,6,1
24934,011,011_0014,7,1
24935,011,011_0014,8,1
24936,011,011_0015,1,5
24937,011,011_0015,2,5
24938,011,011_0015,3,5
24939,011,011_0015,4,5
24940,011,011_0015,5,5
24941,011,011_0015,6,5
24942,011,011_0015,7,5
24943,011,011_0015,8,5
24944,011,011_0016,1,4
24945,011,011_0016,2,4
24946,011,011_0016,3,4
24947,011,011_0016,4,4
24948,011,011_0016,5,4
24949,011,011_0016,6,4
24950,011,011_0016,7,4
24951,011,011_0016,8,4
24952,011,011_0017,1,3
24953,011,011_0017,2,3
24954,011,011_0017,3,3
24955,011,011_0017,4,3
24956,011,011_0017,5,3
24957,011,011_0017,6,3
24958,011,011_0017,7,3
24959,011,011_0017,8,3
24960,011,011_0018,1,2
24961,011,011_0018,2,2
24962,011,011_0018,3,2
24963,011,011_0018,4,2
24964,011,011_0018,5,2
24965,011,011_0018,6,2
24966,011,011_0018,7,2
24967,011,011_0018,8,2
24968,011,011_0019,1,1
24969,011,011_0019,2,1
24970,011,011_0019,3,1
24971,011,011_0019,4,1
24972,011,011_0019,5,1
24973,011,011_0019,6,1
24974,011,011_0019,7,1
24975,011,011_0019,8,1
24976,011,011_0020,1,5
24977,011,011_0020,2,5
24978,011,011_0020,3,5
24979,011,011_0020,4,5
24980,011,011_0020,5,5
24981,011,011_0020,6,5
24982,011,011_0020,7,5
24983,011,011_0020,8,5
24984,011,011_0021,1,4
24985,011,011_0021,2,4
24986,011,011_0021,3,4
24987,011,011_0021,4,4
24988,011,011_0021,5,4
24989,011,011_0021,6,4
24990,011,011_0021,7,4
24991,011,011_0021,8,4
24992,011,011_0022,1,3
24993,011,011_0022,2,3
24994,011,011_0022,3,3
24995,011,011_0022,4,3
24996,011,011_0022,5,3
24997,011,011_0022,6,3
24998,011,011_0022,7,3
24999,011,011_0022,8,3
25000,011,011_0023,1,2
25001,011,011_0023,2,2
25002,011,011_0023,3,2
25003,011,011_0023,4,2
25004,011,011_0023,5,2
25005,011,011_0023,6,2
25006,011,011_0023,7,2
25007,011,011_0023,8,2
25008,011,011_0024,1,1
25009,011,011_0024,2,1
25010,011,011_0024,3,1
25011,011,011_0024,4,1
25012,011,011_0024,5,1
25013,011,011_0024,6,1
25014,011,011_0024,7,1
25015,011,011_0024,8,1
25016,011,011_0025,1,5
25017,011,011_0025,2,5
25018,011,011_0025,3,5
25019,011,011_0025,4,5
25020,011,011_0025,5,5
25021,011,011_0025,6,5
25022,011,011_0025,7,5
25023,011,011_0025,8,5
25024,011,011_0026,1,4
25025,011,011_0026,2,4
25026,011,011_0026,3,4
25027,011,011_0026,4,4
25028,011,011_0026,5,4
25029,011,011_0026,6,4
25030,011,011_0026,7,4
25031,011,011_0026,8,4
25032,011,011_0027,1,3
25033,011,011_0027,2,3
25034,011,011_0027,3,3
25035,011,011_0027,4,3
25036,011,011_0027,5,3
25037,011,011_0027,6,3
25038,011,011_0027,7,3
25039,011,011_0027,8,3
25040,011,011_0028,1,2
25041,011,011_0028,2,2
25042,011,011_0028,3,2
25043,011,011_0028,4,2
25044,011,011_0028,5,2
25045,011,011_0028,6,2
25046,011,011_0028,7,2
25047,011,011_0028,8,2
25048,011,011_0029,1,1
25049,011,011_0029,2,1
25050,011,011_0029,3,1
25051,011,011_0029,4,1
25052,011,011_0029,5,1
25053,011,011_0029,6,1
25054,011,011_0029,7,1
25055,011,011_0029,8,1
25056,011,011_0030,1,5
25057,011,011_0030,2,5
25058,011,011_0030,3,5
25059,011,011_0030,4,5
25060,011,011_0030,5,5
25061,011,011_0030,6,5
25062,011,011_0030,7,5
25063,011,011_0030,8,5
25064,011,011_0031,1,4
25065,011,011_0031,2,4
25066,011,011_0031,3,4
25067,011,011_0031,4,4
25068,011,011_0031,5,4
25069,011,011_0031,6,4
25070,011,011_0031,7,4
25071,011,011_0031,8,4
25072,011,011_0032,1,3
25073,011,011_0032,2,3
25074,011,011_0032,3,3
25075,011,011_0032,4,3
25076,011,011_0032,5,3
25077,011,011_0032,6,3
25078,011,011_0032,7,3
25079,011,011_0032,8,3
25080,011,011_0033,1,2
25081,011,011_0033,2,2
25082,011,011_0033,3,2
25083,011,011_0033,4,2
25084,011,011_0033,5,2
25085,011,011_0033,6,2
25086,011,011_0033,7,2
25087,011,011_0033,8,2
25088,011,011_0034,1,1
25089,011,011_0034,2,1
25090,011,011_0034,3,1
25091,011,011_0034,4,1
25092,011,011_0034,5,1
25093,011,011_0034,6,1
25094,011,011_0034,7,1
25095,011,011_0034,8,1
25096,011,011_0035,1,5
25097,011,011_0035,2,5
25098,011,011_0035,3,5
25099,011,011_0035,4,5
25100,011,011_0035,5,5
25101,011,011_0035,6,5
25102,011,011_0035,7,5
25103,011,011_0035,8,5
25104,011,011_0036,1,4
25105,011,011_0036,2,4
25106,011,011_0036,3,4
25107,011,011_0036,4,4
25108,011,011_0036,5,4
25109,011,011_0036,6,4
25110,011,011_0036,7,4
25111,011,011_0036,8,4
25112,011,011_0037,1,3
25113,011,011_0037,2,3
25114,011,011_0037,3,3
25115,011,011_0037,4,3
25116,011,011_0037,5,3
25117,011,011_0037,6,3
25118,011,011_0037,7,3
25119,011,011_0037,8,3
25120,011,011_0038,1,2
25121,011,011_0038,2,2
25122,011,011_0038,3,2
25123,011,011_0038,4,2
25124,011,011_0038,5,2
25125,011,011_0038,6,2
25126,011,011_0038,7,2
25127,011,011_0038,8,2
25128,011,011_0039,1,1
25129,011,011_0039,2,1
25130,011,011_0039,3,1
25131,011,011_0039,4,1
25132,011,011_0039,5,1
25133,011,011_0039,6,1
25134,011,011_0039,7,1
25135,011,011_0039,8,1
25136,011,011_0040,1,5
25137,011,011_0040,2,5
25138,011,011_0040,3,5
25139,011,011_0040,4,5
25140,011,011_0040,5,5
25141,011,011_0040,6,5
25142,011,011_0040,7,5
25143,011,011_0040,8,5
25144,011,011_0041,1,4
25145,011,011_0041,2,4
25146,011,011_0041,3,4
25147,011,011_0041,4,4
25148,011,011_0041,5,4
25149,011,011_0041,6,4
25150,011,011_0041,7,4
25151,011,011_0041,8,4
25152,011,011_0042,1,3
25153,011,011_0042,2,3
25154,011,011_0042,3,3
25155,011,011_0042,4,3
25156,011,011_0042,5,3
25157,011,011_0042,6,3
25158,011,011_0042,7,3
25159,011,011_0042,8,3
25160,011,011_0043,1,2
25161,011,011_0043,2,2
25162,011,011_0043,3,2
25163,011,011_0043,4,2
25164,011,011_0043,5,2
25165,011,011_0043,6,2
25166,011,011_0043,7,2
25167,011,011_0043,8,2
25168,011,011_0044,1,1
25169,011,011_0044,2,1
25170,011,011_0044,3,1
25171,011,011_0044,4,1
25172,011,011_0044,5,1
25173,011,011_0044,6,1
25174,011,011_0044,7,1
25175,011,011_0044,8,1
25176,011,011_0045,1,5
25177,011,011_0045,2,5
25178,011,011_0045,3,5
25179,011,011_0045,4,5
25180,011,011_0045,5,5
25181,011,011_0045,6,5
25182,011,011_0045,7,5
25183,011,011_0045,8,5
25184,011,011_0046,1,4
25185,011,011_0046,2,4
25186,011,011_0046,3,4
25187,011,011_0046,4,4
25188,011,011_0046,5,4
25189,011,011_0046,6,4
25190,011,011_0046,7,4
25191,011,011_0046,8,4
25192,011,011_0047,1,3
25193,011,011_0047,2,3
25194,011,011_0047,3,3
25195,011,011_0047,4,3
25196,011,011_0047,5,3
25197,011,011_0047,6,3
25198,011,011_0047,7,3
25199,011,011_0047,8,3
25200,011,011_0048,1,2
25201,011,011_0048,2,2
25202,011,011_0048,3,2
25203,011,011_0048,4,2
25204,011,011_0048,5,2
25205,011,011_0048,6,2
25206,011,011_0048,7,2
25207,011,011_0048,8,2
25208,011,011_0049,1,1
25209,011,011_0049,2,1
25210,011,011_0049,3,1
25211,011,011_0049,4,1
25212,011,011_0049,5,1
25213,011,011_0049,6,1
25214,011,011_0049,7,1
25215,011,011_0049,8,1
25216,011,011_0050,1,5
25217,011,011_0050,2,5
25218,011,011_0050,3,5
25219,011,011_0050,4,5
25220,011,011_0050,5,5
25221,011,011_0050,6,5
25222,011,011_0050,7,5
25223,011,011_0050,8,5
25224,011,011_0051,1,4
25225,011,011_0051,2,4
25226,011,011_0051,3,4
25227,011,011_0051,4,4
25228,011,011_0051,5,4
25229,011,011_0051,6,4
25230,011,011_0051,7,4
25231,011,011_0051,8,4
25232,011,011_0052,1,3
25233,011,011_0052,2,3
25234,011,011_0052,3,3
25235,011,011_0052,4,3
25236,011,011_0052,5,3
25237,011,011_0052,6,3
25238,011,011_0052,7,3
25239,011,011_0052,8,3
25240,011,011_0053,1,2
25241,011,011_0053,2,2
25242,011,011_0053,3,2
25243,011,011_0053,4,2
25244,011,011_0053,5,2
25245,011,011_0053,6,2
25246,011,011_0053,7,2
25247,011,011_0053,8,2
25248,011,011_0054,1,1
25249,011,011_0054,2,1
25250,011,011_0054,3,1
25251,011,011_0054,4,1
25252,011,011_0054,5,1
25253,011,011_0054,6,1
25254,011,011_0054,7,1
25255,011,011_0054,8,1
25256,011,011_0055,1,5
25257,011,011_0055,2,5
25258,011,011_0055,3,5
25259,011,011_0055,4,5
25260,011,011_0055,5,5
25261,011,011_0055,6,5
25262,011,011_0055,7,5
25263,011,011_0055,8,5
25264,011,011_0056,1,4
25265,011,011_0056,2,4
25266,011,011_0056,3,4
25267,011,011_0056,4,4
25268,011,011_0056,5,4
25269,011,011_0056,6,4
25270,011,011_0056,7,4
25271,011,011_0056,8,4
25272,011,011_0057,1,3
25273,011,011_0057,2,3
25274,011,011_0057,3,3
25275,011,011_0057,4,3
25276,011,011_0057,5,3
25277,011,011_0057,6,3
25278,011,011_0057,7,3
25279,011,011_0057,8,3
25280,011,011_0058,1,2
25281,011,011_0058,2,2
25282,011,011_0058,3,2
25283,011,011_0058,4,2
25284,011,011_0058,5,2
25285,011,011_0058,6,2
25286,011,011_0058,7,2
25287,011,011_0058,8,2
25288,011,011_0059,1,1
25289,011,011_0059,2,1
25290,011,011_0059,3,1
25291,011,011_0059,4,1
25292,011,011_0059,5,1
25293,011,011_0059,6,1
25294,011,011_0059,7,1
25295,011,011_0059,8,1
25296,011,011_0060,1,5
25297,011,011_0060,2,5
25298,011,011_0060,3,5
25299,011,011_0060,4,5
25300,011,011_0060,5,5
25301,011,011_0060,6,5
25302,011,011_0060,7,5
25303,011,011_0060,8,5
25304,011,011_0061,1,4
25305,011,011_0061,2,4
25306,011,011_0061,3,4
25307,011,011_0061,4,4
25308,011,011_0061,5,4
25309,011,011_0061,6,4
25310,011,011_0061,7,4
25311,011,011_0061,8,4
25312,011,011_0062,1,3
25313,011,011_0062,2,3
25314,011,011_0062,3,3
25315,011,011_0062,4,3
25316,011,011_0062,5,3
25317,011,011_0062,6,3
25318,011,011_0062,7,3
25319,011,011_0062,8,3
25320,011,011_0063,1,2
25321,011,011_0063,2,2
25322,011,011_0063,3,2
25323,011,011_0063,4,2
25324,011,011_0063,5,2
25325,011,011_0063,6,2
25326,011,011_0063,7,2
25327,011,011_0063,8,2
25328,011,011_0064,1,1
25329,011,011_0064,2,1
25330,011,011_0064,3,1
25331,011,011_0064,4,1
25332,011,011_0064,5,1
25333,011,011_0064,6,1
25334,011,011_0064,7,1
25335,011,011_0064,8,1
25336,011,011_0065,1,5
25337,011,011_0065,2,5
25338,011,011_0065,3,5
25339,011,011_0065,4,5
25340,011,011_0065,5,5
25341,011,011_0065,6,5
25342,011,011_0065,7,5
25343,011,011_0065,8,5
25344,011,011_0066,1,4
25345,011,011_0066,2,4
25346,011,011_0066,3,4
25347,011,011_0066,4,4
25348,011,011_0066,5,4
25349,011,011_0066,6,4
25350,011,011_0066,7,4
25351,011,011_0066,8,4
25352,011,011_0067,1,3
25353,011,011_0067,2,3
25354,011,011_0067,3,3
25355,011,011_0067,4,3
25356,011,011_0067,5,3
25357,011,011_0067,6,3
25358,011,011_0067,7,3
25359,011,011_0067,8,3
25360,011,011_0068,1,2
25361,011,011_0068,2,2
25362,011,011_0068,3,2
25363,011,011_0068,4,2
25364,011,011_0068,5,2
25365,011,011_0068,6,2
25366,011,011_0068,7,2
25367,011,011_0068,8,2
25368,011,011_0069,1,1
25369,011,011_0069,2,1
25370,011,011_0069,3,1
25371,011,011_0069,4,1
25372,011,011_0069,5,1
25373,011,011_0069,6,1
25374,011,011_0069,7,1
25375,011,011_0069,8,1
25376,011,011_0070,1,5
25377,011,011_0070,2,5
25378,011,011_0070,3,5
25379,011,011_0070,4,5
25380,011,011_0070,5,5
25381,011,011_0070,6,5
25382,011,011_0070,7,5
25383,011,011_0070,8,5
25384,011,011_0071,1,4
25385,011,011_0071,2,4
25386,011,011_0071,3,4
25387,011,011_0071,4,4
25388,011,011_0071,5,4
25389,011,011_0071,6,4
25390,011,011_0071,7,4
25391,011,011_0071,8,4
25392,011,011_0072,1,3
25393,011,011_0072,2,3
25394,011,011_0072,3,3
25395,011,011_0072,4,3
25396,011,011_0072,5,3
25397,011,011_0072,6,3
25398,011,011_0072,7,3
25399,011,011_0072,8,3
25400,011,011_0073,1,2
25401,011,011_0073,2,2
25402,011,011_0073,3,2
25403,011,011_0073,4,2
25404,011,011_0073,5,2
25405,011,011_0073,6,2
25406,011,011_0073,7,2
25407,011,011_0073,8,2
25408,011,011_0074,1,1
25409,011,011_0074,2,1
25410,011,011_0074,3,1
25411,011,011_0074,4,1
25412,011,011_0074,5,1
25413,011,011_0074,6,1
25414,011,011_0074,7,1
25415,011,011_0074,8,1
25416,011,011_0075,1,5
25417,011,011_0075,2,5
25418,011,011_0075,3,5
25419,011,011_0075,4,5
25420,011,011_0075,5,5
25421,011,011_0075,6,5
25422,011,011_0075,7,5
25423,011,011_0075,8,5
25424,011,011_0076,1,4
25425,011,011_0076,2,4
25426,011,011_0076,3,4
25427,011,011_0076,4,4
25428,011,011_0076,5,4
25429,011,011_0076,6,4
25430,011,011_0076,7,4
25431,011,011_0076,8,4
25432,011,011_0077,1,3
25433,011,011_0077,2,3
25434,011,011_0077,3,3
25435,011,011_0077,4,3
25436,011,011_0077,5,3
25437,011,011_0077,6,3
25438,011,011_0077,7,3
25439,011,011_0077,8,3
25440,011,011_0078,1,2
25441,011,011_0078,2,2
25442,011,011_0078,3,2
25443,011,011_0078,4,2
25444,011,011_0078,5,2
25445,011,011_0078,6,2
25446,011,011_0078,7,2
25447,011,011_0078,8,2
25448,011,011_0079,1,1
25449,011,011_0079,2,1
25450,011,011_0079,3,1
25451,011,011_0079,4,1
25452,011,011_0079,5,1
25453,011,011_0079,6,1
25454,011,011_0079,7,1
25455,011,011_0079,8,1
25456,011,011_0080,1,5
25457,011,011_0080,2,5
25458,011,011_0080,3,5
25459,011,011_0080,4,5
25460,011,011_0080,5,5
25461,011,011_0080,6,5
25462,011,011_0080,7,5
25463,011,011_0080,8,5
25464,011,011_0081,1,4
25465,011,011_0081,2,4
25466,011,011_0081,3,4
25467,011,011_0081,4,4
25468,011,011_0081,5,4
25469,011,011_0081,6,4
25470,011,011_0081,7,4
25471,011,011_0081,8,4
25472,011,011_0082,1,3
25473,011,011_0082,2,3
25474,011,011_0082,3,3
25475,011,011_0082,4,3
25476,011,011_0082,5,3
25477,011,011_0082,6,3
25478,011,011_0082,7,3
25479,011,011_0082,8,3
25480,011,011_0083,1,2
25481,011,011_0083,2,2
25482,011,011_0083,3,2
25483,011,011_0083,4,2
25484,011,011_0083,5,2
25485,011,011_0083,6,2
25486,011,011_0083,7,2
25487,011,011_0083,8,2
25488,011,011_0084,1,1
25489,011,011_0084,2,1
25490,011,011_0084,3,1
25491,011,011_0084,4,1
25492,011,011_0084,5,1
25493,011,011_0084,6,1
25494,011,011_0084,7,1
25495,011,011_0084,8,1
25496,011,011_0085,1,5
25497,011,011_0085,2,5
25498,011,011_0085,3,5
25499,011,011_0085,4,5
25500,011,011_0085,5,5
25501,011,011_0085,6,5
25502,011,011_0085,7,5
25503,011,011_0085,8,5
25504,011,011_0086,1,4
25505,011,011_0086,2,4
25506,011,011_0086,3,4
25507,011,011_0086,4,4
25508,011,011_0086,5,4
25509,011,011_0086,6,4
25510,011,011_0086,7,4
25511,011,011_0086,8,4
25512,011,011_0087,1,3
25513,011,011_0087,2,3
25514,011,011_0087,3,3
25515,011,011_0087,4,3
25516,011,011_0087,5,3
25517,011,011_0087,6,3
25518,011,011_0087,7,3
25519,011,011_0087,8,3
25520,011,011_0088,1,2
25521,011,011_0088,2,2
25522,011,011_0088,3,2
25523,011,011_0088,4,2
25524,011,011_0088,5,2
25525,011,011_0088,6,2
25526,011,011_0088,7,2
25527,011,011_0088,8,2
25528,011,011_0089,1,1
25529,011,011_0089,2,1
25530,011,011_0089,3,1
25531,011,011_0089,4,1
25532,011,011_0089,5,1
25533,011,011_0089,6,1
25534,011,011_0089,7,1
25535,011,011_0089,8,1
25536,011,011_0090,1,5
25537,011,011_0090,2,5
25538,011,011_0090,3,5
25539,011,011_0090,4,5
25540,011,011_0090,5,5
25541,011,011_0090,6,5
25542,011,011_0090,7,5
25543,011,011_0090,8,5
25544,011,011_0091,1,4
25545,011,011_0091,2,4
25546,011,011_0091,3,4
25547,011,011_0091,4,4
25548,011,011_0091,5,4
25549,011,011_0091,6,4
25550,011,011_0091,7,4
25551,011,011_0091,8,4
25552,011,011_0092,1,3
25553,011,011_0092,2,3
25554,011,011_0092,3,3
25555,011,011_0092,4,3
25556,011,011_0092,5,3
25557,011,011_0092,6,3
25558,011,011_0092,7,3
25559,011,011_0092,8,3
25560,011,011_0093,1,2
25561,011,011_0093,2,2
25562,011,011_0093,3,2
25563,011,011_0093,4,2
25564,011,011_0093,5,2
25565,011,011_0093,6,2
25566,011,011_0093,7,2
25567,011,011_0093,8,2
25568,011,011_0094,1,1
25569,011,011_0094,2,1
25570,011,011_0094,3,1
25571,011,011_0094,4,1
25572,011,011_0094,5,1
25573,011,011_0094,6,1
25574,011,011_0094,7,1
25575,011,011_0094,8,1
25576,011,011_0095,1,5
25577,011,011_0095,2,5
25578,011,011_0095,3,5
25579,011,011_0095,4,5
25580,011,011_0095,5,5
25581,011,011_0095,6,5
25582,011,011_0095,7,5
25583,011,011_0095,8,5
25584,011,011_0096,1,4
25585,011,011_0096,2,4
25586,011,011_0096,3,4
25587,011,011_0096,4,4
25588,011,011_0096,5,4
25589,011,011_0096,6,4
25590,011,011_0096,7,4
25591,011,011_0096,8,4
25592,011,011_0097,1,3
25593,011,011_0097,2,3
25594,011,011_0097,3,3
25595,011,011_0097,4,3
25596,011,011_0097,5,3
25597,011,011_0097,6,3
25598,011,011_0097,7,3
25599,011,011_0097,8,3
25600,011,011_0098,1,2
25601,011,011_0098,2,2
25602,011,011_0098,3,2
25603,011,011_0098,4,2
25604,011,011_0098,5,2
25605,011,011_0098,6,2
25606,011,011_0098,7,2
25607,011,011_0098,8,2
25608,011,011_0099,1,1
25609,011,011_0099,2,1
25610,011,011_0099,3,1
25611,011,011_0099,4,1
25612,011,011_0099,5,1
25613,011,011_0099,6,1
25614,011,011_0099,7,1
25615,011,011_0099,8,1
25616,011,011_0100,1,5
25617,011,011_0100,2,5
25618,011,011_0100,3,5
25619,011,011_0100,4,5
25620,011,011_0100,5,5
25621,011,011_0100,6,5
25622,011,011_0100,7,5
25623,011,011_0100,8,5
25624,011,011_0101,1,4
25625,011,011_0101,2,4
25626,011,011_0101,3,4
25627,011,011_0101,4,4
25628,011,011_0101,5,4
25629,011,011_0101,6,4
25630,011,011_0101,7,4
25631,011,011_0101,8,4
25632,011,011_0102,1,3
25633,011,011_0102,2,3
25634,011,011_0102,3,3
25635,011,011_0102,4,3
25636,011,011_0102,5,3
25637,011,011_0102,6,3
25638,011,011_0102,7,3
25639,011,011_0102,8,3
25640,011,011_0103,1,2
25641,011,011_0103,2,2
25642,011,011_0103,3,2
25643,011,011_0103,4,2
25644,011,011_0103,5,2
25645,011,011_0103,6,2
25646,011,011_0103,7,2
25647,011,011_0103,8,2
25648,011,011_0104,1,1
25649,011,011_0104,2,1
25650,011,011_0104,3,1
25651,011,011_0104,4,1
25652,011,011_0104,5,1
25653,011,011_0104,6,1
25654,011,011_0104,7,1
25655,011,011_0104,8,1
25656,011,011_0105,1,5
25657,011,011_0105,2,5
25658,011,011_0105,3,5
25659,011,011_0105,4,5
25660,011,011_0105,5,5
25661,011,011_0105,6,5
25662,011,011_0105,7,5
25663,011,011_0105,8,5
25664,011,011_0106,1,4
25665,011,011_0106,2,4
25666,011,011_0106,3,4
25667,011,011_0106,4,4
25668,011,011_0106,5,4
25669,011,011_0106,6,4
25670,011,011_0106,7,4
25671,011,011_0106,8,4
25672,011,011_0107,1,3
25673,011,011_0107,2,3
25674,011,011_0107,3,3
25675,011,011_0107,4,3
25676,011,011_0107,5,3
25677,011,011_0107,6,3
25678,011,011_0107,7,3
25679,011,011_0107,8,3
25680,011,011_0108,1,2
25681,011,011_0108,2,2
25682,011,011_0108,3,2
25683,011,011_0108,4,2
25684,011,011_0108,5,2
25685,011,011_0108,6,2
25686,011,011_0108,7,2
25687,011,011_0108,8,2
25688,011,011_0109,1,1
25689,011,011_0109,2,1
25690,011,011_0109,3,1
25691,011,011_0109,4,1
25692,011,011_0109,5,1
25693,011,011_0109,6,1
25694,011,011_0109,7,1
25695,011,011_0109,8,1
25696,011,011_0110,1,5
25697,011,011_0110,2,5
25698,011,011_0110,3,5
25699,011,011_0110,4,5
25700,011,011_0110,5,5
25701,011,011_0110,6,5
25702,011,011_0110,7,5
25703,011,011_0110,8,5
25704,011,011_0111,1,4
25705,011,011_0111,2,4
25706,011,011_0111,3,4
25707,011,011_0111,4,4
25708,011,011_0111,5,4
25709,011,011_0111,6,4
25710,011,011_0111,7,4
25711,011,011_0111,8,4
25712,011,011_0112,1,3
25713,011,011_0112,2,3
25714,011,011_0112,3,3
25715,011,011_0112,4,3
25716,011,011_0112,5,3
25717,011,011_0112,6,3
25718,011,011_0112,7,3
25719,011,011_0112,8,3
25720,011,011_0113,1,2
25721,011,011_0113,2,2
25722,011,011_0113,3,2
25723,011,011_0113,4,2
25724,011,011_0113,5,2
25725,011,011_0113,6,2
25726,011,011_0113,7,2
25727,011,011_0113,8,2
25728,011,011_0114,1,1
25729,011,011_0114,2,1
25730,011,011_0114,3,1
25731,011,011_0114,4,1
25732,011,011_0114,5,1
25733,011,011_0114,6,1
25734,011,011_0114,7,1
25735,011,011_0114,8,1
25736,011,011_0115,1,5
25737,011,011_0115,2,5
25738,011,011_0115,3,5
25739,011,011_0115,4,5
25740,011,011_0115,5,5
25741,011,011_0115,6,5
25742,011,011_0115,7,5
25743,011,011_0115,8,5
25744,011,011_0116,1,4
25745,011,011_0116,2,4
25746,011,011_0116,3,4
25747,011,011_0116,4,4
25748,011,011_0116,5,4
25749,011,011_0116,6,4
25750,011,011_0116,7,4
25751,011,011_0116,8,4
25752,011,011_0117,1,3
25753,011,011_0117,2,3
25754,011,011_0117,3,3
25755,011,011_0117,4,3
25756,011,011_0117,5,3
25757,011,011_0117,6,3
25758,011,011_0117,7,3
25759,011,011_0117,8,3
25760,011,011_0118,1,2
25761,011,011_0118,2,2
25762,011,011_0118,3,2
25763,011,011_0118,4,2
25764,011,011_0118,5,2
25765,011,011_0118,6,2
25766,011,011_0118,7,2
25767,011,011_0118,8,2
25768,011,011_0119,1,1
25769,011,011_0119,2,1
25770,011,011_0119,3,1
25771,011,011_0119,4,1
25772,011,011_0119,5,1
25773,011,011_0119,6,1
25774,011,011_0119,7,1
25775,011,011_0119,8,1
25776,011,011_0120,1,5
25777,011,011_0120,2,5
25778,011,011_0120,3,5
25779,011,011_0120,4,5
25780,011,011_0120,5,5
25781,011,011_0120,6,5
25782,011,011_0120,7,5
25783,011,011_0120,8,5
25784,011,011_0121,1,4
25785,011,011_0121,2,4
25786,011,011_0121,3,4
25787,011,011_0121,4,4
25788,011,011_0121,5,4
25789,011,011_0121,6,4
25790,011,011_0121,7,4
25791,011,011_0121,8,4
25792,011,011_0122,1,3
25793,011,011_0122,2,3
25794,011,011_0122,3,3
25795,011,011_0122,4,3
25796,011,011_0122,5,3
25797,011,011_0122,6,3
25798,011,011_0122,7,3
25799,011,011_0122,8,3
25800,011,011_0123,1,2
25801,011,011_0123,2,2
25802,011,011_0123,3,2
25803,011,011_0123,4,2
25804,011,011_0123,5,2
25805,011,011_0123,6,2
25806,011,011_0123,7,2
25807,011,011_0123,8,2
25808,011,011_0124,1,1
25809,011,011_0124,2,1
25810,011,011_0124,3,1
25811,011,011_0124,4,1
25812,011,011_0124,5,1
25813,011,011_0124,6,1
25814,011,011_0124,7,1
25815,011,011_0124,8,1
25816,011,011_0125,1,5
25817,011,011_0125,2,5
25818,011,011_0125,3,5
25819,011,011_0125,4,5
25820,011,011_0125,5,5
25821,011,011_0125,6,5
25822,011,011_0125,7,5
25823,011,011_0125,8,5
25824,011,011_0126,1,4
25825,011,011_0126,2,4
25826,011,011_0126,3,4
25827,011,011_0126,4,4
25828,011,011_0126,5,4
25829,011,011_0126,6,4
25830,011,011_0126,7,4
25831,011,011_0126,8,4
25832,011,011_0127,1,3
25833,011,011_0127,2,3
25834,011,011_0127,3,3
25835,011,011_0127,4,3
25836,011,011_0127,5,3
25837,011,011_0127,6,3
25838,011,011_0127,7,3
25839,011,011_0127,8,3
25840,011,011_0128,1,2
25841,011,011_0128,2,2
25842,011,011_0128,3,2
25843,011,011_0128,4,2
25844,011,011_0128,5,2
25845,011,011_0128,6,2
25846,011,011_0128,7,2
25847,011,011_0128,8,2
25848,011,011_0129,1,1
25849,011,011_0129,2,1
25850,011,011_0129,3,1
25851,011,011_0129,4,1
25852,011,011_0129,5,1
25853,011,011_0129,6,1
25854,011,011_0129,7,1
25855,011,011_0129,8,1
25856,011,011_0130,1,5
25857,011,011_0130,2,5
25858,011,011_0130,3,5
25859,011,011_0130,4,5
25860,011,011_0130,5,5
25861,011,011_0130,6,5
25862,011,011_0130,7,5
25863,011,011_0130,8,5
25864,011,011_0131,1,4
25865,011,011_0131,2,4
25866,011,011_0131,3,4
25867,011,011_0131,4,4
25868,011,011_0131,5,4
25869,011,011_0131,6,4
25870,011,011_0131,7,4
25871,011,011_0131,8,4
25872,011,011_0132,1,3
25873,011,011_0132,2,3
25874,011,011_0132,3,3
25875,011,011_0132,4,3
25876,011,011_0132,5,3
25877,011,011_0132,6,3
25878,011,011_0132,7,3
25879,011,011_0132,8,3
25880,011,011_0133,1,2
25881,011,011_0133,2,2
25882,011,011_0133,3,2
25883,011,011_0133,4,2
25884,011,011_0133,5,2
25885,011,011_0133,6,2
25886,011,011_0133,7,2
25887,011,011_0133,8,2
25888,011,011_0134,1,1
25889,011,011_0134,2,1
25890,011,011_0134,3,1
25891,011,011_0134,4,1
25892,011,011_0134,5,1
25893,011,011_0134,6,1
25894,011,011_0134,7,1
25895,011,011_0134,8,1
25896,011,011_0135,1,5
25897,011,011_0135,2,5
25898,011,011_0135,3,5
25899,011,011_0135,4,5
25900,011,011_0135,5,5
25901,011,011_0135,6,5
25902,011,011_0135,7,5
25903,011,011_0135,8,5
25904,011,011_0136,1,4
25905,011,011_0136,2,4
25906,011,011_0136,3,4
25907,011,011_0136,4,4
25908,011,011_0136,5,4
25909,011,011_0136,6,4
25910,011,011_0136,7,4
25911,011,011_0136,8,4
25912,011,011_0137,1,3
25913,011,011_0137,2,3
25914,011,011_0137,3,3
25915,011,011_0137,4,3
25916,011,011_0137,5,3
25917,011,011_0137,6,3
25918,011,011_0137,7,3
25919,011,011_0137,8,3
25920,011,011_0138,1,2
25921,011,011_0138,2,2
25922,011,011_0138,3,2
25923,011,011_0138,4,2
25924,011,011_0138,5,2
25925,011,011_0138,6,2
25926,011,011_0138,7,2
25927,011,011_0138,8,2
25928,011,011_0139,1,1
25929,011,011_0139,2,1
25930,011,011_0139,3,1
25931,011,011_0139,4,1
25932,011,011_0139,5,1
25933,011,011_0139,6,1
25934,011,011_0139,7,1
25935,011,011_0139,8,1
25936,011,011_0140,1,5
25937,011,011_0140,2,5
25938,011,011_0140,3,5
25939,011,011_0140,4,5
25940,011,011_0140,5,5
25941,011,011_0140,6,5
25942,011,011_0140,7,5
25943,011,011_0140,8,5
25944,011,011_0141,1,4
25945,011,011_0141,2,4
25946,011,011_0141,3,4
25947,011,011_0141,4,4
25948,011,011_0141,5,4
25949,011,011_0141,6,4
25950,011,011_0141,7,4
25951,011,011_0141,8,4
25952,011,011_0142,1,3
25953,011,011_0142,2,3
25954,011,011_0142,3,3
25955,011,011_0142,4,3
25956,011,011_0142,5,3
25957,011,011_0142,6,3
25958,011,011_0142,7,3
25959,011,011_0142,8,3
25960,011,011_0143,1,2
25961,011,011_0143,2,2
25962,011,011_0143,3,2
25963,011,011_0143,4,2
25964,011,011_0143,5,2
25965,011,011_0143,6,2
25966,011,011_0143,7,2
25967,011,011_0143,8,2
25968,011,011_0144,1,1
25969,011,011_0144,2,1
25970,011,011_0144,3,1
25971,011,011_0144,4,1
25972,011,011_0144,5,1
25973,011,011_0144,6,1
25974,011,011_0144,7,1
25975,011,011_0144,8,1
25976,011,011_0145,1,5
25977,011,011_0145,2,5
25978,011,011_0145,3,5
25979,011,011_0145,4,5
25980,011,011_0145,5,5
25981,011,011_0145,6,5
25982,011,011_0145,7,5
25983,011,011_0145,8,5
25984,011,011_0146,1,4
25985,011,011_0146,2,4
25986,011,011_0146,3,4
25987,011,011_0146,4,4
25988,011,011_0146,5,4
25989,011,011_0146,6,4
25990,011,011_0146,7,4
25991,011,011_0146,8,4
25992,011,011_0147,1,3
25993,011,011_0147,2,3
25994,011,011_0147,3,3
25995,011,011_0147,4,3
25996,011,011_0147,5,3
25997,011,011_0147,6,3
25998,011,011_0147,7,3
25999,011,011_0147,8,3
26000,011,011_0148,1,2
26001,011,011_0148,2,2
26002,011,011_0148,3,2
26003,011,011_0148,4,2
26004,011,011_0148,5,2
26005,011,011_0148,6,2
26006,011,011_0148,7,2
26007,011,011_0148,8,2
26008,011,011_0149,1,1
26009,011,011_0149,2,1
26010,011,011_0149,3,1
26011,011,011_0149,4,1
26012,011,011_0149,5,1
26013,011,011_0149,6,1
26014,011,011_0149,7,1
26015,011,011_0149,8,1
26016,011,011_0150,1,5
26017,011,011_0150,2,5
26018,011,011_0150,3,5
26019,011,011_0150,4,5
26020,011,011_0150,5,5
26021,011,011_0150,6,5
26022,011,011_0150,7,5
26023,011,011_0150,8,5
26024,011,011_0151,1,4
26025,011,011_0151,2,4
26026,011,011_0151,3,4
26027,011,011_0151,4,4
26028,011,011_0151,5,4
26029,011,011_0151,6,4
26030,011,011_0151,7,4
26031,011,011_0151,8,4
26032,011,011_0152,1,3
26033,011,011_0152,2,3
26034,011,011_0152,3,3
26035,011,011_0152,4,3
26036,011,011_0152,5,3
26037,011,011_0152,6,3
26038,011,011_0152,7,3
26039,011,011_0152,8,3
26040,011,011_0153,1,2
26041,011,011_0153,2,2
26042,011,011_0153,3,2
26043,011,011_0153,4,2
26044,011,011_0153,5,2
26045,011,011_0153,6,2
26046,011,011_0153,7,2
26047,011,011_0153,8,2
26048,011,011_0154,1,1
26049,011,011_0154,2,1
26050,011,011_0154,3,1
26051,011,011_0154,4,1
26052,011,011_0154,5,1
26053,011,011_0154,6,1
26054,011,011_0154,7,1
26055,011,011_0154,8,1
26056,011,011_0155,1,5
26057,011,011_0155,2,5
26058,011,011_0155,3,5
26059,011,011_0155,4,5
26060,011,011_0155,5,5
26061,011,011_0155,6,5
26062,011,011_0155,7,5
26063,011,011_0155,8,5
26064,011,011_0156,1,4
26065,011,011_0156,2,4
26066,011,011_0156,3,4
26067,011,011_0156,4,4
26068,011,011_0156,5,4
26069,011,011_0156,6,4
26070,011,011_0156,7,4
26071,011,011_0156,8,4
26072,011,011_0157,1,3
26073,011,011_0157,2,3
26074,011,011_0157,3,3
26075,011,011_0157,4,3
26076,011,011_0157,5,3
26077,011,011_0157,6,3
26078,011,011_0157,7,3
26079,011,011_0157,8,3
26080,011,011_0158,1,2
26081,011,011_0158,2,2
26082,011,011_0158,3,2
26083,011,011_0158,4,2
26084,011,011_0158,5,2
26085,011,011_0158,6,2
26086,011,011_0158,7,2
26087,011,011_0158,8,2
26088,011,011_0159,1,1
26089,011,011_0159,2,1
26090,011,011_0159,3,1
26091,011,011_0159,4,1
26092,011,011_0159,5,1
26093,011,011_0159,6,1
26094,011,011_0159,7,1
26095,011,011_0159,8,1
26096,011,011_0160,1,5
26097,011,011_0160,2,5
26098,011,011_0160,3,5
26099,011,011_0160,4,5
26100,011,011_0160,5,5
26101,011,011_0160,6,5
26102,011,011_0160,7,5
26103,011,011_0160,8,5
26104,011,011_0161,1,4
26105,011,011_0161,2,4
26106,011,011_0161,3,4
26107,011,011_0161,4,4
26108,011,011_0161,5,4
26109,011,011_0161,6,4
26110,011,011_0161,7,4
26111,011,011_0161,8,4
26112,011,011_0162,1,3
26113,011,011_0162,2,3
26114,011,011_0162,3,3
26115,011,011_0162,4,3
26116,011,011_0162,5,3
26117,011,011_0162,6,3
26118,011,011_0162,7,3
26119,011,011_0162,8,3
26120,011,011_0163,1,2
26121,011,011_0163,2,2
26122,011,011_0163,3,2
26123,011,011_0163,4,2
26124,011,011_0163,5,2
26125,011,011_0163,6,2
26126,011,011_0163,7,2
26127,011,011_0163,8,2
26128,011,011_0164,1,1
26129,011,011_0164,2,1
26130,011,011_0164,3,1
26131,011,011_0164,4,1
26132,011,011_0164,5,1
26133,011,011_0164,6,1
26134,011,011_0164,7,1
26135,011,011_0164,8,1
26136,011,011_0165,1,5
26137,011,011_0165,2,5
26138,011,011_0165,3,5
26139,011,011_0165,4,5
26140,011,011_0165,5,5
26141,011,011_0165,6,5
26142,011,011_0165,7,5
26143,011,011_0165,8,5
26144,011,011_0166,1,4
26145,011,011_0166,2,4
26146,011,011_0166,3,4
26147,011,011_0166,4,4
26148,011,011_0166,5,4
26149,011,011_0166,6,4
26150,011,011_0166,7,4
26151,011,011_0166,8,4
26152,011,011_0167,1,3
26153,011,011_0167,2,3
26154,011,011_0167,3,3
26155,011,011_0167,4,3
26156,011,011_0167,5,3
26157,011,011_0167,6,3
26158,011,011_0167,7,3
26159,011,011_0167,8,3
26160,011,011_0168,1,2
26161,011,011_0168,2,2
26162,011,011_0168,3,2
26163,011,011_0168,4,2
26164,011,011_0168,5,2
26165,011,011_0168,6,2
26166,011,011_0168,7,2
26167,011,011_0168,8,2
26168,011,011_0169,1,1
26169,011,011_0169,2,1
26170,011,011_0169,3,1
26171,011,011_0169,4,1
26172,011,011_0169,5,1
26173,011,011_0169,6,1
26174,011,011_0169,7,1
26175,011,011_0169,8,1
26176,011,011_0170,1,5
26177,011,011_0170,2,5
26178,011,011_0170,3,5
26179,011,011_0170,4,5
26180,011,011_0170,5,5
26181,011,011_0170,6,5
26182,011,011_0170,7,5
26183,011,011_0170,8,5
26184,011,011_0171,1,4
26185,011,011_0171,2,4
26186,011,011_0171,3,4
26187,011,011_0171,4,4
26188,011,011_0171,5,4
26189,011,011_0171,6,4
26190,011,011_0171,7,4
26191,011,011_0171,8,4
26192,011,011_0172,1,3
26193,011,011_0172,2,3
26194,011,011_0172,3,3
26195,011,011_0172,4,3
26196,011,011_0172,5,3
26197,011,011_0172,6,3
26198,011,011_0172,7,3
26199,011,011_0172,8,3
26200,011,011_0173,1,2
26201,011,011_0173,2,2
26202,011,011_0173,3,2
26203,011,011_0173,4,2
26204,011,011_0173,5,2
26205,011,011_0173,6,2
26206,011,011_0173,7,2
26207,011,011_0173,8,2
26208,011,011_0174,1,1
26209,011,011_0174,2,1
26210,011,011_0174,3,1
26211,011,011_0174,4,1
26212,011,011_0174,5,1
26213,011,011_0174,6,1
26214,011,011_0174,7,1
26215,011,011_0174,8,1
26216,011,011_0175,1,5
26217,011,011_0175,2,5
26218,011,011_0175,3,5
26219,011,011_0175,4,5
26220,011,011_0175,5,5
26221,011,011_0175,6,5
26222,011,011_0175,7,5
26223,011,011_0175,8,5
26224,011,011_0176,1,4
26225,011,011_0176,2,4
26226,011,011_0176,3,4
26227,011,011_0176,4,4
26228,011,011_0176,5,4
26229,011,011_0176,6,4
26230,011,011_0176,7,4
26231,011,011_0176,8,4
26232,011,011_0177,1,3
26233,011,011_0177,2,3
26234,011,011_0177,3,3
26235,011,011_0177,4,3
26236,011,011_0177,5,3
26237,011,011_0177,6,3
26238,011,011_0177,7,3
26239,011,011_0177,8,3
26240,011,011_0178,1,2
26241,011,011_0178,2,2
26242,011,011_0178,3,2
26243,011,011_0178,4,2
26244,011,011_0178,5,2
26245,011,011_0178,6,2
26246,011,011_0178,7,2
26247,011,011_0178,8,2
26248,011,011_0179,1,1
26249,011,011_0179,2,1
26250,011,011_0179,3,1
26251,011,011_0179,4,1
26252,011,011_0179,5,1
26253,011,011_0179,6,1
26254,011,011_0179,7,1
26255,011,011_0179,8,1
26256,011,011_0180,1,5
26257,011,011_0180,2,5
26258,011,011_0180,3,5
26259,011,011_0180,4,5
26260,011,011_0180,5,5
26261,011,011_0180,6,5
26262,011,011_0180,7,5
26263,011,011_0180,8,5
26264,011,011_0181,1,4
26265,011,011_0181,2,4
26266,011,011_0181,3,4
26267,011,011_0181,4,4
26268,011,011_0181,5,4
26269,011,011_0181,6,4
26270,011,011_0181,7,4
26271,011,011_0181,8,4
26272,011,011_0182,1,3
26273,011,011_0182,2,3
26274,011,011_0182,3,3
26275,011,011_0182,4,3
26276,011,011_0182,5,3
26277,011,011_0182,6,3
26278,011,011_0182,7,3
26279,011,011_0182,8,3
26280,011,011_0183,1,2
26281,011,011_0183,2,2
26282,011,011_0183,3,2
26283,011,011_0183,4,2
26284,011,011_0183,5,2
26285,011,011_0183,6,2
26286,011,011_0183,7,2
26287,011,011_0183,8,2
26288,011,011_0184,1,1
26289,011,011_0184,2,1
26290,011,011_0184,3,1
26291,011,011_0184,4,1
26292,011,011_0184,5,1
26293,011,011_0184,6,1
26294,011,011_0184,7,1
26295,011,011_0184,8,1
26296,011,011_0185,1,5
26297,011,011_0185,2,5
26298,011,011_0185,3,5
26299,011,011_0185,4,5
26300,011,011_0185,5,5
26301,011,011_0185,6,5
26302,011,011_0185,7,5
26303,011,011_0185,8,5
26304,011,011_0186,1,4
26305,011,011_0186,2,4
26306,011,011_0186,3,4
26307,011,011_0186,4,4
26308,011,011_0186,5,4
26309,011,011_0186,6,4
26310,011,011_0186,7,4
26311,011,011_0186,8,4
26312,011,011_0187,1,3
26313,011,011_0187,2,3
26314,011,011_0187,3,3
26315,011,011_0187,4,3
26316,011,011_0187,5,3
26317,011,011_0187,6,3
26318,011,011_0187,7,3
26319,011,011_0187,8,3
26320,011,011_0188,1,2
26321,011,011_0188,2,2
26322,011,011_0188,3,2
26323,011,011_0188,4,2
26324,011,011_0188,5,2
26325,011,011_0188,6,2
26326,011,011_0188,7,2
26327,011,011_0188,8,2
26328,011,011_0189,1,1
26329,011,011_0189,2,1
26330,011,011_0189,3,1
26331,011,011_0189,4,1
26332,011,011_0189,5,1
26333,011,011_0189,6,1
26334,011,011_0189,7,1
26335,011,011_0189,8,1
26336,011,011_0190,1,5
26337,011,011_0190,2,5
26338,011,011_0190,3,5
26339,011,011_0190,4,5
26340,011,011_0190,5,5
26341,011,011_0190,6,5
26342,011,011_0190,7,5
26343,011,011_0190,8,5
26344,011,011_0191,1,4
26345,011,011_0191,2,4
26346,011,011_0191,3,4
26347,011,011_0191,4,4
26348,011,011_0191,5,4
26349,011,011_0191,6,4
26350,011,011_0191,7,4
26351,011,011_0191,8,4
26352,011,011_0192,1,3
26353,011,011_0192,2,3
26354,011,011_0192,3,3
26355,011,011_0192,4,3
26356,011,011_0192,5,3
26357,011,011_0192,6,3
26358,011,011_0192,7,3
26359,011,011_0192,8,3
26360,011,011_0193,1,2
26361,011,011_0193,2,2
26362,011,011_0193,3,2
26363,011,011_0193,4,2
26364,011,011_0193,5,2
26365,011,011_0193,6,2
26366,011,011_0193,7,2
26367,011,011_0193,8,2
26368,011,011_0194,1,1
26369,011,011_0194,2,1
26370,011,011_0194,3,1
26371,011,011_0194,4,1
26372,011,011_0194,5,1
26373,011,011_0194,6,1
26374,011,011_0194,7,1
26375,011,011_0194,8,1
26376,011,011_0195,1,5
26377,011,011_0195,2,5
26378,011,011_0195,3,5
26379,011,011_0195,4,5
26380,011,011_0195,5,5
26381,011,011_0195,6,5
26382,011,011_0195,7,5
26383,011,011_0195,8,5
26384,011,011_0196,1,4
26385,011,011_0196,2,4
26386,011,011_0196,3,4
26387,011,011_0196,4,4
26388,011,011_0196,5,4
26389,011,011_0196,6,4
26390,011,011_0196,7,4
26391,011,011_0196,8,4
26392,011,011_0197,1,3
26393,011,011_0197,2,3
26394,011,011_0197,3,3
26395,011,011_0197,4,3
26396,011,011_0197,5,3
26397,011,011_0197,6,3
26398,011,011_0197,7,3
26399,011,011_0197,8,3
26400,011,011_0198,1,2
26401,011,011_0198,2,2
26402,011,011_0198,3,2
26403,011,011_0198,4,2
26404,011,011_0198,5,2
26405,011,011_0198,6,2
26406,011,011_0198,7,2
26407,011,011_0198,8,2
26408,011,011_0199,1,1
26409,011,011_0199,2,1
26410,011,011_0199,3,1
26411,011,011_0199,4,1
26412,011,011_0199,5,1
26413,011,011_0199,6,1
26414,011,011_0199,7,1
26415,011,011_0199,8,1
26416,011,011_0200,1,5
26417,011,011_0200,2,5
26418,011,011_0200,3,5
26419,011,011_0200,4,5
26420,011,011_0200,5,5
26421,011,011_0200,6,5
26422,011,011_0200,7,5
26423,011,011_0200,8,5
26424,011,011_0201,1,4
26425,011,011_0201,2,4
26426,011,011_0201,3,4
26427,011,011_0201,4,4
26428,011,011_0201,5,4
26429,011,011_0201,6,4
26430,011,011_0201,7,4
26431,011,011_0201,8,4
26432,011,011_0202,1,3
26433,011,011_0202,2,3
26434,011,011_0202,3,3
26435,011,011_0202,4,3
26436,011,011_0202,5,3
26437,011,011_0202,6,3
26438,011,011_0202,7,3
26439,011,011_0202,8,3
26440,011,011_0203,1,2
26441,011,011_0203,2,2
26442,011,011_0203,3,2
26443,011,011_0203,4,2
26444,011,011_0203,5,2
26445,011,011_0203,6,2
26446,011,011_0203,7,2
26447,011,011_0203,8,2
26448,011,011_0204,1,1
26449,011,011_0204,2,1
26450,011,011_0204,3,1
26451,011,011_0204,4,1
26452,011,011_0204,5,1
26453,011,011_0204,6,1
26454,011,011_0204,7,1
26455,011,011_0204,8,1
26456,011,011_0205,1,5
26457,011,011_0205,2,5
26458,011,011_0205,3,5
26459,011,011_0205,4,5
26460,011,011_0205,5,5
26461,011,011_0205,6,5
26462,011,011_0205,7,5
26463,011,011_0205,8,5
26464,011,011_0206,1,4
26465,011,011_0206,2,4
26466,011,011_0206,3,4
26467,011,011_0206,4,4
26468,011,011_0206,5,4
26469,011,011_0206,6,4
26470,011,011_0206,7,4
26471,011,011_0206,8,4
26472,011,011_0207,1,3
26473,011,011_0207,2,3
26474,011,011_0207,3,3
26475,011,011_0207,4,3
26476,011,011_0207,5,3
26477,011,011_0207,6,3
26478,011,011_0207,7,3
26479,011,011_0207,8,3
26480,011,011_0208,1,2
26481,011,011_0208,2,2
26482,011,011_0208,3,2
26483,011,011_0208,4,2
26484,011,011_0208,5,2
26485,011,011_0208,6,2
26486,011,011_0208,7,2
26487,011,011_0208,8,2
26488,011,011_0209,1,1
26489,011,011_0209,2,1
26490,011,011_0209,3,1
26491,011,011_0209,4,1
26492,011,011_0209,5,1
26493,011,011_0209,6,1
26494,011,011_0209,7,1
26495,011,011_0209,8,1
26496,011,011_0210,1,5
26497,011,011_0210,2,5
26498,011,011_0210,3,5
26499,011,011_0210,4,5
26500,011,011_0210,5,5
26501,011,011_0210,6,5
26502,011,011_0210,7,5
26503,011,011_0210,8,5
26504,011,011_0211,1,4
26505,011,011_0211,2,4
26506,011,011_0211,3,4
26507,011,011_0211,4,4
26508,011,011_0211,5,4
26509,011,011_0211,6,4
26510,011,011_0211,7,4
26511,011,011_0211,8,4
26512,011,011_0212,1,3
26513,011,011_0212,2,3
26514,011,011_0212,3,3
26515,011,011_0212,4,3
26516,011,011_0212,5,3
26517,011,011_0212,6,3
26518,011,011_0212,7,3
26519,011,011_0212,8,3
26520,011,011_0213,1,2
26521,011,011_0213,2,2
26522,011,011_0213,3,2
26523,011,011_0213,4,2
26524,011,011_0213,5,2
26525,011,011_0213,6,2
26526,011,011_0213,7,2
26527,011,011_0213,8,2
26528,011,011_0214,1,1
26529,011,011_0214,2,1
26530,011,011_0214,3,1
26531,011,011_0214,4,1
26532,011,011_0214,5,1
26533,011,011_0214,6,1
26534,011,011_0214,7,1
26535,011,011_0214,8,1
26536,011,011_0215,1,5
26537,011,011_0215,2,5
26538,011,011_0215,3,5
26539,011,011_0215,4,5
26540,011,011_0215,5,5
26541,011,011_0215,6,5
26542,011,011_0215,7,5
26543,011,011_0215,8,5
26544,011,011_0216,1,4
26545,011,011_0216,2,4
26546,011,011_0216,3,4
26547,011,011_0216,4,4
26548,011,011_0216,5,4
26549,011,011_0216,6,4
26550,011,011_0216,7,4
26551,011,011_0216,8,4
26552,011,011_0217,1,3
26553,011,011_0217,2,3
26554,011,011_0217,3,3
26555,011,011_0217,4,3
26556,011,011_0217,5,3
26557,011,011_0217,6,3
26558,011,011_0217,7,3
26559,011,011_0217,8,3
26560,011,011_0218,1,2
26561,011,011_0218,2,2
26562,011,011_0218,3,2
26563,011,011_0218,4,2
26564,011,011_0218,5,2
26565,011,011_0218,6,2
26566,011,011_0218,7,2
26567,011,011_0218,8,2
26568,011,011_0219,1,1
26569,011,011_0219,2,1
26570,011,011_0219,3,1
26571,011,011_0219,4,1
26572,011,011_0219,5,1
26573,011,011_0219,6,1
26574,011,011_0219,7,1
26575,011,011_0219,8,1
26576,011,011_0220,1,5
26577,011,011_0220,2,5
26578,011,011_0220,3,5
26579,011,011_0220,4,5
26580,011,011_0220,5,5
26581,011,011_0220,6,5
26582,011,011_0220,7,5
26583,011,011_0220,8,5
26584,011,011_0221,1,4
26585,011,011_0221,2,4
26586,011,011_0221,3,4
26587,011,011_0221,4,4
26588,011,011_0221,5,4
26589,011,011_0221,6,4
26590,011,011_0221,7,4
26591,011,011_0221,8,4
26592,011,011_0222,1,3
26593,011,011_0222,2,3
26594,011,011_0222,3,3
26595,011,011_0222,4,3
26596,011,011_0222,5,3
26597,011,011_0222,6,3
26598,011,011_0222,7,3
26599,011,011_0222,8,3
26600,011,011_0223,1,2
26601,011,011_0223,2,2
26602,011,011_0223,3,2
26603,011,011_0223,4,2
26604,011,011_0223,5,2
26605,011,011_0223,6,2
26606,011,011_0223,7,2
26607,011,011_0223,8,2
26608,011,011_0224,1,1
26609,011,011_0224,2,1
26610,011,011_0224,3,1
26611,011,011_0224,4,1
26612,011,011_0224,5,1
26613,011,011_0224,6,1
26614,011,011_0224,7,1
26615,011,011_0224,8,1
26616,011,011_0225,1,5
26617,011,011_0225,2,5
26618,011,011_0225,3,5
26619,011,011_0225,4,5
26620,011,011_0225,5,5
26621,011,011_0225,6,5
26622,011,011_0225,7,5
26623,011,011_0225,8,5
26624,011,011_0226,1,4
26625,011,011_0226,2,4
26626,011,011_0226,3,4
26627,011,011_0226,4,4
26628,011,011_0226,5,4
26629,011,011_0226,6,4
26630,011,011_0226,7,4
26631,011,011_0226,8,4
26632,011,011_0227,1,3
26633,011,011_0227,2,3
26634,011,011_0227,3,3
26635,011,011_0227,4,3
26636,011,011_0227,5,3
26637,011,011_0227,6,3
26638,011,011_0227,7,3
26639,011,011_0227,8,3
26640,011,011_0228,1,2
26641,011,011_0228,2,2
26642,011,011_0228,3,2
26643,011,011_0228,4,2
26644,011,011_0228,5,2
26645,011,011_0228,6,2
26646,011,011_0228,7,2
26647,011,011_0228,8,2
26648,011,011_0229,1,1
26649,011,011_0229,2,1
26650,011,011_0229,3,1
26651,011,011_0229,4,1
26652,011,011_0229,5,1
26653,011,011_0229,6,1
26654,011,011_0229,7,1
26655,011,011_0229,8,1
26656,011,011_0230,1,5
26657,011,011_0230,2,5
26658,011,011_0230,3,5
26659,011,011_0230,4,5
26660,011,011_0230,5,5
26661,011,011_0230,6,5
26662,011,011_0230,7,5
26663,011,011_0230,8,5
26664,011,011_0231,1,4
26665,011,011_0231,2,4
26666,011,011_0231,3,4
26667,011,011_0231,4,4
26668,011,011_0231,5,4
26669,011,011_0231,6,4
26670,011,011_0231,7,4
26671,011,011_0231,8,4
26672,011,011_0232,1,3
26673,011,011_0232,2,3
26674,011,011_0232,3,3
26675,011,011_0232,4,3
26676,011,011_0232,5,3
26677,011,011_0232,6,3
26678,011,011_0232,7,3
26679,011,011_0232,8,3
26680,011,011_0233,1,2
26681,011,011_0233,2,2
26682,011,011_0233,3,2
26683,011,011_0233,4,2
26684,011,011_0233,5,2
26685,011,011_0233,6,2
26686,011,011_0233,7,2
26687,011,011_0233,8,2
26688,011,011_0234,1,1
26689,011,011_0234,2,1
26690,011,011_0234,3,1
26691,011,011_0234,4,1
26692,011,011_0234,5,1
26693,011,011_0234,6,1
26694,011,011_0234,7,1
26695,011,011_0234,8,1
26696,011,011_0235,1,5
26697,011,011_0235,2,5
26698,011,011_0235,3,5
26699,011,011_0235,4,5
26700,011,011_0235,5,5
26701,011,011_0235,6,5
26702,011,011_0235,7,5
26703,011,011_0235,8,5
26704,012,012_0001,1,4
26705,012,012_0001,2,4
26706,012,012_0001,3,4
26707,012,012_0001,4,4
26708,012,012_0001,5,4
26709,012,012_0001,6,4
26710,012,012_0001,7,4
26711,012,012_0001,8,4
26712,012,012_0002,1,3
26713,012,012_0002,2,3
26714,012,012_0002,3,3
26715,012,012_0002,4,3
26716,012,012_0002,5,3
26717,012,012_0002,6,3
26718,012,012_0002,7,3
26719,012,012_0002,8,3
26720,012,012_0003,1,2
26721,012,012_0003,2,2
26722,012,012_0003,3,2
26723,012,012_0003,4,2
26724,012,012_0003,5,2
26725,012,012_0003,6,2
26726,012,012_0003,7,2
26727,012,012_0003,8,2
26728,012,012_0004,1,1
26729,012,012_0004,2,1
26730,012,012_0004,3,1
26731,012,012_0004,4,1
26732,012,012_0004,5,1
26733,012,012_0004,6,1
26734,012,012_0004,7,1
26735,012,012_0004,8,1
26736,012,012_0005,1,5
26737,012,012_0005,2,5
26738,012,012_0005,3,5
26739,012,012_0005,4,5
26740,012,012_0005,5,5
26741,012,012_0005,6,5
26742,012,012_0005,7,5
26743,012,012_0005,8,5
26744,012,012_0006,1,4
26745,012,012_0006,2,4
26746,012,012_0006,3,4
26747,012,012_0006,4,4
26748,012,012_0006,5,4
26749,012,012_0006,6,4
26750,012,012_0006,7,4
26751,012,012_0006,8,4
26752,012,012_0007,1,3
26753,012,012_0007,2,3
26754,012,012_0007,3,3
26755,012,012_0007,4,3
26756,012,012_0007,5,3
26757,012,012_0007,6,3
26758,012,012_0007,7,3
26759,012,012_0007,8,3
26760,012,012_0008,1,2
26761,012,012_0008,2,2
26762,012,012_0008,3,2
26763,012,012_0008,4,2
26764,012,012_0008,5,2
26765,012,012_0008,6,2
26766,012,012_0008,7,2
26767,012,012_0008,8,2
26768,012,012_0009,1,1
26769,012,012_0009,2,1
26770,012,012_0009,3,1
26771,012,012_0009,4,1
26772,012,012_0009,5,1
26773,012,012_0009,6,1
26774,012,012_0009,7,1
26775,012,012_0009,8,1
26776,012,012_0010,1,5
26777,012,012_0010,2,5
26778,012,012_0010,3,5
26779,012,012_0010,4,5
26780,012,012_0010,5,5
26781,012,012_0010,6,5
26782,012,012_0010,7,5
26783,012,012_0010,8,5
26784,012,012_0011,1,4
26785,012,012_0011,2,4
26786,012,012_0011,3,4
26787,012,012_0011,4,4
26788,012,012_0011,5,4
26789,012,012_0011,6,4
26790,012,012_0011,7,4
26791,012,012_0011,8,4
26792,012,012_0012,1,3
26793,012,012_0012,2,3
26794,012,012_0012,3,3
26795,012,012_0012,4,3
26796,012,012_0012,5,3
26797,012,012_0012,6,3
26798,012,012_0012,7,3
26799,012,012_0012,8,3
26800,012,012_0013,1,2
26801,012,012_0013,2,2
26802,012,012_0013,3,2
26803,012,012_0013,4,2
26804,012,012_0013,5,2
26805,012,012_0013,6,2
26806,012,012_0013,7,2
26807,012,012_0013,8,2
26808,012,012_0014,1,1
26809,012,012_0014,2,1
26810,012,012_0014,3,1
26811,012,012_0014,4,1
26812,012,012_0014,5,1
26813,012,012_0014,6,1
26814,012,012_0014,7,1
26815,012,012_0014,8,1
26816,012,012_0015,1,5
26817,012,012_0015,2,5
26818,012,012_0015,3,5
26819,012,012_0015,4,5
26820,012,012_0015,5,5
26821,012,012_0015,6,5
26822,012,012_0015,7,5
26823,012,012_0015,8,5
26824,012,012_0016,1,4
26825,012,012_0016,2,4
26826,012,012_0016,3,4
26827,012,012_0016,4,4
26828,012,012_0016,5,4
26829,012,012_0016,6,4
26830,012,012_0016,7,4
26831,012,012_0016,8,4
26832,012,012_0017,1,3
26833,012,012_0017,2,3
26834,012,012_0017,3,3
26835,012,012_0017,4,3
26836,012,012_0017,5,3
26837,012,012_0017,6,3
26838,012,012_0017,7,3
26839,012,012_0017,8,3
26840,012,012_0018,1,2
26841,012,012_0018,2,2
26842,012,012_0018,3,2
26843,012,012_0018,4,2
26844,012,012_0018,5,2
26845,012,012_0018,6,2
26846,012,012_0018,7,2
26847,012,012_0018,8,2
26848,012,012_0019,1,1
26849,012,012_0019,2,1
26850,012,012_0019,3,1
26851,012,012_0019,4,1
26852,012,012_0019,5,1
26853,012,012_0019,6,1
26854,012,012_0019,7,1
26855,012,012_0019,8,1
26856,012,012_0020,1,5
26857,012,012_0020,2,5
26858,012,012_0020,3,5
26859,012,012_0020,4,5
26860,012,012_0020,5,5
26861,012,012_0020,6,5
26862,012,012_0020,7,5
26863,012,012_0020,8,5
26864,012,012_0021,1,4
26865,012,012_0021,2,4
26866,012,012_0021,3,4
26867,012,012_0021,4,4
26868,012,012_0021,5,4
26869,012,012_0021,6,4
26870,012,012_0021,7,4
26871,012,012_0021,8,4
26872,012,012_0022,1,3
26873,012,012_0022,2,3
26874,012,012_0022,3,3
26875,012,012_0022,4,3
26876,012,012_0022,5,3
26877,012,012_0022,6,3
26878,012,012_0022,7,3
26879,012,012_0022,8,3
26880,012,012_0023,1,2
26881,012,012_0023,2,2
26882,012,012_0023,3,2
26883,012,012_0023,4,2
26884,012,012_0023,5,2
26885,012,012_0023,6,2
26886,012,012_0023,7,2
26887,012,012_0023,8,2
26888,012,012_0024,1,1
26889,012,012_0024,2,1
26890,012,012_0024,3,1
26891,012,012_0024,4,1
26892,012,012_0024,5,1
26893,012,012_0024,6,1
26894,012,012_0024,7,1
26895,012,012_0024,8,1
26896,012,012_0025,1,5
26897,012,012_0025,2,5
26898,012,012_0025,3,5
26899,012,012_0025,4,5
26900,012,012_0025,5,5
26901,012,012_0025,6,5
26902,012,012_0025,7,5
26903,012,012_0025,8,5
26904,012,012_0026,1,4
26905,012,012_0026,2,4
26906,012,012_0026,3,4
26907,012,012_0026,4,4
26908,012,012_0026,5,4
26909,012,012_0026,6,4
26910,012,012_0026,7,4
26911,012,012_0026,8,4
26912,012,012_0027,1,3
26913,012,012_0027,2,3
26914,012,012_0027,3,3
26915,012,012_0027,4,3
26916,012,012_0027,5,3
26917,012,012_0027,6,3
26918,012,012_0027,7,3
26919,012,012_0027,8,3
26920,012,012_0028,1,2
26921,012,012_0028,2,2
26922,012,012_0028,3,2
26923,012,012_0028,4,2
26924,012,012_0028,5,2
26925,012,012_0028,6,2
26926,012,012_0028,7,2
26927,012,012_0028,8,2
26928,012,012_0029,1,1
26929,012,012_0029,2,1
26930,012,012_0029,3,1
26931,012,012_0029,4,1
26932,012,012_0029,5,1
26933,012,012_0029,6,1
26934,012,012_0029,7,1
26935,012,012_0029,8,1
26936,012,012_0030,1,5
26937,012,012_0030,2,5
26938,012,012_0030,3,5
26939,012,012_0030,4,5
26940,012,012_0030,5,5
26941,012,012_0030,6,5
26942,012,012_0030,7,5
26943,012,012_0030,8,5
26944,012,012_0031,1,4
26945,012,012_0031,2,4
26946,012,012_0031,3,4
26947,012,012_0031,4,4
26948,012,012_0031,5,4
26949,012,012_0031,6,4
26950,012,012_0031,7,4
26951,012,012_0031,8,4
26952,012,012_0032,1,3
26953,012,012_0032,2,3
26954,012,012_0032,3,3
26955,012,012_0032,4,3
26956,012,012_0032,5,3
26957,012,012_0032,6,3
26958,012,012_0032,7,3
26959,012,012_0032,8,3
26960,012,012_0033,1,2
26961,012,012_0033,2,2
26962,012,012_0033,3,2
26963,012,012_0033,4,2
26964,012,012_0033,5,2
26965,012,012_0033,6,2
26966,012,012_0033,7,2
26967,012,012_0033,8,2
26968,012,012_0034,1,1
26969,012,012_0034,2,1
26970,012,012_0034,3,1
26971,012,012_0034,4,1
26972,012,012_0034,5,1
26973,012,012_0034,6,1
26974,012,012_0034,7,1
26975,012,012_0034,8,1
26976,012,012_0035,1,5
26977,012,012_0035,2,5
26978,012,012_0035,3,5
26979,012,012_0035,4,5
26980,012,012_0035,5,5
26981,012,012_0035,6,5
26982,012,012_0035,7,5
26983,012,012_0035,8,5
26984,012,012_0036,1,4
26985,012,012_0036,2,4
26986,012,012_0036,3,4
26987,012,012_0036,4,4
26988,012,012_0036,5,4
26989,012,012_0036,6,4
26990,012,012_0036,7,4
26991,012,012_0036,8,4
26992,012,012_0037,1,3
26993,012,012_0037,2,3
26994,012,012_0037,3,3
26995,012,012_0037,4,3
26996,012,012_0037,5,3
26997,012,012_0037,6,3
26998,012,012_0037,7,3
26999,012,012_0037,8,3
27000,012,012_0038,1,2
27001,012,012_0038,2,2
27002,012,012_0038,3,2
27003,012,012_0038,4,2
27004,012,012_0038,5,2
27005,012,012_0038,6,2
27006,012,012_0038,7,2
27007,012,012_0038,8,2
27008,012,012_0039,1,1
27009,012,012_0039,2,1
27010,012,012_0039,3,1
27011,012,012_0039,4,1
27012,012,012_0039,5,1
27013,012,012_0039,6,1
27014,012,012_0039,7,1
27015,012,012_0039,8,1
27016,012,012_0040,1,5
27017,012,012_0040,2,5
27018,012,012_0040,3,5
27019,012,012_0040,4,5
27020,012,012_0040,5,5
27021,012,012_0040,6,5
27022,012,012_0040,7,5
27023,012,012_0040,8,5
27024,012,012_0041,1,4
27025,012,012_0041,2,4
27026,012,012_0041,3,4
27027,012,012_0041,4,4
27028,012,012_0041,5,4
27029,012,012_0041,6,4
27030,012,012_0041,7,4
27031,012,012_0041,8,4
27032,012,012_0042,1,3
27033,012,012_0042,2,3
27034,012,012_0042,3,3
27035,012,012_0042,4,3
27036,012,012_0042,5,3
27037,012,012_0042,6,3
27038,012,012_0042,7,3
27039,012,012_0042,8,3
27040,012,012_0043,1,2
27041,012,012_0043,2,2
27042,012,012_0043,3,2
27043,012,012_0043,4,2
27044,012,012_0043,5,2
27045,012,012_0043,6,2
27046,012,012_0043,7,2
27047,012,012_0043,8,2
27048,012,012_0044,1,1
27049,012,012_0044,2,1
27050,012,012_0044,3,1
27051,012,012_0044,4,1
27052,012,012_0044,5,1
27053,012,012_0044,6,1
27054,012,012_0044,7,1
27055,012,012_0044,8,1
27056,012,012_0045,1,5
27057,012,012_0045,2,5
27058,012,012_0045,3,5
27059,012,012_0045,4,5
27060,012,012_0045,5,5
27061,012,012_0045,6,5
27062,012,012_0045,7,5
27063,012,012_0045,8,5
27064,012,012_0046,1,4
27065,012,012_0046,2,4
27066,012,012_0046,3,4
27067,012,012_0046,4,4
27068,012,012_0046,5,4
27069,012,012_0046,6,4
27070,012,012_0046,7,4
27071,012,012_0046,8,4
27072,012,012_0047,1,3
27073,012,012_0047,2,3
27074,012,012_0047,3,3
27075,012,012_0047,4,3
27076,012,012_0047,5,3
27077,012,012_0047,6,3
27078,012,012_0047,7,3
27079,012,012_0047,8,3
27080,012,012_0048,1,2
27081,012,012_0048,2,2
27082,012,012_0048,3,2
27083,012,012_0048,4,2
27084,012,012_0048,5,2
27085,012,012_0048,6,2
27086,012,012_0048,7,2
27087,012,012_0048,8,2
27088,012,012_0049,1,1
27089,012,012_0049,2,1
27090,012,012_0049,3,1
27091,012,012_0049,4,1
27092,012,012_0049,5,1
27093,012,012_0049,6,1
27094,012,012_0049,7,1
27095,012,012_0049,8,1
27096,012,012_0050,1,5
27097,012,012_0050,2,5
27098,012,012_0050,3,5
27099,012,012_0050,4,5
27100,012,012_0050,5,5
27101,012,012_0050,6,5
27102,012,012_0050,7,5
27103,012,012_0050,8,5
27104,012,012_0051,1,4
27105,012,012_0051,2,4
27106,012,012_0051,3,4
27107,012,012_0051,4,4
27108,012,012_0051,5,4
27109,012,012_0051,6,4
27110,012,012_0051,7,4
27111,012,012_0051,8,4
27112,012,012_0052,1,3
27113,012,012_0052,2,3
27114,012,012_0052,3,3
27115,012,012_0052,4,3
27116,012,012_0052,5,3
27117,012,012_0052,6,3
27118,012,012_0052,7,3
27119,012,012_0052,8,3
27120,012,012_0053,1,2
27121,012,012_0053,2,2
27122,012,012_0053,3,2
27123,012,012_0053,4,2
27124,012,012_0053,5,2
27125,012,012_0053,6,2
27126,012,012_0053,7,2
27127,012,012_0053,8,2
27128,012,012_0054,1,1
27129,012,012_0054,2,1
27130,012,012_0054,3,1
27131,012,012_0054,4,1
27132,012,012_0054,5,1
27133,012,012_0054,6,1
27134,012,012_0054,7,1
27135,012,012_0054,8,1
27136,012,012_0055,1,5
27137,012,012_0055,2,5
27138,012,012_0055,3,5
27139,012,012_0055,4,5
27140,012,012_0055,5,5
27141,012,012_0055,6,5
27142,012,012_0055,7,5
27143,012,012_0055,8,5
27144,012,012_0056,1,4
27145,012,012_0056,2,4
27146,012,012_0056,3,4
27147,012,012_0056,4,4
27148,012,012_0056,5,4
27149,012,012_0056,6,4
27150,012,012_0056,7,4
27151,012,012_0056,8,4
27152,012,012_0057,1,3
27153,012,012_0057,2,3
27154,012,012_0057,3,3
27155,012,012_0057,4,3
27156,012,012_0057,5,3
27157,012,012_0057,6,3
27158,012,012_0057,7,3
27159,012,012_0057,8,3
27160,012,012_0058,1,2
27161,012,012_0058,2,2
27162,012,012_0058,3,2
27163,012,012_0058,4,2
27164,012,012_0058,5,2
27165,012,012_0058,6,2
27166,012,012_0058,7,2
27167,012,012_0058,8,2
27168,012,012_0059,1,1
27169,012,012_0059,2,1
27170,012,012_0059,3,1
27171,012,012_0059,4,1
27172,012,012_0059,5,1
27173,012,012_0059,6,1
27174,012,012_0059,7,1
27175,012,012_0059,8,1
27176,012,012_0060,1,5
27177,012,012_0060,2,5
27178,012,012_0060,3,5
27179,012,012_0060,4,5
27180,012,012_0060,5,5
27181,012,012_0060,6,5
27182,012,012_0060,7,5
27183,012,012_0060,8,5
27184,012,012_0061,1,4
27185,012,012_0061,2,4
27186,012,012_0061,3,4
27187,012,012_0061,4,4
27188,012,012_0061,5,4
27189,012,012_0061,6,4
27190,012,012_0061,7,4
27191,012,012_0061,8,4
27192,012,012_0062,1,3
27193,012,012_0062,2,3
27194,012,012_0062,3,3
27195,012,012_0062,4,3
27196,012,012_0062,5,3
27197,012,012_0062,6,3
27198,012,012_0062,7,3
27199,012,012_0062,8,3
27200,012,012_0063,1,2
27201,012,012_0063,2,2
27202,012,012_0063,3,2
27203,012,012_0063,4,2
27204,012,012_0063,5,2
27205,012,012_0063,6,2
27206,012,012_0063,7,2
27207,012,012_0063,8,2
27208,012,012_0064,1,1
27209,012,012_0064,2,1
27210,012,012_0064,3,1
27211,012,012_0064,4,1
27212,012,012_0064,5,1
27213,012,012_0064,6,1
27214,012,012_0064,7,1
27215,012,012_0064,8,1
27216,012,012_0065,1,5
27217,012,012_0065,2,5
27218,012,012_0065,3,5
27219,012,012_0065,4,5
27220,012,012_0065,5,5
27221,012,012_0065,6,5
27222,012,012_0065,7,5
27223,012,012_0065,8,5
27224,012,012_0066,1,4
27225,012,012_0066,2,4
27226,012,012_0066,3,4
27227,012,012_0066,4,4
27228,012,012_0066,5,4
27229,012,012_0066,6,4
27230,012,012_0066,7,4
27231,012,012_0066,8,4
27232,012,012_0067,1,3
27233,012,012_0067,2,3
27234,012,012_0067,3,3
27235,012,012_0067,4,3
27236,012,012_0067,5,3
27237,012,012_0067,6,3
27238,012,012_0067,7,3
27239,012,012_0067,8,3
27240,012,012_0068,1,2
27241,012,012_0068,2,2
27242,012,012_0068,3,2
27243,012,012_0068,4,2
27244,012,012_0068,5,2
27245,012,012_0068,6,2
27246,012,012_0068,7,2
27247,012,012_0068,8,2
27248,012,012_0069,1,1
27249,012,012_0069,2,1
27250,012,012_0069,3,1
27251,012,012_0069,4,1
27252,012,012_0069,5,1
27253,012,012_0069,6,1
27254,012,012_0069,7,1
27255,012,012_0069,8,1
27256,012,012_0070,1,5
27257,012,012_0070,2,5
27258,012,012_0070,3,5
27259,012,012_0070,4,5
27260,012,012_0070,5,5
27261,012,012_0070,6,5
27262,012,012_0070,7,5
27263,012,012_0070,8,5
27264,012,012_0071,1,4
27265,012,012_0071,2,4
27266,012,012_0071,3,4
27267,012,012_0071,4,4
27268,012,012_0071,5,4
27269,012,012_0071,6,4
27270,012,012_0071,7,4
27271,012,012_0071,8,4
27272,012,012_0072,1,3
27273,012,012_0072,2,3
27274,012,012_0072,3,3
27275,012,012_0072,4,3
27276,012,012_0072,5,3
27277,012,012_0072,6,3
27278,012,012_0072,7,3
27279,012,012_0072,8,3
27280,012,012_0073,1,2
27281,012,012_0073,2,2
27282,012,012_0073,3,2
27283,012,012_0073,4,2
27284,012,012_0073,5,2
27285,012,012_0073,6,2
27286,012,012_0073,7,2
27287,012,012_0073,8,2
27288,012,012_0074,1,1
27289,012,012_0074,2,1
27290,012,012_0074,3,1
27291,012,012_0074,4,1
27292,012,012_0074,5,1
27293,012,012_0074,6,1
27294,012,012_0074,7,1
27295,012,012_0074,8,1
27296,012,012_0075,1,5
27297,012,012_0075,2,5
27298,012,012_0075,3,5
27299,012,012_0075,4,5
27300,012,012_0075,5,5
27301,012,012_0075,6,5
27302,012,012_0075,7,5
27303,012,012_0075,8,5
27304,012,012_0076,1,4
27305,012,012_0076,2,4
27306,012,012_0076,3,4
27307,012,012_0076,4,4
27308,012,012_0076,5,4
27309,012,012_0076,6,4
27310,012,012_0076,7,4
27311,012,012_0076,8,4
27312,012,012_0077,1,3
27313,012,012_0077,2,3
27314,012,012_0077,3,3
27315,012,012_0077,4,3
27316,012,012_0077,5,3
27317,012,012_0077,6,3
27318,012,012_0077,7,3
27319,012,012_0077,8,3
27320,012,012_0078,1,2
27321,012,012_0078,2,2
27322,012,012_0078,3,2
27323,012,012_0078,4,2
27324,012,012_0078,5,2
27325,012,012_0078,6,2
27326,012,012_0078,7,2
27327,012,012_0078,8,2
27328,012,012_0079,1,1
27329,012,012_0079,2,1
27330,012,012_0079,3,1
27331,012,012_0079,4,1
27332,012,012_0079,5,1
27333,012,012_0079,6,1
27334,012,012_0079,7,1
27335,012,012_0079,8,1
27336,012,012_0080,1,5
27337,012,012_0080,2,5
27338,012,012_0080,3,5
27339,012,012_0080,4,5
27340,012,012_0080,5,5
27341,012,012_0080,6,5
27342,012,012_0080,7,5
27343,012,012_0080,8,5
27344,012,012_0081,1,4
27345,012,012_0081,2,4
27346,012,012_0081,3,4
27347,012,012_0081,4,4
27348,012,012_0081,5,4
27349,012,012_0081,6,4
27350,012,012_0081,7,4
27351,012,012_0081,8,4
27352,012,012_0082,1,3
27353,012,012_0082,2,3
27354,012,012_0082,3,3
27355,012,012_0082,4,3
27356,012,012_0082,5,3
27357,012,012_0082,6,3
27358,012,012_0082,7,3
27359,012,012_0082,8,3
27360,012,012_0083,1,2
27361,012,012_0083,2,2
27362,012,012_0083,3,2
27363,012,012_0083,4,2
27364,012,012_0083,5,2
27365,012,012_0083,6,2
27366,012,012_0083,7,2
27367,012,012_0083,8,2
27368,012,012_0084,1,1
27369,012,012_0084,2,1
27370,012,012_0084,3,1
27371,012,012_0084,4,1
27372,012,012_0084,5,1
27373,012,012_0084,6,1
27374,012,012_0084,7,1
27375,012,012_0084,8,1
27376,012,012_0085,1,5
27377,012,012_0085,2,5
27378,012,012_0085,3,5
27379,012,012_0085,4,5
27380,012,012_0085,5,5
27381,012,012_0085,6,5
27382,012,012_0085,7,5
27383,012,012_0085,8,5
27384,012,012_0086,1,4
27385,012,012_0086,2,4
27386,012,012_0086,3,4
27387,012,012_0086,4,4
27388,012,012_0086,5,4
27389,012,012_0086,6,4
27390,012,012_0086,7,4
27391,012,012_0086,8,4
27392,012,012_0087,1,3
27393,012,012_0087,2,3
27394,012,012_0087,3,3
27395,012,012_0087,4,3
27396,012,012_0087,5,3
27397,012,012_0087,6,3
27398,012,012_0087,7,3
27399,012,012_0087,8,3
27400,012,012_0088,1,2
27401,012,012_0088,2,2
27402,012,012_0088,3,2
27403,012,012_0088,4,2
27404,012,012_0088,5,2
27405,012,012_0088,6,2
27406,012,012_0088,7,2
27407,012,012_0088,8,2
27408,012,012_0089,1,1
27409,012,012_0089,2,1
27410,012,012_0089,3,1
27411,012,012_0089,4,1
27412,012,012_0089,5,1
27413,012,012_0089,6,1
27414,012,012_0089,7,1
27415,012,012_0089,8,1
27416,012,012_0090,1,5
27417,012,012_0090,2,5
27418,012,012_0090,3,5
27419,012,012_0090,4,5
27420,012,012_0090,5,5
27421,012,012_0090,6,5
27422,012,012_0090,7,5
27423,012,012_0090,8,5
27424,012,012_0091,1,4
27425,012,012_0091,2,4
27426,012,012_0091,3,4
27427,012,012_0091,4,4
27428,012,012_0091,5,4
27429,012,012_0091,6,4
27430,012,012_0091,7,4
27431,012,012_0091,8,4
27432,012,012_0092,1,3
27433,012,012_0092,2,3
27434,012,012_0092,3,3
27435,012,012_0092,4,3
27436,012,012_0092,5,3
27437,012,012_0092,6,3
27438,012,012_0092,7,3
27439,012,012_0092,8,3
27440,012,012_0093,1,2
27441,012,012_0093,2,2
27442,012,012_0093,3,2
27443,012,012_0093,4,2
27444,012,012_0093,5,2
27445,012,012_0093,6,2
27446,012,012_0093,7,2
27447,012,012_0093,8,2
27448,012,012_0094,1,1
27449,012,012_0094,2,1
27450,012,012_0094,3,1
27451,012,012_0094,4,1
27452,012,012_0094,5,1
27453,012,012_0094,6,1
27454,012,012_0094,7,1
27455,012,012_0094,8,1
27456,012,012_0095,1,5
27457,012,012_0095,2,5
27458,012,012_0095,3,5
27459,012,012_0095,4,5
27460,012,012_0095,5,5
27461,012,012_0095,6,5
27462,012,012_0095,7,5
27463,012,012_0095,8,5
27464,012,012_0096,1,4
27465,012,012_0096,2,4
27466,012,012_0096,3,4
27467,012,012_0096,4,4
27468,012,012_0096,5,4
27469,012,012_0096,6,4
27470,012,012_0096,7,4
27471,012,012_0096,8,4
27472,012,012_0097,1,3
27473,012,012_0097,2,3
27474,012,012_0097,3,3
27475,012,012_0097,4,3
27476,012,012_0097,5,3
27477,012,012_0097,6,3
27478,012,012_0097,7,3
27479,012,012_0097,8,3
27480,012,012_0098,1,2
27481,012,012_0098,2,2
27482,012,012_0098,3,2
27483,012,012_0098,4,2
27484,012,012_0098,5,2
27485,012,012_0098,6,2
27486,012,012_0098,7,2
27487,012,012_0098,8,2
27488,012,012_0099,1,1
27489,012,012_0099,2,1
27490,012,012_0099,3,1
27491,012,012_0099,4,1
27492,012,012_0099,5,1
27493,012,012_0099,6,1
27494,012,012_0099,7,1
27495,012,012_0099,8,1
27496,012,012_0100,1,5
27497,012,012_0100,2,5
27498,012,012_0100,3,5
27499,012,012_0100,4,5
27500,012,012_0100,5,5
27501,012,012_0100,6,5
27502,012,012_0100,7,5
27503,012,012_0100,8,5
27504,012,012_0101,1,4
27505,012,012_0101,2,4
27506,012,012_0101,3,4
27507,012,012_0101,4,4
27508,012,012_0101,5,4
27509,012,012_0101,6,4
27510,012,012_0101,7,4
27511,012,012_0101,8,4
27512,012,012_0102,1,3
27513,012,012_0102,2,3
27514,012,012_0102,3,3
27515,012,012_0102,4,3
27516,012,012_0102,5,3
27517,012,012_0102,6,3
27518,012,012_0102,7,3
27519,012,012_0102,8,3
27520,012,012_0103,1,2
27521,012,012_0103,2,2
27522,012,012_0103,3,2
27523,012,012_0103,4,2
27524,012,012_0103,5,2
27525,012,012_0103,6,2
27526,012,012_0103,7,2
27527,012,012_0103,8,2
27528,012,012_0104,1,1
27529,012,012_0104,2,1
27530,012,012_0104,3,1
27531,012,012_0104,4,1
27532,012,012_0104,5,1
27533,012,012_0104,6,1
27534,012,012_0104,7,1
27535,012,012_0104,8,1
27536,012,012_0105,1,5
27537,012,012_0105,2,5
27538,012,012_0105,3,5
27539,012,012_0105,4,5
27540,012,012_0105,5,5
27541,012,012_0105,6,5
27542,012,012_0105,7,5
27543,012,012_0105,8,5
27544,012,012_0106,1,4
27545,012,012_0106,2,4
27546,012,012_0106,3,4
27547,012,012_0106,4,4
27548,012,012_0106,5,4
27549,012,012_0106,6,4
27550,012,012_0106,7,4
27551,012,012_0106,8,4
27552,012,012_0107,1,3
27553,012,012_0107,2,3
27554,012,012_0107,3,3
27555,012,012_0107,4,3
27556,012,012_0107,5,3
27557,012,012_0107,6,3
27558,012,012_0107,7,3
27559,012,012_0107,8,3
27560,012,012_0108,1,2
27561,012,012_0108,2,2
27562,012,012_0108,3,2
27563,012,012_0108,4,2
27564,012,012_0108,5,2
27565,012,012_0108,6,2
27566,012,012_0108,7,2
27567,012,012_0108,8,2
27568,012,012_0109,1,1
27569,012,012_0109,2,1
27570,012,012_0109,3,1
27571,012,012_0109,4,1
27572,012,012_0109,5,1
27573,012,012_0109,6,1
27574,012,012_0109,7,1
27575,012,012_0109,8,1
27576,012,012_0110,1,5
27577,012,012_0110,2,5
27578,012,012_0110,3,5
27579,012,012_0110,4,5
27580,012,012_0110,5,5
27581,012,012_0110,6,5
27582,012,012_0110,7,5
27583,012,012_0110,8,5
27584,012,012_0111,1,4
27585,012,012_0111,2,4
27586,012,012_0111,3,4
27587,012,012_0111,4,4
27588,012,012_0111,5,4
27589,012,012_0111,6,4
27590,012,012_0111,7,4
27591,012,012_0111,8,4
27592,012,012_0112,1,3
27593,012,012_0112,2,3
27594,012,012_0112,3,3
27595,012,012_0112,4,3
27596,012,012_0112,5,3
27597,012,012_0112,6,3
27598,012,012_0112,7,3
27599,012,012_0112,8,3
27600,012,012_0113,1,2
27601,012,012_0113,2,2
27602,012,012_0113,3,2
27603,012,012_0113,4,2
27604,012,012_0113,5,2
27605,012,012_0113,6,2
27606,012,012_0113,7,2
27607,012,012_0113,8,2
27608,012,012_0114,1,1
27609,012,012_0114,2,1
27610,012,012_0114,3,1
27611,012,012_0114,4,1
27612,012,012_0114,5,1
27613,012,012_0114,6,1
27614,012,012_0114,7,1
27615,012,012_0114,8,1
27616,012,012_0115,1,5
27617,012,012_0115,2,5
27618,012,012_0115,3,5
27619,012,012_0115,4,5
27620,012,012_0115,5,5
27621,012,012_0115,6,5
27622,012,012_0115,7,5
27623,012,012_0115,8,5
27624,012,012_0116,1,4
27625,012,012_0116,2,4
27626,012,012_0116,3,4
27627,012,012_0116,4,4
27628,012,012_0116,5,4
27629,012,012_0116,6,4
27630,012,012_0116,7,4
27631,012,012_0116,8,4
27632,012,012_0117,1,3
27633,012,012_0117,2,3
27634,012,012_0117,3,3
27635,012,012_0117,4,3
27636,012,012_0117,5,3
27637,012,012_0117,6,3
27638,012,012_0117,7,3
27639,012,012_0117,8,3
27640,012,012_0118,1,2
27641,012,012_0118,2,2
27642,012,012_0118,3,2
27643,012,012_0118,4,2
27644,012,012_0118,5,2
27645,012,012_0118,6,2
27646,012,012_0118,7,2
27647,012,012_0118,8,2
27648,012,012_0119,1,1
27649,012,012_0119,2,1
27650,012,012_0119,3,1
27651,012,012_0119,4,1
27652,012,012_0119,5,1
27653,012,012_0119,6,1
27654,012,012_0119,7,1
27655,012,012_0119,8,1
27656,012,012_0120,1,5
27657,012,012_0120,2,5
27658,012,012_0120,3,5
27659,012,012_0120,4,5
27660,012,012_0120,5,5
27661,012,012_0120,6,5
27662,012,012_0120,7,5
27663,012,012_0120,8,5
27664,012,012_0121,1,4
27665,012,012_0121,2,4
27666,012,012_0121,3,4
27667,012,012_0121,4,4
27668,012,012_0121,5,4
27669,012,012_0121,6,4
27670,012,012_0121,7,4
27671,012,012_0121,8,4
27672,012,012_0122,1,3
27673,012,012_0122,2,3
27674,012,012_0122,3,3
27675,012,012_0122,4,3
27676,012,012_0122,5,3
27677,012,012_0122,6,3
27678,012,012_0122,7,3
27679,012,012_0122,8,3
27680,012,012_0123,1,2
27681,012,012_0123,2,2
27682,012,012_0123,3,2
27683,012,012_0123,4,2
27684,012,012_0123,5,2
27685,012,012_0123,6,2
27686,012,012_0123,7,2
27687,012,012_0123,8,2
27688,012,012_0124,1,1
27689,012,012_0124,2,1
27690,012,012_0124,3,1
27691,012,012_0124,4,1
27692,012,012_0124,5,1
27693,012,012_0124,6,1
27694,012,012_0124,7,1
27695,012,012_0124,8,1
27696,012,012_0125,1,5
27697,012,012_0125,2,5
27698,012,012_0125,3,5
27699,012,012_0125,4,5
27700,012,012_0125,5,5
27701,012,012_0125,6,5
27702,012,012_0125,7,5
27703,012,012_0125,8,5
27704,012,012_0126,1,4
27705,012,012_0126,2,4
27706,012,012_0126,3,4
27707,012,012_0126,4,4
27708,012,012_0126,5,4
27709,012,012_0126,6,4
27710,012,012_0126,7,4
27711,012,012_0126,8,4
27712,012,012_0127,1,3
27713,012,012_0127,2,3
27714,012,012_0127,3,3
27715,012,012_0127,4,3
27716,012,012_0127,5,3
27717,012,012_0127,6,3
27718,012,012_0127,7,3
27719,012,012_0127,8,3
27720,012,012_0128,1,2
27721,012,012_0128,2,2
27722,012,012_0128,3,2
27723,012,012_0128,4,2
27724,012,012_0128,5,2
27725,012,012_0128,6,2
27726,012,012_0128,7,2
27727,012,012_0128,8,2
27728,012,012_0129,1,1
27729,012,012_0129,2,1
27730,012,012_0129,3,1
27731,012,012_0129,4,1
27732,012,012_0129,5,1
27733,012,012_0129,6,1
27734,012,012_0129,7,1
27735,012,012_0129,8,1
27736,012,012_0130,1,5
27737,012,012_0130,2,5
27738,012,012_0130,3,5
27739,012,012_0130,4,5
27740,012,012_0130,5,5
27741,012,012_0130,6,5
27742,012,012_0130,7,5
27743,012,012_0130,8,5
27744,012,012_0131,1,4
27745,012,012_0131,2,4
27746,012,012_0131,3,4
27747,012,012_0131,4,4
27748,012,012_0131,5,4
27749,012,012_0131,6,4
27750,012,012_0131,7,4
27751,012,012_0131,8,4
27752,012,012_0132,1,3
27753,012,012_0132,2,3
27754,012,012_0132,3,3
27755,012,012_0132,4,3
27756,012,012_0132,5,3
27757,012,012_0132,6,3
27758,012,012_0132,7,3
27759,012,012_0132,8,3
27760,012,012_0133,1,2
27761,012,012_0133,2,2
27762,012,012_0133,3,2
27763,012,012_0133,4,2
27764,012,012_0133,5,2
27765,012,012_0133,6,2
27766,012,012_0133,7,2
27767,012,012_0133,8,2
27768,012,012_0134,1,1
27769,012,012_0134,2,1
27770,012,012_0134,3,1
27771,012,012_0134,4,1
27772,012,012_0134,5,1
27773,012,012_0134,6,1
27774,012,012_0134,7,1
27775,012,012_0134,8,1
27776,012,012_0135,1,5
27777,012,012_0135,2,5
27778,012,012_0135,3,5
27779,012,012_0135,4,5
27780,012,012_0135,5,5
27781,012,012_0135,6,5
27782,012,012_0135,7,5
27783,012,012_0135,8,5
27784,012,012_0136,1,4
27785,012,012_0136,2,4
27786,012,012_0136,3,4
27787,012,012_0136,4,4
27788,012,012_0136,5,4
27789,012,012_0136,6,4
27790,012,012_0136,7,4
27791,012,012_0136,8,4
27792,012,012_0137,1,3
27793,012,012_0137,2,3
27794,012,012_0137,3,3
27795,012,012_0137,4,3
27796,012,012_0137,5,3
27797,012,012_0137,6,3
27798,012,012_0137,7,3
27799,012,012_0137,8,3
27800,012,012_0138,1,2
27801,012,012_0138,2,2
27802,012,012_0138,3,2
27803,012,012_0138,4,2
27804,012,012_0138,5,2
27805,012,012_0138,6,2
27806,012,012_0138,7,2
27807,012,012_0138,8,2
27808,012,012_0139,1,1
27809,012,012_0139,2,1
27810,012,012_0139,3,1
27811,012,012_0139,4,1
27812,012,012_0139,5,1
27813,012,012_0139,6,1
27814,012,012_0139,7,1
27815,012,012_0139,8,1
27816,012,012_0140,1,5
27817,012,012_0140,2,5
27818,012,012_0140,3,5
27819,012,012_0140,4,5
27820,012,012_0140,5,5
27821,012,012_0140,6,5
27822,012,012_0140,7,5
27823,012,012_0140,8,5
27824,012,012_0141,1,4
27825,012,012_0141,2,4
27826,012,012_0141,3,4
27827,012,012_0141,4,4
27828,012,012_0141,5,4
27829,012,012_0141,6,4
27830,012,012_0141,7,4
27831,012,012_0141,8,4
27832,012,012_0142,1,3
27833,012,012_0142,2,3
27834,012,012_0142,3,3
27835,012,012_0142,4,3
27836,012,012_0142,5,3
27837,012,012_0142,6,3
27838,012,012_0142,7,3
27839,012,012_0142,8,3
27840,012,012_0143,1,2
27841,012,012_0143,2,2
27842,012,012_0143,3,2
27843,012,012_0143,4,2
27844,012,012_0143,5,2
27845,012,012_0143,6,2
27846,012,012_0143,7,2
27847,012,012_0143,8,2
27848,012,012_0144,1,1
27849,012,012_0144,2,1
27850,012,012_0144,3,1
27851,012,012_0144,4,1
27852,012,012_0144,5,1
27853,012,012_0144,6,1
27854,012,012_0144,7,1
27855,012,012_0144,8,1
27856,012,012_0145,1,5
27857,012,012_0145,2,5
27858,012,012_0145,3,5
27859,012,012_0145,4,5
27860,012,012_0145,5,5
27861,012,012_0145,6,5
27862,012,012_0145,7,5
27863,012,012_0145,8,5
27864,012,012_0146,1,4
27865,012,012_0146,2,4
27866,012,012_0146,3,4
27867,012,012_0146,4,4
27868,012,012_0146,5,4
27869,012,012_0146,6,4
27870,012,012_0146,7,4
27871,012,012_0146,8,4
27872,012,012_0147,1,3
27873,012,012_0147,2,3
27874,012,012_0147,3,3
27875,012,012_0147,4,3
27876,012,012_0147,5,3
27877,012,012_0147,6,3
27878,012,012_0147,7,3
27879,012,012_0147,8,3
27880,012,012_0148,1,2
27881,012,012_0148,2,2
27882,012,012_0148,3,2
27883,012,012_0148,4,2
27884,012,012_0148,5,2
27885,012,012_0148,6,2
27886,012,012_0148,7,2
27887,012,012_0148,8,2
27888,012,012_0149,1,1
27889,012,012_0149,2,1
27890,012,012_0149,3,1
27891,012,012_0149,4,1
27892,012,012_0149,5,1
27893,012,012_0149,6,1
27894,012,012_0149,7,1
27895,012,012_0149,8,1
27896,012,012_0150,1,5
27897,012,012_0150,2,5
27898,012,012_0150,3,5
27899,012,012_0150,4,5
27900,012,012_0150,5,5
27901,012,012_0150,6,5
27902,012,012_0150,7,5
27903,012,012_0150,8,5
27904,012,012_0151,1,4
27905,012,012_0151,2,4
27906,012,012_0151,3,4
27907,012,012_0151,4,4
27908,012,012_0151,5,4
27909,012,012_0151,6,4
27910,012,012_0151,7,4
27911,012,012_0151,8,4
27912,012,012_0152,1,3
27913,012,012_0152,2,3
27914,012,012_0152,3,3
27915,012,012_0152,4,3
27916,012,012_0152,5,3
27917,012,012_0152,6,3
27918,012,012_0152,7,3
27919,012,012_0152,8,3
27920,012,012_0153,1,2
27921,012,012_0153,2,2
27922,012,012_0153,3,2
27923,012,012_0153,4,2
27924,012,012_0153,5,2
27925,012,012_0153,6,2
27926,012,012_0153,7,2
27927,012,012_0153,8,2
27928,012,012_0154,1,1
27929,012,012_0154,2,1
27930,012,012_0154,3,1
27931,012,012_0154,4,1
27932,012,012_0154,5,1
27933,012,012_0154,6,1
27934,012,012_0154,7,1
27935,012,012_0154,8,1
27936,012,012_0155,1,5
27937,012,012_0155,2,5
27938,012,012_0155,3,5
27939,012,012_0155,4,5
27940,012,012_0155,5,5
27941,012,012_0155,6,5
27942,012,012_0155,7,5
27943,012,012_0155,8,5
27944,012,012_0156,1,4
27945,012,012_0156,2,4
27946,012,012_0156,3,4
27947,012,012_0156,4,4
27948,012,012_0156,5,4
27949,012,012_0156,6,4
27950,012,012_0156,7,4
27951,012,012_0156,8,4
27952,012,012_0157,1,3
27953,012,012_0157,2,3
27954,012,012_0157,3,3
27955,012,012_0157,4,3
27956,012,012_0157,5,3
27957,012,012_0157,6,3
27958,012,012_0157,7,3
27959,012,012_0157,8,3
27960,012,012_0158,1,2
27961,012,012_0158,2,2
27962,012,012_0158,3,2
27963,012,012_0158,4,2
27964,012,012_0158,5,2
27965,012,012_0158,6,2
27966,012,012_0158,7,2
27967,012,012_0158,8,2
27968,012,012_0159,1,1
27969,012,012_0159,2,1
27970,012,012_0159,3,1
27971,012,012_0159,4,1
27972,012,012_0159,5,1
27973,012,012_0159,6,1
27974,012,012_0159,7,1
27975,012,012_0159,8,1
27976,012,012_0160,1,5
27977,012,012_0160,2,5
27978,012,012_0160,3,5
27979,012,012_0160,4,5
27980,012,012_0160,5,5
27981,012,012_0160,6,5
27982,012,012_0160,7,5
27983,012,012_0160,8,5
27984,012,012_0161,1,4
27985,012,012_0161,2,4
27986,012,012_0161,3,4
27987,012,012_0161,4,4
27988,012,012_0161,5,4
27989,012,012_0161,6,4
27990,012,012_0161,7,4
27991,012,012_0161,8,4
27992,012,012_0162,1,3
27993,012,012_0162,2,3
27994,012,012_0162,3,3
27995,012,012_0162,4,3
27996,012,012_0162,5,3
27997,012,012_0162,6,3
27998,012,012_0162,7,3
27999,012,012_0162,8,3
28000,012,012_0163,1,2
28001,012,012_0163,2,2
28002,012,012_0163,3,2
28003,012,012_0163,4,2
28004,012,012_0163,5,2
28005,012,012_0163,6,2
28006,012,012_0163,7,2
28007,012,012_0163,8,2
28008,012,012_0164,1,1
28009,012,012_0164,2,1
28010,012,012_0164,3,1
28011,012,012_0164,4,1
28012,012,012_0164,5,1
28013,012,012_0164,6,1
28014,012,012_0164,7,1
28015,012,012_0164,8,1
28016,012,012_0165,1,5
28017,012,012_0165,2,5
28018,012,012_0165,3,5
28019,012,012_0165,4,5
28020,012,012_0165,5,5
28021,012,012_0165,6,5
28022,012,012_0165,7,5
28023,012,012_0165,8,5
28024,012,012_0166,1,4
28025,012,012_0166,2,4
28026,012,012_0166,3,4
28027,012,012_0166,4,4
28028,012,012_0166,5,4
28029,012,012_0166,6,4
28030,012,012_0166,7,4
28031,012,012_0166,8,4
28032,012,012_0167,1,3
28033,012,012_0167,2,3
28034,012,012_0167,3,3
28035,012,012_0167,4,3
28036,012,012_0167,5,3
28037,012,012_0167,6,3
28038,012,012_0167,7,3
28039,012,012_0167,8,3
28040,012,012_0168,1,2
28041,012,012_0168,2,2
28042,012,012_0168,3,2
28043,012,012_0168,4,2
28044,012,012_0168,5,2
28045,012,012_0168,6,2
28046,012,012_0168,7,2
28047,012,012_0168,8,2
28048,012,012_0169,1,1
28049,012,012_0169,2,1
28050,012,012_0169,3,1
28051,012,012_0169,4,1
28052,012,012_0169,5,1
28053,012,012_0169,6,1
28054,012,012_0169,7,1
28055,012,012_0169,8,1
28056,012,012_0170,1,5
28057,012,012_0170,2,5
28058,012,012_0170,3,5
28059,012,012_0170,4,5
28060,012,012_0170,5,5
28061,012,012_0170,6,5
28062,012,012_0170,7,5
28063,012,012_0170,8,5
28064,012,012_0171,1,4
28065,012,012_0171,2,4
28066,012,012_0171,3,4
28067,012,012_0171,4,4
28068,012,012_0171,5,4
28069,012,012_0171,6,4
28070,012,012_0171,7,4
28071,012,012_0171,8,4
28072,012,012_0172,1,3
28073,012,012_0172,2,3
28074,012,012_0172,3,3
28075,012,012_0172,4,3
28076,012,012_0172,5,3
28077,012,012_0172,6,3
28078,012,012_0172,7,3
28079,012,012_0172,8,3
28080,012,012_0173,1,2
28081,012,012_0173,2,2
28082,012,012_0173,3,2
28083,012,012_0173,4,2
28084,012,012_0173,5,2
28085,012,012_0173,6,2
28086,012,012_0173,7,2
28087,012,012_0173,8,2
28088,012,012_0174,1,1
28089,012,012_0174,2,1
28090,012,012_0174,3,1
28091,012,012_0174,4,1
28092,012,012_0174,5,1
28093,012,012_0174,6,1
28094,012,012_0174,7,1
28095,012,012_0174,8,1
28096,012,012_0175,1,5
28097,012,012_0175,2,5
28098,012,012_0175,3,5
28099,012,012_0175,4,5
28100,012,012_0175,5,5
28101,012,012_0175,6,5
28102,012,012_0175,7,5
28103,012,012_0175,8,5
28104,012,012_0176,1,4
28105,012,012_0176,2,4
28106,012,012_0176,3,4
28107,012,012_0176,4,4
28108,012,012_0176,5,4
28109,012,012_0176,6,4
28110,012,012_0176,7,4
28111,012,012_0176,8,4
28112,012,012_0177,1,3
28113,012,012_0177,2,3
28114,012,012_0177,3,3
28115,012,012_0177,4,3
28116,012,012_0177,5,3
28117,012,012_0177,6,3
28118,012,012_0177,7,3
28119,012,012_0177,8,3
28120,012,012_0178,1,2
28121,012,012_0178,2,2
28122,012,012_0178,3,2
28123,012,012_0178,4,2
28124,012,012_0178,5,2
28125,012,012_0178,6,2
28126,012,012_0178,7,2
28127,012,012_0178,8,2
28128,012,012_0179,1,1
28129,012,012_0179,2,1
28130,012,012_0179,3,1
28131,012,012_0179,4,1
28132,012,012_0179,5,1
28133,012,012_0179,6,1
28134,012,012_0179,7,1
28135,012,012_0179,8,1
28136,012,012_0180,1,5
28137,012,012_0180,2,5
28138,012,012_0180,3,5
28139,012,012_0180,4,5
28140,012,012_0180,5,5
28141,012,012_0180,6,5
28142,012,012_0180,7,5
28143,012,012_0180,8,5
28144,012,012_0181,1,4
28145,012,012_0181,2,4
28146,012,012_0181,3,4
28147,012,012_0181,4,4
28148,012,012_0181,5,4
28149,012,012_0181,6,4
28150,012,012_0181,7,4
28151,012,012_0181,8,4
28152,012,012_0182,1,3
28153,012,012_0182,2,3
28154,012,012_0182,3,3
28155,012,012_0182,4,3
28156,012,012_0182,5,3
28157,012,012_0182,6,3
28158,012,012_0182,7,3
28159,012,012_0182,8,3
28160,012,012_0183,1,2
28161,012,012_0183,2,2
28162,012,012_0183,3,2
28163,012,012_0183,4,2
28164,012,012_0183,5,2
28165,012,012_0183,6,2
28166,012,012_0183,7,2
28167,012,012_0183,8,2
28168,012,012_0184,1,1
28169,012,012_0184,2,1
28170,012,012_0184,3,1
28171,012,012_0184,4,1
28172,012,012_0184,5,1
28173,012,012_0184,6,1
28174,012,012_0184,7,1
28175,012,012_0184,8,1
28176,012,012_0185,1,5
28177,012,012_0185,2,5
28178,012,012_0185,3,5
28179,012,012_0185,4,5
28180,012,012_0185,5,5
28181,012,012_0185,6,5
28182,012,012_0185,7,5
28183,012,012_0185,8,5
28184,012,012_0186,1,4
28185,012,012_0186,2,4
28186,012,012_0186,3,4
28187,012,012_0186,4,4
28188,012,012_0186,5,4
28189,012,012_0186,6,4
28190,012,012_0186,7,4
28191,012,012_0186,8,4
28192,012,012_0187,1,3
28193,012,012_0187,2,3
28194,012,012_0187,3,3
28195,012,012_0187,4,3
28196,012,012_0187,5,3
28197,012,012_0187,6,3
28198,012,012_0187,7,3
28199,012,012_0187,8,3
28200,012,012_0188,1,2
28201,012,012_0188,2,2
28202,012,012_0188,3,2
28203,012,012_0188,4,2
28204,012,012_0188,5,2
28205,012,012_0188,6,2
28206,012,012_0188,7,2
28207,012,012_0188,8,2
28208,012,012_0189,1,1
28209,012,012_0189,2,1
28210,012,012_0189,3,1
28211,012,012_0189,4,1
28212,012,012_0189,5,1
28213,012,012_0189,6,1
28214,012,012_0189,7,1
28215,012,012_0189,8,1
28216,012,012_0190,1,5
28217,012,012_0190,2,5
28218,012,012_0190,3,5
28219,012,012_0190,4,5
28220,012,012_0190,5,5
28221,012,012_0190,6,5
28222,012,012_0190,7,5
28223,012,012_0190,8,5
28224,012,012_0191,1,4
28225,012,012_0191,2,4
28226,012,012_0191,3,4
28227,012,012_0191,4,4
28228,012,012_0191,5,4
28229,012,012_0191,6,4
28230,012,012_0191,7,4
28231,012,012_0191,8,4
28232,012,012_0192,1,3
28233,012,012_0192,2,3
28234,012,012_0192,3,3
28235,012,012_0192,4,3
28236,012,012_0192,5,3
28237,012,012_0192,6,3
28238,012,012_0192,7,3
28239,012,012_0192,8,3
28240,012,012_0193,1,2
28241,012,012_0193,2,2
28242,012,012_0193,3,2
28243,012,012_0193,4,2
28244,012,012_0193,5,2
28245,012,012_0193,6,2
28246,012,012_0193,7,2
28247,012,012_0193,8,2
28248,012,012_0194,1,1
28249,012,012_0194,2,1
28250,012,012_0194,3,1
28251,012,012_0194,4,1
28252,012,012_0194,5,1
28253,012,012_0194,6,1
28254,012,012_0194,7,1
28255,012,012_0194,8,1
28256,012,012_0195,1,5
28257,012,012_0195,2,5
28258,012,012_0195,3,5
28259,012,012_0195,4,5
28260,012,012_0195,5,5
28261,012,012_0195,6,5
28262,012,012_0195,7,5
28263,012,012_0195,8,5
28264,012,012_0196,1,4
28265,012,012_0196,2,4
28266,012,012_0196,3,4
28267,012,012_0196,4,4
28268,012,012_0196,5,4
28269,012,012_0196,6,4
28270,012,012_0196,7,4
28271,012,012_0196,8,4
28272,012,012_0197,1,3
28273,012,012_0197,2,3
28274,012,012_0197,3,3
28275,012,012_0197,4,3
28276,012,012_0197,5,3
28277,012,012_0197,6,3
28278,012,012_0197,7,3
28279,012,012_0197,8,3
28280,012,012_0198,1,2
28281,012,012_0198,2,2
28282,012,012_0198,3,2
28283,012,012_0198,4,2
28284,012,012_0198,5,2
28285,012,012_0198,6,2
28286,012,012_0198,7,2
28287,012,012_0198,8,2
28288,012,012_0199,1,1
28289,012,012_0199,2,1
28290,012,012_0199,3,1
28291,012,012_0199,4,1
28292,012,012_0199,5,1
28293,012,012_0199,6,1
28294,012,012_0199,7,1
28295,012,012_0199,8,1
28296,012,012_0200,1,5
28297,012,012_0200,2,5
28298,012,012_0200,3,5
28299,012,012_0200,4,5
28300,012,012_0200,5,5
28301,012,012_0200,6,5
28302,012,012_0200,7,5
28303,012,012_0200,8,5
28304,012,012_0201,1,4
28305,012,012_0201,2,4
28306,012,012_0201,3,4
28307,012,012_0201,4,4
28308,012,012_0201,5,4
28309,012,012_0201,6,4
28310,012,012_0201,7,4
28311,012,012_0201,8,4
28312,012,012_0202,1,3
28313,012,012_0202,2,3
28314,012,012_0202,3,3
28315,012,012_0202,4,3
28316,012,012_0202,5,3
28317,012,012_0202,6,3
28318,012,012_0202,7,3
28319,012,012_0202,8,3
28320,012,012_0203,1,2
28321,012,012_0203,2,2
28322,012,012_0203,3,2
28323,012,012_0203,4,2
28324,012,012_0203,5,2
28325,012,012_0203,6,2
28326,012,012_0203,7,2
28327,012,012_0203,8,2
28328,012,012_0204,1,1
28329,012,012_0204,2,1
28330,012,012_0204,3,1
28331,012,012_0204,4,1
28332,012,012_0204,5,1
28333,012,012_0204,6,1
28334,012,012_0204,7,1
28335,012,012_0204,8,1
28336,012,012_0205,1,5
28337,012,012_0205,2,5
28338,012,012_0205,3,5
28339,012,012_0205,4,5
28340,012,012_0205,5,5
28341,012,012_0205,6,5
28342,012,012_0205,7,5
28343,012,012_0205,8,5
28344,012,012_0206,1,4
28345,012,012_0206,2,4
28346,012,012_0206,3,4
28347,012,012_0206,4,4
28348,012,012_0206,5,4
28349,012,012_0206,6,4
28350,012,012_0206,7,4
28351,012,012_0206,8,4
28352,012,012_0207,1,3
28353,012,012_0207,2,3
28354,012,012_0207,3,3
28355,012,012_0207,4,3
28356,012,012_0207,5,3
28357,012,012_0207,6,3
28358,012,012_0207,7,3
28359,012,012_0207,8,3
28360,012,012_0208,1,2
28361,012,012_0208,2,2
28362,012,012_0208,3,2
28363,012,012_0208,4,2
28364,012,012_0208,5,2
28365,012,012_0208,6,2
28366,012,012_0208,7,2
28367,012,012_0208,8,2
28368,012,012_0209,1,1
28369,012,012_0209,2,1
28370,012,012_0209,3,1
28371,012,012_0209,4,1
28372,012,012_0209,5,1
28373,012,012_0209,6,1
28374,012,012_0209,7,1
28375,012,012_0209,8,1
28376,012,012_0210,1,5
28377,012,012_0210,2,5
28378,012,012_0210,3,5
28379,012,012_0210,4,5
28380,012,012_0210,5,5
28381,012,012_0210,6,5
28382,012,012_0210,7,5
28383,012,012_0210,8,5
28384,012,012_0211,1,4
28385,012,012_0211,2,4
28386,012,012_0211,3,4
28387,012,012_0211,4,4
28388,012,012_0211,5,4
28389,012,012_0211,6,4
28390,012,012_0211,7,4
28391,012,012_0211,8,4
28392,012,012_0212,1,3
28393,012,012_0212,2,3
28394,012,012_0212,3,3
28395,012,012_0212,4,3
28396,012,012_0212,5,3
28397,012,012_0212,6,3
28398,012,012_0212,7,3
28399,012,012_0212,8,3
28400,012,012_0213,1,2
28401,012,012_0213,2,2
28402,012,012_0213,3,2
28403,012,012_0213,4,2
28404,012,012_0213,5,2
28405,012,012_0213,6,2
28406,012,012_0213,7,2
28407,012,012_0213,8,2
28408,012,012_0214,1,1
28409,012,012_0214,2,1
28410,012,012_0214,3,1
28411,012,012_0214,4,1
28412,012,012_0214,5,1
28413,012,012_0214,6,1
28414,012,012_0214,7,1
28415,012,012_0214,8,1
28416,012,012_0215,1,5
28417,012,012_0215,2,5
28418,012,012_0215,3,5
28419,012,012_0215,4,5
28420,012,012_0215,5,5
28421,012,012_0215,6,5
28422,012,012_0215,7,5
28423,012,012_0215,8,5
28424,012,012_0216,1,4
28425,012,012_0216,2,4
28426,012,012_0216,3,4
28427,012,012_0216,4,4
28428,012,012_0216,5,4
28429,012,012_0216,6,4
28430,012,012_0216,7,4
28431,012,012_0216,8,4
28432,012,012_0217,1,3
28433,012,012_0217,2,3
28434,012,012_0217,3,3
28435,012,012_0217,4,3
28436,012,012_0217,5,3
28437,012,012_0217,6,3
28438,012,012_0217,7,3
28439,012,012_0217,8,3
28440,012,012_0218,1,2
28441,012,012_0218,2,2
28442,012,012_0218,3,2
28443,012,012_0218,4,2
28444,012,012_0218,5,2
28445,012,012_0218,6,2
28446,012,012_0218,7,2
28447,012,012_0218,8,2
28448,012,012_0219,1,1
28449,012,012_0219,2,1
28450,012,012_0219,3,1
28451,012,012_0219,4,1
28452,012,012_0219,5,1
28453,012,012_0219,6,1
28454,012,012_0219,7,1
28455,012,012_0219,8,1
28456,012,012_0220,1,5
28457,012,012_0220,2,5
28458,012,012_0220,3,5
28459,012,012_0220,4,5
28460,012,012_0220,5,5
28461,012,012_0220,6,5
28462,012,012_0220,7,5
28463,012,012_0220,8,5
28464,012,012_0221,1,4
28465,012,012_0221,2,4
28466,012,012_0221,3,4
28467,012,012_0221,4,4
28468,012,012_0221,5,4
28469,012,012_0221,6,4
28470,012,012_0221,7,4
28471,012,012_0221,8,4
28472,012,012_0222,1,3
28473,012,012_0222,2,3
28474,012,012_0222,3,3
28475,012,012_0222,4,3
28476,012,012_0222,5,3
28477,012,012_0222,6,3
28478,012,012_0222,7,3
28479,012,012_0222,8,3
28480,012,012_0223,1,2
28481,012,012_0223,2,2
28482,012,012_0223,3,2
28483,012,012_0223,4,2
28484,012,012_0223,5,2
28485,012,012_0223,6,2
28486,012,012_0223,7,2
28487,012,012_0223,8,2
28488,012,012_0224,1,1
28489,012,012_0224,2,1
28490,012,012_0224,3,1
28491,012,012_0224,4,1
28492,012,012_0224,5,1
28493,012,012_0224,6,1
28494,012,012_0224,7,1
28495,012,012_0224,8,1
28496,012,012_0225,1,5
28497,012,012_0225,2,5
28498,012,012_0225,3,5
28499,012,012_0225,4,5
28500,012,012_0225,5,5
28501,012,012_0225,6,5
28502,012,012_0225,7,5
28503,012,012_0225,8,5
28504,012,012_0226,1,4
28505,012,012_0226,2,4
28506,012,012_0226,3,4
28507,012,012_0226,4,4
28508,012,012_0226,5,4
28509,012,012_0226,6,4
28510,012,012_0226,7,4
28511,012,012_0226,8,4
28512,012,012_0227,1,3
28513,012,012_0227,2,3
28514,012,012_0227,3,3
28515,012,012_0227,4,3
28516,012,012_0227,5,3
28517,012,012_0227,6,3
28518,012,012_0227,7,3
28519,012,012_0227,8,3
28520,012,012_0228,1,2
28521,012,012_0228,2,2
28522,012,012_0228,3,2
28523,012,012_0228,4,2
28524,012,012_0228,5,2
28525,012,012_0228,6,2
28526,012,012_0228,7,2
28527,012,012_0228,8,2
28528,012,012_0229,1,1
28529,012,012_0229,2,1
28530,012,012_0229,3,1
28531,012,012_0229,4,1
28532,012,012_0229,5,1
28533,012,012_0229,6,1
28534,012,012_0229,7,1
28535,012,012_0229,8,1
28536,012,012_0230,1,5
28537,012,012_0230,2,5
28538,012,012_0230,3,5
28539,012,012_0230,4,5
28540,012,012_0230,5,5
28541,012,012_0230,6,5
28542,012,012_0230,7,5
28543,012,012_0230,8,5
28544,012,012_0231,1,4
28545,012,012_0231,2,4
28546,012,012_0231,3,4
28547,012,012_0231,4,4
28548,012,012_0231,5,4
28549,012,012_0231,6,4
28550,012,012_0231,7,4
28551,012,012_0231,8,4
28552,012,012_0232,1,3
28553,012,012_0232,2,3
28554,012,012_0232,3,3
28555,012,012_0232,4,3
28556,012,012_0232,5,3
28557,012,012_0232,6,3
28558,012,012_0232,7,3
28559,012,012_0232,8,3
28560,012,012_0233,1,2
28561,012,012_0233,2,2
28562,012,012_0233,3,2
28563,012,012_0233,4,2
28564,012,012_0233,5,2
28565,012,012_0233,6,2
28566,012,012_0233,7,2
28567,012,012_0233,8,2
28568,012,012_0234,1,1
28569,012,012_0234,2,1
28570,012,012_0234,3,1
28571,012,012_0234,4,1
28572,012,012_0234,5,1
28573,012,012_0234,6,1
28574,012,012_0234,7,1
28575,012,012_0234,8,1
28576,012,012_0235,1,5
28577,012,012_0235,2,5
28578,012,012_0235,3,5
28579,012,012_0235,4,5
28580,012,012_0235,5,5
28581,012,012_0235,6,5
28582,012,012_0235,7,5
28583,012,012_0235,8,5
28584,012,012_0236,1,4
28585,012,012_0236,2,4
28586,012,012_0236,3,4
28587,012,012_0236,4,4
28588,012,012_0236,5,4
28589,012,012_0236,6,4
28590,012,012_0236,7,4
28591,012,012_0236,8,4
28592,012,012_0237,1,3
28593,012,012_0237,2,3
28594,012,012_0237,3,3
28595,012,012_0237,4,3
28596,012,012_0237,5,3
28597,012,012_0237,6,3
28598,012,012_0237,7,3
28599,012,012_0237,8,3
28600,012,012_0238,1,2
28601,012,012_0238,2,2
28602,012,012_0238,3,2
28603,012,012_0238,4,2
28604,012,012_0238,5,2
28605,012,012_0238,6,2
28606,012,012_0238,7,2
28607,012,012_0238,8,2
28608,012,012_0239,1,1
28609,012,012_0239,2,1
28610,012,012_0239,3,1
28611,012,012_0239,4,1
28612,012,012_0239,5,1
28613,012,012_0239,6,1
28614,012,012_0239,7,1
28615,012,012_0239,8,1
28616,012,012_0240,1,5
28617,012,012_0240,2,5
28618,012,012_0240,3,5
28619,012,012_0240,4,5
28620,012,012_0240,5,5
28621,012,012_0240,6,5
28622,012,012_0240,7,5
28623,012,012_0240,8,5
28624,012,012_0241,1,4
28625,012,012_0241,2,4
28626,012,012_0241,3,4
28627,012,012_0241,4,4
28628,012,012_0241,5,4
28629,012,012_0241,6,4
28630,012,012_0241,7,4
28631,012,012_0241,8,4
28632,012,012_0242,1,3
28633,012,012_0242,2,3
28634,012,012_0242,3,3
28635,012,012_0242,4,3
28636,012,012_0242,5,3
28637,012,012_0242,6,3
28638,012,012_0242,7,3
28639,012,012_0242,8,3
28640,012,012_0243,1,2
28641,012,012_0243,2,2
28642,012,012_0243,3,2
28643,012,012_0243,4,2
28644,012,012_0243,5,2
28645,012,012_0243,6,2
28646,012,012_0243,7,2
28647,012,012_0243,8,2
28648,012,012_0244,1,1
28649,012,012_0244,2,1
28650,012,012_0244,3,1
28651,012,012_0244,4,1
28652,012,012_0244,5,1
28653,012,012_0244,6,1
28654,012,012_0244,7,1
28655,012,012_0244,8,1
28656,012,012_0245,1,5
28657,012,012_0245,2,5
28658,012,012_0245,3,5
28659,012,012_0245,4,5
28660,012,012_0245,5,5
28661,012,012_0245,6,5
28662,012,012_0245,7,5
28663,012,012_0245,8,5
28664,012,012_0246,1,4
28665,012,012_0246,2,4
28666,012,012_0246,3,4
28667,012,012_0246,4,4
28668,012,012_0246,5,4
28669,012,012_0246,6,4
28670,012,012_0246,7,4
28671,012,012_0246,8,4
28672,012,012_0247,1,3
28673,012,012_0247,2,3
28674,012,012_0247,3,3
28675,012,012_0247,4,3
28676,012,012_0247,5,3
28677,012,012_0247,6,3
28678,012,012_0247,7,3
28679,012,012_0247,8,3
28680,012,012_0248,1,2
28681,012,012_0248,2,2
28682,012,012_0248,3,2
28683,012,012_0248,4,2
28684,012,012_0248,5,2
28685,012,012_0248,6,2
28686,012,012_0248,7,2
28687,012,012_0248,8,2
28688,012,012_0249,1,1
28689,012,012_0249,2,1
28690,012,012_0249,3,1
28691,012,012_0249,4,1
28692,012,012_0249,5,1
28693,012,012_0249,6,1
28694,012,012_0249,7,1
28695,012,012_0249,8,1
28696,012,012_0250,1,5
28697,012,012_0250,2,5
28698,012,012_0250,3,5
28699,012,012_0250,4,5
28700,012,012_0250,5,5
28701,012,012_0250,6,5
28702,012,012_0250,7,5
28703,012,012_0250,8,5
28704,012,012_0251,1,4
28705,012,012_0251,2,4
28706,012,012_0251,3,4
28707,012,012_0251,4,4
28708,012,012_0251,5,4
28709,012,012_0251,6,4
28710,012,012_0251,7,4
28711,012,012_0251,8,4
28712,012,012_0252,1,3
28713,012,012_0252,2,3
28714,012,012_0252,3,3
28715,012,012_0252,4,3
28716,012,012_0252,5,3
28717,012,012_0252,6,3
28718,012,012_0252,7,3
28719,012,012_0252,8,3
28720,012,012_0253,1,2
28721,012,012_0253,2,2
28722,012,012_0253,3,2
28723,012,012_0253,4,2
28724,012,012_0253,5,2
28725,012,012_0253,6,2
28726,012,012_0253,7,2
28727,012,012_0253,8,2
28728,012,012_0254,1,1
28729,012,012_0254,2,1
28730,012,012_0254,3,1
28731,012,012_0254,4,1
28732,012,012_0254,5,1
28733,012,012_0254,6,1
28734,012,012_0254,7,1
28735,012,012_0254,8,1
28736,012,012_0255,1,5
28737,012,012_0255,2,5
28738,012,012_0255,3,5
28739,012,012_0255,4,5
28740,012,012_0255,5,5
28741,012,012_0255,6,5
28742,012,012_0255,7,5
28743,012,012_0255,8,5
28744,012,012_0256,1,4
28745,012,012_0256,2,4
28746,012,012_0256,3,4
28747,012,012_0256,4,4
28748,012,012_0256,5,4
28749,012,012_0256,6,4
28750,012,012_0256,7,4
28751,012,012_0256,8,4
28752,012,012_0257,1,3
28753,012,012_0257,2,3
28754,012,012_0257,3,3
28755,012,012_0257,4,3
28756,012,012_0257,5,3
28757,012,012_0257,6,3
28758,012,012_0257,7,3
28759,012,012_0257,8,3
28760,012,012_0258,1,2
28761,012,012_0258,2,2
28762,012,012_0258,3,2
28763,012,012_0258,4,2
28764,012,012_0258,5,2
28765,012,012_0258,6,2
28766,012,012_0258,7,2
28767,012,012_0258,8,2
28768,012,012_0259,1,1
28769,012,012_0259,2,1
28770,012,012_0259,3,1
28771,012,012_0259,4,1
28772,012,012_0259,5,1
28773,012,012_0259,6,1
28774,012,012_0259,7,1
28775,012,012_0259,8,1
28776,012,012_0260,1,5
28777,012,012_0260,2,5
28778,012,012_0260,3,5
28779,012,012_0260,4,5
28780,012,012_0260,5,5
28781,012,012_0260,6,5
28782,012,012_0260,7,5
28783,012,012_0260,8,5
28784,012,012_0261,1,4
28785,012,012_0261,2,4
28786,012,012_0261,3,4
28787,012,012_0261,4,4
28788,012,012_0261,5,4
28789,012,012_0261,6,4
28790,012,012_0261,7,4
28791,012,012_0261,8,4
28792,012,012_0262,1,3
28793,012,012_0262,2,3
28794,012,012_0262,3,3
28795,012,012_0262,4,3
28796,012,012_0262,5,3
28797,012,012_0262,6,3
28798,012,012_0262,7,3
28799,012,012_0262,8,3
28800,012,012_0263,1,2
28801,012,012_0263,2,2
28802,012,012_0263,3,2
28803,012,012_0263,4,2
28804,012,012_0263,5,2
28805,012,012_0263,6,2
28806,012,012_0263,7,2
28807,012,012_0263,8,2
28808,012,012_0264,1,1
28809,012,012_0264,2,1
28810,012,012_0264,3,1
28811,012,012_0264,4,1
28812,012,012_0264,5,1
28813,012,012_0264,6,1
28814,012,012_0264,7,1
28815,012,012_0264,8,1
28816,012,012_0265,1,5
28817,012,012_0265,2,5
28818,012,012_0265,3,5
28819,012,012_0265,4,5
28820,012,012_0265,5,5
28821,012,012_0265,6,5
28822,012,012_0265,7,5
28823,012,012_0265,8,5
28824,012,012_0266,1,4
28825,012,012_0266,2,4
28826,012,012_0266,3,4
28827,012,012_0266,4,4
28828,012,012_0266,5,4
28829,012,012_0266,6,4
28830,012,012_0266,7,4
28831,012,012_0266,8,4
28832,012,012_0267,1,3
28833,012,012_0267,2,3
28834,012,012_0267,3,3
28835,012,012_0267,4,3
28836,012,012_0267,5,3
28837,012,012_0267,6,3
28838,012,012_0267,7,3
28839,012,012_0267,8,3
28840,012,012_0268,1,2
28841,012,012_0268,2,2
28842,012,012_0268,3,2
28843,012,012_0268,4,2
28844,012,012_0268,5,2
28845,012,012_0268,6,2
28846,012,012_0268,7,2
28847,012,012_0268,8,2
28848,012,012_0269,1,1
28849,012,012_0269,2,1
28850,012,012_0269,3,1
28851,012,012_0269,4,1
28852,012,012_0269,5,1
28853,012,012_0269,6,1
28854,012,012_0269,7,1
28855,012,012_0269,8,1
28856,012,012_0270,1,5
28857,012,012_0270,2,5
28858,012,012_0270,3,5
28859,012,012_0270,4,5
28860,012,012_0270,5,5
28861,012,012_0270,6,5
28862,012,012_0270,7,5
28863,012,012_0270,8,5
28864,012,012_0271,1,4
28865,012,012_0271,2,4
28866,012,012_0271,3,4
28867,012,012_0271,4,4
28868,012,012_0271,5,4
28869,012,012_0271,6,4
28870,012,012_0271,7,4
28871,012,012_0271,8,4
28872,012,012_0272,1,3
28873,012,012_0272,2,3
28874,012,012_0272,3,3
28875,012,012_0272,4,3
28876,012,012_0272,5,3
28877,012,012_0272,6,3
28878,012,012_0272,7,3
28879,012,012_0272,8,3
28880,012,012_0273,1,2
28881,012,012_0273,2,2
28882,012,012_0273,3,2
28883,012,012_0273,4,2
28884,012,012_0273,5,2
28885,012,012_0273,6,2
28886,012,012_0273,7,2
28887,012,012_0273,8,2
28888,012,012_0274,1,1
28889,012,012_0274,2,1
28890,012,012_0274,3,1
28891,012,012_0274,4,1
28892,012,012_0274,5,1
28893,012,012_0274,6,1
28894,012,012_0274,7,1
28895,012,012_0274,8,1
28896,012,012_0275,1,5
28897,012,012_0275,2,5
28898,012,012_0275,3,5
28899,012,012_0275,4,5
28900,012,012_0275,5,5
28901,012,012_0275,6,5
28902,012,012_0275,7,5
28903,012,012_0275,8,5
28904,012,012_0276,1,4
28905,012,012_0276,2,4
28906,012,012_0276,3,4
28907,012,012_0276,4,4
28908,012,012_0276,5,4
28909,012,012_0276,6,4
28910,012,012_0276,7,4
28911,012,012_0276,8,4
28912,012,012_0277,1,3
28913,012,012_0277,2,3
28914,012,012_0277,3,3
28915,012,012_0277,4,3
28916,012,012_0277,5,3
28917,012,012_0277,6,3
28918,012,012_0277,7,3
28919,012,012_0277,8,3
28920,012,012_0278,1,2
28921,012,012_0278,2,2
28922,012,012_0278,3,2
28923,012,012_0278,4,2
28924,012,012_0278,5,2
28925,012,012_0278,6,2
28926,012,012_0278,7,2
28927,012,012_0278,8,2
28928,012,012_0279,1,1
28929,012,012_0279,2,1
28930,012,012_0279,3,1
28931,012,012_0279,4,1
28932,012,012_0279,5,1
28933,012,012_0279,6,1
28934,012,012_0279,7,1
28935,012,012_0279,8,1
28936,012,012_0280,1,5
28937,012,012_0280,2,5
28938,012,012_0280,3,5
28939,012,012_0280,4,5
28940,012,012_0280,5,5
28941,012,012_0280,6,5
28942,012,012_0280,7,5
28943,012,012_0280,8,5
28944,012,012_0281,1,4
28945,012,012_0281,2,4
28946,012,012_0281,3,4
28947,012,012_0281,4,4
28948,012,012_0281,5,4
28949,012,012_0281,6,4
28950,012,012_0281,7,4
28951,012,012_0281,8,4
28952,012,012_0282,1,3
28953,012,012_0282,2,3
28954,012,012_0282,3,3
28955,012,012_0282,4,3
28956,012,012_0282,5,3
28957,012,012_0282,6,3
28958,012,012_0282,7,3
28959,012,012_0282,8,3
28960,012,012_0283,1,2
28961,012,012_0283,2,2
28962,012,012_0283,3,2
28963,012,012_0283,4,2
28964,012,012_0283,5,2
28965,012,012_0283,6,2
28966,012,012_0283,7,2
28967,012,012_0283,8,2
28968,012,012_0284,1,1
28969,012,012_0284,2,1
28970,012,012_0284,3,1
28971,012,012_0284,4,1
28972,012,012_0284,5,1
28973,012,012_0284,6,1
28974,012,012_0284,7,1
28975,012,012_0284,8,1
28976,012,012_0285,1,5
28977,012,012_0285,2,5
28978,012,012_0285,3,5
28979,012,012_0285,4,5
28980,012,012_0285,5,5
28981,012,012_0285,6,5
28982,012,012_0285,7,5
28983,012,012_0285,8,5
28984,012,012_0286,1,4
28985,012,012_0286,2,4
28986,012,012_0286,3,4
28987,012,012_0286,4,4
28988,012,012_0286,5,4
28989,012,012_0286,6,4
28990,012,012_0286,7,4
28991,012,012_0286,8,4
28992,012,012_0287,1,3
28993,012,012_0287,2,3
28994,012,012_0287,3,3
28995,012,012_0287,4,3
28996,012,012_0287,5,3
28997,012,012_0287,6,3
28998,012,012_0287,7,3
28999,012,012_0287,8,3
29000,012,012_0288,1,2
29001,012,012_0288,2,2
29002,012,012_0288,3,2
29003,012,012_0288,4,2
29004,012,012_0288,5,2
29005,012,012_0288,6,2
29006,012,012_0288,7,2
29007,012,012_0288,8,2
29008,012,012_0289,1,1
29009,012,012_0289,2,1
29010,012,012_0289,3,1
29011,012,012_0289,4,1
29012,012,012_0289,5,1
29013,012,012_0289,6,1
29014,012,012_0289,7,1
29015,012,012_0289,8,1
29016,012,012_0290,1,5
29017,012,012_0290,2,5
29018,012,012_0290,3,5
29019,012,012_0290,4,5
29020,012,012_0290,5,5
29021,012,012_0290,6,5
29022,012,012_0290,7,5
29023,012,012_0290,8,5
29024,012,012_0291,1,4
29025,012,012_0291,2,4
29026,012,012_0291,3,4
29027,012,012_0291,4,4
29028,012,012_0291,5,4
29029,012,012_0291,6,4
29030,012,012_0291,7,4
29031,012,012_0291,8,4
29032,012,012_0292,1,3
29033,012,012_0292,2,3
29034,012,012_0292,3,3
29035,012,012_0292,4,3
29036,012,012_0292,5,3
29037,012,012_0292,6,3
29038,012,012_0292,7,3
29039,012,012_0292,8,3
29040,012,012_0293,1,2
29041,012,012_0293,2,2
29042,012,012_0293,3,2
29043,012,012_0293,4,2
29044,012,012_0293,5,2
29045,012,012_0293,6,2
29046,012,012_0293,7,2
29047,012,012_0293,8,2
29048,013,013_0001,1,1
29049,013,013_0001,2,1
29050,013,013_0001,3,1
29051,013,013_0001,4,1
29052,013,013_0001,5,1
29053,013,013_0001,6,1
29054,013,013_0001,7,1
29055,013,013_0001,8,1
29056,013,013_0002,1,5
29057,013,013_0002,2,5
29058,013,013_0002,3,5
29059,013,013_0002,4,5
29060,013,013_0002,5,5
29061,013,013_0002,6,5
29062,013,013_0002,7,5
29063,013,013_0002,8,5
29064,013,013_0003,1,4
29065,013,013_0003,2,4
29066,013,013_0003,3,4
29067,013,013_0003,4,4
29068,013,013_0003,5,4
29069,013,013_0003,6,4
29070,013,013_0003,7,4
29071,013,013_0003,8,4
29072,013,013_0004,1,3
29073,013,013_0004,2,3
29074,013,013_0004,3,3
29075,013,013_0004,4,3
29076,013,013_0004,5,3
29077,013,013_0004,6,3
29078,013,013_0004,7,3
29079,013,013_0004,8,3
29080,013,013_0005,1,2
29081,013,013_0005,2,2
29082,013,013_0005,3,2
29083,013,013_0005,4,2
29084,013,013_0005,5,2
29085,013,013_0005,6,2
29086,013,013_0005,7,2
29087,013,013_0005,8,2
29088,013,013_0006,1,1
29089,013,013_0006,2,1
29090,013,013_0006,3,1
29091,013,013_0006,4,1
29092,013,013_0006,5,1
29093,013,013_0006,6,1
29094,013,013_0006,7,1
29095,013,013_0006,8,1
29096,013,013_0007,1,5
29097,013,013_0007,2,5
29098,013,013_0007,3,5
29099,013,013_0007,4,5
29100,013,013_0007,5,5
29101,013,013_0007,6,5
29102,013,013_0007,7,5
29103,013,013_0007,8,5
29104,013,013_0008,1,4
29105,013,013_0008,2,4
29106,013,013_0008,3,4
29107,013,013_0008,4,4
29108,013,013_0008,5,4
29109,013,013_0008,6,4
29110,013,013_0008,7,4
29111,013,013_0008,8,4
29112,013,013_0009,1,3
29113,013,013_0009,2,3
29114,013,013_0009,3,3
29115,013,013_0009,4,3
29116,013,013_0009,5,3
29117,013,013_0009,6,3
29118,013,013_0009,7,3
29119,013,013_0009,8,3
29120,013,013_0010,1,2
29121,013,013_0010,2,2
29122,013,013_0010,3,2
29123,013,013_0010,4,2
29124,013,013_0010,5,2
29125,013,013_0010,6,2
29126,013,013_0010,7,2
29127,013,013_0010,8,2
29128,013,013_0011,1,1
29129,013,013_0011,2,1
29130,013,013_0011,3,1
29131,013,013_0011,4,1
29132,013,013_0011,5,1
29133,013,013_0011,6,1
29134,013,013_0011,7,1
29135,013,013_0011,8,1
29136,013,013_0012,1,5
29137,013,013_0012,2,5
29138,013,013_0012,3,5
29139,013,013_0012,4,5
29140,013,013_0012,5,5
29141,013,013_0012,6,5
29142,013,013_0012,7,5
29143,013,013_0012,8,5
29144,013,013_0013,1,4
29145,013,013_0013,2,4
29146,013,013_0013,3,4
29147,013,013_0013,4,4
29148,013,013_0013,5,4
29149,013,013_0013,6,4
29150,013,013_0013,7,4
29151,013,013_0013,8,4
29152,013,013_0014,1,3
29153,013,013_0014,2,3
29154,013,013_0014,3,3
29155,013,013_0014,4,3
29156,013,013_0014,5,3
29157,013,013_0014,6,3
29158,013,013_0014,7,3
29159,013,013_0014,8,3
29160,013,013_0015,1,2
29161,013,013_0015,2,2
29162,013,013_0015,3,2
29163,013,013_0015,4,2
29164,013,013_0015,5,2
29165,013,013_0015,6,2
29166,013,013_0015,7,2
29167,013,013_0015,8,2
29168,013,013_0016,1,1
29169,013,013_0016,2,1
29170,013,013_0016,3,1
29171,013,013_0016,4,1
29172,013,013_0016,5,1
29173,013,013_0016,6,1
29174,013,013_0016,7,1
29175,013,013_0016,8,1
29176,013,013_0017,1,5
29177,013,013_0017,2,5
29178,013,013_0017,3,5
29179,013,013_0017,4,5
29180,013,013_0017,5,5
29181,013,013_0017,6,5
29182,013,013_0017,7,5
29183,013,013_0017,8,5
29184,013,013_0018,1,4
29185,013,013_0018,2,4
29186,013,013_0018,3,4
29187,013,013_0018,4,4
29188,013,013_0018,5,4
29189,013,013_0018,6,4
29190,013,013_0018,7,4
29191,013,013_0018,8,4
29192,013,013_0019,1,3
29193,013,013_0019,2,3
29194,013,013_0019,3,3
29195,013,013_0019,4,3
29196,013,013_0019,5,3
29197,013,013_0019,6,3
29198,013,013_0019,7,3
29199,013,013_0019,8,3
29200,013,013_0020,1,2
29201,013,013_0020,2,2
29202,013,013_0020,3,2
29203,013,013_0020,4,2
29204,013,013_0020,5,2
29205,013,013_0020,6,2
29206,013,013_0020,7,2
29207,013,013_0020,8,2
29208,013,013_0021,1,1
29209,013,013_0021,2,1
29210,013,013_0021,3,1
29211,013,013_0021,4,1
29212,013,013_0021,5,1
29213,013,013_0021,6,1
29214,013,013_0021,7,1
29215,013,013_0021,8,1
29216,013,013_0022,1,5
29217,013,013_0022,2,5
29218,013,013_0022,3,5
29219,013,013_0022,4,5
29220,013,013_0022,5,5
29221,013,013_0022,6,5
29222,013,013_0022,7,5
29223,013,013_0022,8,5
29224,013,013_0023,1,4
29225,013,013_0023,2,4
29226,013,013_0023,3,4
29227,013,013_0023,4,4
29228,013,013_0023,5,4
29229,013,013_0023,6,4
29230,013,013_0023,7,4
29231,013,013_0023,8,4
29232,013,013_0024,1,3
29233,013,013_0024,2,3
29234,013,013_0024,3,3
29235,013,013_0024,4,3
29236,013,013_0024,5,3
29237,013,013_0024,6,3
29238,013,013_0024,7,3
29239,013,013_0024,8,3
29240,013,013_0025,1,2
29241,013,013_0025,2,2
29242,013,013_0025,3,2
29243,013,013_0025,4,2
29244,013,013_0025,5,2
29245,013,013_0025,6,2
29246,013,013_0025,7,2
29247,013,013_0025,8,2
29248,013,013_0026,1,1
29249,013,013_0026,2,1
29250,013,013_0026,3,1
29251,013,013_0026,4,1
29252,013,013_0026,5,1
29253,013,013_0026,6,1
29254,013,013_0026,7,1
29255,013,013_0026,8,1
29256,013,013_0027,1,5
29257,013,013_0027,2,5
29258,013,013_0027,3,5
29259,013,013_0027,4,5
29260,013,013_0027,5,5
29261,013,013_0027,6,5
29262,013,013_0027,7,5
29263,013,013_0027,8,5
29264,013,013_0028,1,4
29265,013,013_0028,2,4
29266,013,013_0028,3,4
29267,013,013_0028,4,4
29268,013,013_0028,5,4
29269,013,013_0028,6,4
29270,013,013_0028,7,4
29271,013,013_0028,8,4
29272,013,013_0029,1,3
29273,013,013_0029,2,3
29274,013,013_0029,3,3
29275,013,013_0029,4,3
29276,013,013_0029,5,3
29277,013,013_0029,6,3
29278,013,013_0029,7,3
29279,013,013_0029,8,3
29280,013,013_0030,1,2
29281,013,013_0030,2,2
29282,013,013_0030,3,2
29283,013,013_0030,4,2
29284,013,013_0030,5,2
29285,013,013_0030,6,2
29286,013,013_0030,7,2
29287,013,013_0030,8,2
29288,013,013_0031,1,1
29289,013,013_0031,2,1
29290,013,013_0031,3,1
29291,013,013_0031,4,1
29292,013,013_0031,5,1
29293,013,013_0031,6,1
29294,013,013_0031,7,1
29295,013,013_0031,8,1
29296,013,013_0032,1,5
29297,013,013_0032,2,5
29298,013,013_0032,3,5
29299,013,013_0032,4,5
29300,013,013_0032,5,5
29301,013,013_0032,6,5
29302,013,013_0032,7,5
29303,013,013_0032,8,5
29304,013,013_0033,1,4
29305,013,013_0033,2,4
29306,013,013_0033,3,4
29307,013,013_0033,4,4
29308,013,013_0033,5,4
29309,013,013_0033,6,4
29310,013,013_0033,7,4
29311,013,013_0033,8,4
29312,013,013_0034,1,3
29313,013,013_0034,2,3
29314,013,013_0034,3,3
29315,013,013_0034,4,3
29316,013,013_0034,5,3
29317,013,013_0034,6,3
29318,013,013_0034,7,3
29319,013,013_0034,8,3
29320,013,013_0035,1,2
29321,013,013_0035,2,2
29322,013,013_0035,3,2
29323,013,013_0035,4,2
29324,013,013_0035,5,2
29325,013,013_0035,6,2
29326,013,013_0035,7,2
29327,013,013_0035,8,2
29328,013,013_0036,1,1
29329,013,013_0036,2,1
29330,013,013_0036,3,1
29331,013,013_0036,4,1
29332,013,013_0036,5,1
29333,013,013_0036,6,1
29334,013,013_0036,7,1
29335,013,013_0036,8,1
29336,013,013_0037,1,5
29337,013,013_0037,2,5
29338,013,013_0037,3,5
29339,013,013_0037,4,5
29340,013,013_0037,5,5
29341,013,013_0037,6,5
29342,013,013_0037,7,5
29343,013,013_0037,8,5
29344,013,013_0038,1,4
29345,013,013_0038,2,4
29346,013,013_0038,3,4
29347,013,013_0038,4,4
29348,013,013_0038,5,4
29349,013,013_0038,6,4
29350,013,013_0038,7,4
29351,013,013_0038,8,4
29352,013,013_0039,1,3
29353,013,013_0039,2,3
29354,013,013_0039,3,3
29355,013,013_0039,4,3
29356,013,013_0039,5,3
29357,013,013_0039,6,3
29358,013,013_0039,7,3
29359,013,013_0039,8,3
29360,013,013_0040,1,2
29361,013,013_0040,2,2
29362,013,013_0040,3,2
29363,013,013_0040,4,2
29364,013,013_0040,5,2
29365,013,013_0040,6,2
29366,013,013_0040,7,2
29367,013,013_0040,8,2
29368,013,013_0041,1,1
29369,013,013_0041,2,1
29370,013,013_0041,3,1
29371,013,013_0041,4,1
29372,013,013_0041,5,1
29373,013,013_0041,6,1
29374,013,013_0041,7,1
29375,013,013_0041,8,1
29376,013,013_0042,1,5
29377,013,013_0042,2,5
29378,013,013_0042,3,5
29379,013,013_0042,4,5
29380,013,013_0042,5,5
29381,013,013_0042,6,5
29382,013,013_0042,7,5
29383,013,013_0042,8,5
29384,013,013_0043,1,4
29385,013,013_0043,2,4
29386,013,013_0043,3,4
29387,013,013_0043,4,4
29388,013,013_0043,5,4
29389,013,013_0043,6,4
29390,013,013_0043,7,4
29391,013,013_0043,8,4
29392,013,013_0044,1,3
29393,013,013_0044,2,3
29394,013,013_0044,3,3
29395,013,013_0044,4,3
29396,013,013_0044,5,3
29397,013,013_0044,6,3
29398,013,013_0044,7,3
29399,013,013_0044,8,3
29400,013,013_0045,1,2
29401,013,013_0045,2,2
29402,013,013_0045,3,2
29403,013,013_0045,4,2
29404,013,013_0045,5,2
29405,013,013_0045,6,2
29406,013,013_0045,7,2
29407,013,013_0045,8,2
29408,013,013_0046,1,1
29409,013,013_0046,2,1
29410,013,013_0046,3,1
29411,013,013_0046,4,1
29412,013,013_0046,5,1
29413,013,013_0046,6,1
29414,013,013_0046,7,1
29415,013,013_0046,8,1
29416,013,013_0047,1,5
29417,013,013_0047,2,5
29418,013,013_0047,3,5
29419,013,013_0047,4,5
29420,013,013_0047,5,5
29421,013,013_0047,6,5
29422,013,013_0047,7,5
29423,013,013_0047,8,5
29424,013,013_0048,1,4
29425,013,013_0048,2,4
29426,013,013_0048,3,4
29427,013,013_0048,4,4
29428,013,013_0048,5,4
29429,013,013_0048,6,4
29430,013,013_0048,7,4
29431,013,013_0048,8,4
29432,013,013_0049,1,3
29433,013,013_0049,2,3
29434,013,013_0049,3,3
29435,013,013_0049,4,3
29436,013,013_0049,5,3
29437,013,013_0049,6,3
29438,013,013_0049,7,3
29439,013,013_0049,8,3
29440,013,013_0050,1,2
29441,013,013_0050,2,2
29442,013,013_0050,3,2
29443,013,013_0050,4,2
29444,013,013_0050,5,2
29445,013,013_0050,6,2
29446,013,013_0050,7,2
29447,013,013_0050,8,2
29448,013,013_0051,1,1
29449,013,013_0051,2,1
29450,013,013_0051,3,1
29451,013,013_0051,4,1
29452,013,013_0051,5,1
29453,013,013_0051,6,1
29454,013,013_0051,7,1
29455,013,013_0051,8,1
29456,013,013_0052,1,5
29457,013,013_0052,2,5
29458,013,013_0052,3,5
29459,013,013_0052,4,5
29460,013,013_0052,5,5
29461,013,013_0052,6,5
29462,013,013_0052,7,5
29463,013,013_0052,8,5
29464,013,013_0053,1,4
29465,013,013_0053,2,4
29466,013,013_0053,3,4
29467,013,013_0053,4,4
29468,013,013_0053,5,4
29469,013,013_0053,6,4
29470,013,013_0053,7,4
29471,013,013_0053,8,4
29472,013,013_0054,1,3
29473,013,013_0054,2,3
29474,013,013_0054,3,3
29475,013,013_0054,4,3
29476,013,013_0054,5,3
29477,013,013_0054,6,3
29478,013,013_0054,7,3
29479,013,013_0054,8,3
29480,013,013_0055,1,2
29481,013,013_0055,2,2
29482,013,013_0055,3,2
29483,013,013_0055,4,2
29484,013,013_0055,5,2
29485,013,013_0055,6,2
29486,013,013_0055,7,2
29487,013,013_0055,8,2
29488,013,013_0056,1,1
29489,013,013_0056,2,1
29490,013,013_0056,3,1
29491,013,013_0056,4,1
29492,013,013_0056,5,1
29493,013,013_0056,6,1
29494,013,013_0056,7,1
29495,013,013_0056,8,1
29496,013,013_0057,1,5
29497,013,013_0057,2,5
29498,013,013_0057,3,5
29499,013,013_0057,4,5
29500,013,013_0057,5,5
29501,013,013_0057,6,5
29502,013,013_0057,7,5
29503,013,013_0057,8,5
29504,013,013_0058,1,4
29505,013,013_0058,2,4
29506,013,013_0058,3,4
29507,013,013_0058,4,4
29508,013,013_0058,5,4
29509,013,013_0058,6,4
29510,013,013_0058,7,4
29511,013,013_0058,8,4
29512,013,013_0059,1,3
29513,013,013_0059,2,3
29514,013,013_0059,3,3
29515,013,013_0059,4,3
29516,013,013_0059,5,3
29517,013,013_0059,6,3
29518,013,013_0059,7,3
29519,013,013_0059,8,3
29520,013,013_0060,1,2
29521,013,013_0060,2,2
29522,013,013_0060,3,2
29523,013,013_0060,4,2
29524,013,013_0060,5,2
29525,013,013_0060,6,2
29526,013,013_0060,7,2
29527,013,013_0060,8,2
29528,013,013_0061,1,1
29529,013,013_0061,2,1
29530,013,013_0061,3,1
29531,013,013_0061,4,1
29532,013,013_0061,5,1
29533,013,013_0061,6,1
29534,013,013_0061,7,1
29535,013,013_0061,8,1
29536,013,013_0062,1,5
29537,013,013_0062,2,5
29538,013,013_0062,3,5
29539,013,013_0062,4,5
29540,013,013_0062,5,5
29541,013,013_0062,6,5
29542,013,013_0062,7,5
29543,013,013_0062,8,5
29544,013,013_0063,1,4
29545,013,013_0063,2,4
29546,013,013_0063,3,4
29547,013,013_0063,4,4
29548,013,013_0063,5,4
29549,013,013_0063,6,4
29550,013,013_0063,7,4
29551,013,013_0063,8,4
29552,013,013_0064,1,3
29553,013,013_0064,2,3
29554,013,013_0064,3,3
29555,013,013_0064,4,3
29556,013,013_0064,5,3
29557,013,013_0064,6,3
29558,013,013_0064,7,3
29559,013,013_0064,8,3
29560,013,013_0065,1,2
29561,013,013_0065,2,2
29562,013,013_0065,3,2
29563,013,013_0065,4,2
29564,013,013_0065,5,2
29565,013,013_0065,6,2
29566,013,013_0065,7,2
29567,013,013_0065,8,2
29568,013,013_0066,1,1
29569,013,013_0066,2,1
29570,013,013_0066,3,1
29571,013,013_0066,4,1
29572,013,013_0066,5,1
29573,013,013_0066,6,1
29574,013,013_0066,7,1
29575,013,013_0066,8,1
29576,013,013_0067,1,5
29577,013,013_0067,2,5
29578,013,013_0067,3,5
29579,013,013_0067,4,5
29580,013,013_0067,5,5
29581,013,013_0067,6,5
29582,013,013_0067,7,5
29583,013,013_0067,8,5
29584,013,013_0068,1,4
29585,013,013_0068,2,4
29586,013,013_0068,3,4
29587,013,013_0068,4,4
29588,013,013_0068,5,4
29589,013,013_0068,6,4
29590,013,013_0068,7,4
29591,013,013_0068,8,4
29592,013,013_0069,1,3
29593,013,013_0069,2,3
29594,013,013_0069,3,3
29595,013,013_0069,4,3
29596,013,013_0069,5,3
29597,013,013_0069,6,3
29598,013,013_0069,7,3
29599,013,013_0069,8,3
29600,013,013_0070,1,2
29601,013,013_0070,2,2
29602,013,013_0070,3,2
29603,013,013_0070,4,2
29604,013,013_0070,5,2
29605,013,013_0070,6,2
29606,013,013_0070,7,2
29607,013,013_0070,8,2
29608,013,013_0071,1,1
29609,013,013_0071,2,1
29610,013,013_0071,3,1
29611,013,013_0071,4,1
29612,013,013_0071,5,1
29613,013,013_0071,6,1
29614,013,013_0071,7,1
29615,013,013_0071,8,1
29616,013,013_0072,1,5
29617,013,013_0072,2,5
29618,013,013_0072,3,5
29619,013,013_0072,4,5
29620,013,013_0072,5,5
29621,013,013_0072,6,5
29622,013,013_0072,7,5
29623,013,013_0072,8,5
29624,013,013_0073,1,4
29625,013,013_0073,2,4
29626,013,013_0073,3,4
29627,013,013_0073,4,4
29628,013,013_0073,5,4
29629,013,013_0073,6,4
29630,013,013_0073,7,4
29631,013,013_0073,8,4
29632,013,013_0074,1,3
29633,013,013_0074,2,3
29634,013,013_0074,3,3
29635,013,013_0074,4,3
29636,013,013_0074,5,3
29637,013,013_0074,6,3
29638,013,013_0074,7,3
29639,013,013_0074,8,3
29640,013,013_0075,1,2
29641,013,013_0075,2,2
29642,013,013_0075,3,2
29643,013,013_0075,4,2
29644,013,013_0075,5,2
29645,013,013_0075,6,2
29646,013,013_0075,7,2
29647,013,013_0075,8,2
29648,013,013_0076,1,1
29649,013,013_0076,2,1
29650,013,013_0076,3,1
29651,013,013_0076,4,1
29652,013,013_0076,5,1
29653,013,013_0076,6,1
29654,013,013_0076,7,1
29655,013,013_0076,8,1
29656,013,013_0077,1,5
29657,013,013_0077,2,5
29658,013,013_0077,3,5
29659,013,013_0077,4,5
29660,013,013_0077,5,5
29661,013,013_0077,6,5
29662,013,013_0077,7,5
29663,013,013_0077,8,5
29664,013,013_0078,1,4
29665,013,013_0078,2,4
29666,013,013_0078,3,4
29667,013,013_0078,4,4
29668,013,013_0078,5,4
29669,013,013_0078,6,4
29670,013,013_0078,7,4
29671,013,013_0078,8,4
29672,013,013_0079,1,3
29673,013,013_0079,2,3
29674,013,013_0079,3,3
29675,013,013_0079,4,3
29676,013,013_0079,5,3
29677,013,013_0079,6,3
29678,013,013_0079,7,3
29679,013,013_0079,8,3
29680,013,013_0080,1,2
29681,013,013_0080,2,2
29682,013,013_0080,3,2
29683,013,013_0080,4,2
29684,013,013_0080,5,2
29685,013,013_0080,6,2
29686,013,013_0080,7,2
29687,013,013_0080,8,2
29688,013,013_0081,1,1
29689,013,013_0081,2,1
29690,013,013_0081,3,1
29691,013,013_0081,4,1
29692,013,013_0081,5,1
29693,013,013_0081,6,1
29694,013,013_0081,7,1
29695,013,013_0081,8,1
29696,013,013_0082,1,5
29697,013,013_0082,2,5
29698,013,013_0082,3,5
29699,013,013_0082,4,5
29700,013,013_0082,5,5
29701,013,013_0082,6,5
29702,013,013_0082,7,5
29703,013,013_0082,8,5
29704,013,013_0083,1,4
29705,013,013_0083,2,4
29706,013,013_0083,3,4
29707,013,013_0083,4,4
29708,013,013_0083,5,4
29709,013,013_0083,6,4
29710,013,013_0083,7,4
29711,013,013_0083,8,4
29712,013,013_0084,1,3
29713,013,013_0084,2,3
29714,013,013_0084,3,3
29715,013,013_0084,4,3
29716,013,013_0084,5,3
29717,013,013_0084,6,3
29718,013,013_0084,7,3
29719,013,013_0084,8,3
29720,013,013_0085,1,2
29721,013,013_0085,2,2
29722,013,013_0085,3,2
29723,013,013_0085,4,2
29724,013,013_0085,5,2
29725,013,013_0085,6,2
29726,013,013_0085,7,2
29727,013,013_0085,8,2
29728,013,013_0086,1,1
29729,013,013_0086,2,1
29730,013,013_0086,3,1
29731,013,013_0086,4,1
29732,013,013_0086,5,1
29733,013,013_0086,6,1
29734,013,013_0086,7,1
29735,013,013_0086,8,1
29736,013,013_0087,1,5
29737,013,013_0087,2,5
29738,013,013_0087,3,5
29739,013,013_0087,4,5
29740,013,013_0087,5,5
29741,013,013_0087,6,5
29742,013,013_0087,7,5
29743,013,013_0087,8,5
29744,013,013_0088,1,4
29745,013,013_0088,2,4
29746,013,013_0088,3,4
29747,013,013_0088,4,4
29748,013,013_0088,5,4
29749,013,013_0088,6,4
29750,013,013_0088,7,4
29751,013,013_0088,8,4
29752,013,013_0089,1,3
29753,013,013_0089,2,3
29754,013,013_0089,3,3
29755,013,013_0089,4,3
29756,013,013_0089,5,3
29757,013,013_0089,6,3
29758,013,013_0089,7,3
29759,013,013_0089,8,3
29760,013,013_0090,1,2
29761,013,013_0090,2,2
29762,013,013_0090,3,2
29763,013,013_0090,4,2
29764,013,013_0090,5,2
29765,013,013_0090,6,2
29766,013,013_0090,7,2
29767,013,013_0090,8,2
29768,013,013_0091,1,1
29769,013,013_0091,2,1
29770,013,013_0091,3,1
29771,013,013_0091,4,1
29772,013,013_0091,5,1
29773,013,013_0091,6,1
29774,013,013_0091,7,1
29775,013,013_0091,8,1
29776,013,013_0092,1,5
29777,013,013_0092,2,5
29778,013,013_0092,3,5
29779,013,013_0092,4,5
29780,013,013_0092,5,5
29781,013,013_0092,6,5
29782,013,013_0092,7,5
29783,013,013_0092,8,5
29784,013,013_0093,1,4
29785,013,013_0093,2,4
29786,013,013_0093,3,4
29787,013,013_0093,4,4
29788,013,013_0093,5,4
29789,013,013_0093,6,4
29790,013,013_0093,7,4
29791,013,013_0093,8,4
29792,013,013_0094,1,3
29793,013,013_0094,2,3
29794,013,013_0094,3,3
29795,013,013_0094,4,3
29796,013,013_0094,5,3
29797,013,013_0094,6,3
29798,013,013_0094,7,3
29799,013,013_0094,8,3
29800,013,013_0095,1,2
29801,013,013_0095,2,2
29802,013,013_0095,3,2
29803,013,013_0095,4,2
29804,013,013_0095,5,2
29805,013,013_0095,6,2
29806,013,013_0095,7,2
29807,013,013_0095,8,2
29808,013,013_0096,1,1
29809,013,013_0096,2,1
29810,013,013_0096,3,1
29811,013,013_0096,4,1
29812,013,013_0096,5,1
29813,013,013_0096,6,1
29814,013,013_0096,7,1
29815,013,013_0096,8,1
29816,013,013_0097,1,5
29817,013,013_0097,2,5
29818,013,013_0097,3,5
29819,013,013_0097,4,5
29820,013,013_0097,5,5
29821,013,013_0097,6,5
29822,013,013_0097,7,5
29823,013,013_0097,8,5
29824,013,013_0098,1,4
29825,013,013_0098,2,4
29826,013,013_0098,3,4
29827,013,013_0098,4,4
29828,013,013_0098,5,4
29829,013,013_0098,6,4
29830,013,013_0098,7,4
29831,013,013_0098,8,4
29832,013,013_0099,1,3
29833,013,013_0099,2,3
29834,013,013_0099,3,3
29835,013,013_0099,4,3
29836,013,013_0099,5,3
29837,013,013_0099,6,3
29838,013,013_0099,7,3
29839,013,013_0099,8,3
29840,013,013_0100,1,2
29841,013,013_0100,2,2
29842,013,013_0100,3,2
29843,013,013_0100,4,2
29844,013,013_0100,5,2
29845,013,013_0100,6,2
29846,013,013_0100,7,2
29847,013,013_0100,8,2
29848,013,013_0101,1,1
29849,013,013_0101,2,1
29850,013,013_0101,3,1
29851,013,013_0101,4,1
29852,013,013_0101,5,1
29853,013,013_0101,6,1
29854,013,013_0101,7,1
29855,013,013_0101,8,1
29856,013,013_0102,1,5
29857,013,013_0102,2,5
29858,013,013_0102,3,5
29859,013,013_0102,4,5
29860,013,013_0102,5,5
29861,013,013_0102,6,5
29862,013,013_0102,7,5
29863,013,013_0102,8,5
29864,013,013_0103,1,4
29865,013,013_0103,2,4
29866,013,013_0103,3,4
29867,013,013_0103,4,4
29868,013,013_0103,5,4
29869,013,013_0103,6,4
29870,013,013_0103,7,4
29871,013,013_0103,8,4
29872,013,013_0104,1,3
29873,013,013_0104,2,3
29874,013,013_0104,3,3
29875,013,013_0104,4,3
29876,013,013_0104,5,3
29877,013,013_0104,6,3
29878,013,013_0104,7,3
29879,013,013_0104,8,3
29880,013,013_0105,1,2
29881,013,013_0105,2,2
29882,013,013_0105,3,2
29883,013,013_0105,4,2
29884,013,013_0105,5,2
29885,013,013_0105,6,2
29886,013,013_0105,7,2
29887,013,013_0105,8,2
29888,013,013_0106,1,1
29889,013,013_0106,2,1
29890,013,013_0106,3,1
29891,013,013_0106,4,1
29892,013,013_0106,5,1
29893,013,013_0106,6,1
29894,013,013_0106,7,1
29895,013,013_0106,8,1
29896,013,013_0107,1,5
29897,013,013_0107,2,5
29898,013,013_0107,3,5
29899,013,013_0107,4,5
29900,013,013_0107,5,5
29901,013,013_0107,6,5
29902,013,013_0107,7,5
29903,013,013_0107,8,5
29904,013,013_0108,1,4
29905,013,013_0108,2,4
29906,013,013_0108,3,4
29907,013,013_0108,4,4
29908,013,013_0108,5,4
29909,013,013_0108,6,4
29910,013,013_0108,7,4
29911,013,013_0108,8,4
29912,013,013_0109,1,3
29913,013,013_0109,2,3
29914,013,013_0109,3,3
29915,013,013_0109,4,3
29916,013,013_0109,5,3
29917,013,013_0109,6,3
29918,013,013_0109,7,3
29919,013,013_0109,8,3
29920,013,013_0110,1,2
29921,013,013_0110,2,2
29922,013,013_0110,3,2
29923,013,013_0110,4,2
29924,013,013_0110,5,2
29925,013,013_0110,6,2
29926,013,013_0110,7,2
29927,013,013_0110,8,2
29928,013,013_0111,1,1
29929,013,013_0111,2,1
29930,013,013_0111,3,1
29931,013,013_0111,4,1
29932,013,013_0111,5,1
29933,013,013_0111,6,1
29934,013,013_0111,7,1
29935,013,013_0111,8,1
29936,013,013_0112,1,5
29937,013,013_0112,2,5
29938,013,013_0112,3,5
29939,013,013_0112,4,5
29940,013,013_0112,5,5
29941,013,013_0112,6,5
29942,013,013_0112,7,5
29943,013,013_0112,8,5
29944,013,013_0113,1,4
29945,013,013_0113,2,4
29946,013,013_0113,3,4
29947,013,013_0113,4,4
29948,013,013_0113,5,4
29949,013,013_0113,6,4
29950,013,013_0113,7,4
29951,013,013_0113,8,4
29952,013,013_0114,1,3
29953,013,013_0114,2,3
29954,013,013_0114,3,3
29955,013,013_0114,4,3
29956,013,013_0114,5,3
29957,013,013_0114,6,3
29958,013,013_0114,7,3
29959,013,013_0114,8,3
29960,013,013_0115,1,2
29961,013,013_0115,2,2
29962,013,013_0115,3,2
29963,013,013_0115,4,2
29964,013,013_0115,5,2
29965,013,013_0115,6,2
29966,013,013_0115,7,2
29967,013,013_0115,8,2
29968,013,013_0116,1,1
29969,013,013_0116,2,1
29970,013,013_0116,3,1
29971,013,013_0116,4,1
29972,013,013_0116,5,1
29973,013,013_0116,6,1
29974,013,013_0116,7,1
29975,013,013_0116,8,1
29976,013,013_0117,1,5
29977,013,013_0117,2,5
29978,013,013_0117,3,5
29979,013,013_0117,4,5
29980,013,013_0117,5,5
29981,013,013_0117,6,5
29982,013,013_0117,7,5
29983,013,013_0117,8,5
29984,013,013_0118,1,4
29985,013,013_0118,2,4
29986,013,013_0118,3,4
29987,013,013_0118,4,4
29988,013,013_0118,5,4
29989,013,013_0118,6,4
29990,013,013_0118,7,4
29991,013,013_0118,8,4
29992,013,013_0119,1,3
29993,013,013_0119,2,3
29994,013,013_0119,3,3
29995,013,013_0119,4,3
29996,013,013_0119,5,3
29997,013,013_0119,6,3
29998,013,013_0119,7,3
29999,013,013_0119,8,3
30000,013,013_0120,1,2
30001,013,013_0120,2,2
30002,013,013_0120,3,2
30003,013,013_0120,4,2
30004,013,013_0120,5,2
30005,013,013_0120,6,2
30006,013,013_0120,7,2
30007,013,013_0120,8,2
30008,013,013_0121,1,1
30009,013,013_0121,2,1
30010,013,013_0121,3,1
30011,013,013_0121,4,1
30012,013,013_0121,5,1
30013,013,013_0121,6,1
30014,013,013_0121,7,1
30015,013,013_0121,8,1
30016,013,013_0122,1,5
30017,013,013_0122,2,5
30018,013,013_0122,3,5
30019,013,013_0122,4,5
30020,013,013_0122,5,5
30021,013,013_0122,6,5
30022,013,013_0122,7,5
30023,013,013_0122,8,5
30024,013,013_0123,1,4
30025,013,013_0123,2,4
30026,013,013_0123,3,4
30027,013,013_0123,4,4
30028,013,013_0123,5,4
30029,013,013_0123,6,4
30030,013,013_0123,7,4
30031,013,013_0123,8,4
30032,013,013_0124,1,3
30033,013,013_0124,2,3
30034,013,013_0124,3,3
30035,013,013_0124,4,3
30036,013,013_0124,5,3
30037,013,013_0124,6,3
30038,013,013_0124,7,3
30039,013,013_0124,8,3
30040,013,013_0125,1,2
30041,013,013_0125,2,2
30042,013,013_0125,3,2
30043,013,013_0125,4,2
30044,013,013_0125,5,2
30045,013,013_0125,6,2
30046,013,013_0125,7,2
30047,013,013_0125,8,2
30048,013,013_0126,1,1
30049,013,013_0126,2,1
30050,013,013_0126,3,1
30051,013,013_0126,4,1
30052,013,013_0126,5,1
30053,013,013_0126,6,1
30054,013,013_0126,7,1
30055,013,013_0126,8,1
30056,013,013_0127,1,5
30057,013,013_0127,2,5
30058,013,013_0127,3,5
30059,013,013_0127,4,5
30060,013,013_0127,5,5
30061,013,013_0127,6,5
30062,013,013_0127,7,5
30063,013,013_0127,8,5
30064,013,013_0128,1,4
30065,013,013_0128,2,4
30066,013,013_0128,3,4
30067,013,013_0128,4,4
30068,013,013_0128,5,4
30069,013,013_0128,6,4
30070,013,013_0128,7,4
30071,013,013_0128,8,4
30072,013,013_0129,1,3
30073,013,013_0129,2,3
30074,013,013_0129,3,3
30075,013,013_0129,4,3
30076,013,013_0129,5,3
30077,013,013_0129,6,3
30078,013,013_0129,7,3
30079,013,013_0129,8,3
30080,013,013_0130,1,2
30081,013,013_0130,2,2
30082,013,013_0130,3,2
30083,013,013_0130,4,2
30084,013,013_0130,5,2
30085,013,013_0130,6,2
30086,013,013_0130,7,2
30087,013,013_0130,8,2
30088,013,013_0131,1,1
30089,013,013_0131,2,1
30090,013,013_0131,3,1
30091,013,013_0131,4,1
30092,013,013_0131,5,1
30093,013,013_0131,6,1
30094,013,013_0131,7,1
30095,013,013_0131,8,1
30096,013,013_0132,1,5
30097,013,013_0132,2,5
30098,013,013_0132,3,5
30099,013,013_0132,4,5
30100,013,013_0132,5,5
30101,013,013_0132,6,5
30102,013,013_0132,7,5
30103,013,013_0132,8,5
30104,013,013_0133,1,4
30105,013,013_0133,2,4
30106,013,013_0133,3,4
30107,013,013_0133,4,4
30108,013,013_0133,5,4
30109,013,013_0133,6,4
30110,013,013_0133,7,4
30111,013,013_0133,8,4
30112,013,013_0134,1,3
30113,013,013_0134,2,3
30114,013,013_0134,3,3
30115,013,013_0134,4,3
30116,013,013_0134,5,3
30117,013,013_0134,6,3
30118,013,013_0134,7,3
30119,013,013_0134,8,3
30120,013,013_0135,1,2
30121,013,013_0135,2,2
30122,013,013_0135,3,2
30123,013,013_0135,4,2
30124,013,013_0135,5,2
30125,013,013_0135,6,2
30126,013,013_0135,7,2
30127,013,013_0135,8,2
30128,013,013_0136,1,1
30129,013,013_0136,2,1
30130,013,013_0136,3,1
30131,013,013_0136,4,1
30132,013,013_0136,5,1
30133,013,013_0136,6,1
30134,013,013_0136,7,1
30135,013,013_0136,8,1
30136,013,013_0137,1,5
30137,013,013_0137,2,5
30138,013,013_0137,3,5
30139,013,013_0137,4,5
30140,013,013_0137,5,5
30141,013,013_0137,6,5
30142,013,013_0137,7,5
30143,013,013_0137,8,5
30144,013,013_0138,1,4
30145,013,013_0138,2,4
30146,013,013_0138,3,4
30147,013,013_0138,4,4
30148,013,013_0138,5,4
30149,013,013_0138,6,4
30150,013,013_0138,7,4
30151,013,013_0138,8,4
30152,013,013_0139,1,3
30153,013,013_0139,2,3
30154,013,013_0139,3,3
30155,013,013_0139,4,3
30156,013,013_0139,5,3
30157,013,013_0139,6,3
30158,013,013_0139,7,3
30159,013,013_0139,8,3
30160,013,013_0140,1,2
30161,013,013_0140,2,2
30162,013,013_0140,3,2
30163,013,013_0140,4,2
30164,013,013_0140,5,2
30165,013,013_0140,6,2
30166,013,013_0140,7,2
30167,013,013_0140,8,2
30168,013,013_0141,1,1
30169,013,013_0141,2,1
30170,013,013_0141,3,1
30171,013,013_0141,4,1
30172,013,013_0141,5,1
30173,013,013_0141,6,1
30174,013,013_0141,7,1
30175,013,013_0141,8,1
30176,013,013_0142,1,5
30177,013,013_0142,2,5
30178,013,013_0142,3,5
30179,013,013_0142,4,5
30180,013,013_0142,5,5
30181,013,013_0142,6,5
30182,013,013_0142,7,5
30183,013,013_0142,8,5
30184,013,013_0143,1,4
30185,013,013_0143,2,4
30186,013,013_0143,3,4
30187,013,013_0143,4,4
30188,013,013_0143,5,4
30189,013,013_0143,6,4
30190,013,013_0143,7,4
30191,013,013_0143,8,4
30192,013,013_0144,1,3
30193,013,013_0144,2,3
30194,013,013_0144,3,3
30195,013,013_0144,4,3
30196,013,013_0144,5,3
30197,013,013_0144,6,3
30198,013,013_0144,7,3
30199,013,013_0144,8,3
30200,013,013_0145,1,2
30201,013,013_0145,2,2
30202,013,013_0145,3,2
30203,013,013_0145,4,2
30204,013,013_0145,5,2
30205,013,013_0145,6,2
30206,013,013_0145,7,2
30207,013,013_0145,8,2
30208,013,013_0146,1,1
30209,013,013_0146,2,1
30210,013,013_0146,3,1
30211,013,013_0146,4,1
30212,013,013_0146,5,1
30213,013,013_0146,6,1
30214,013,013_0146,7,1
30215,013,013_0146,8,1
30216,013,013_0147,1,5
30217,013,013_0147,2,5
30218,013,013_0147,3,5
30219,013,013_0147,4,5
30220,013,013_0147,5,5
30221,013,013_0147,6,5
30222,013,013_0147,7,5
30223,013,013_0147,8,5
30224,013,013_0148,1,4
30225,013,013_0148,2,4
30226,013,013_0148,3,4
30227,013,013_0148,4,4
30228,013,013_0148,5,4
30229,013,013_0148,6,4
30230,013,013_0148,7,4
30231,013,013_0148,8,4
30232,013,013_0149,1,3
30233,013,013_0149,2,3
30234,013,013_0149,3,3
30235,013,013_0149,4,3
30236,013,013_0149,5,3
30237,013,013_0149,6,3
30238,013,013_0149,7,3
30239,013,013_0149,8,3
30240,013,013_0150,1,2
30241,013,013_0150,2,2
30242,013,013_0150,3,2
30243,013,013_0150,4,2
30244,013,013_0150,5,2
30245,013,013_0150,6,2
30246,013,013_0150,7,2
30247,013,013_0150,8,2
30248,013,013_0151,1,1
30249,013,013_0151,2,1
30250,013,013_0151,3,1
30251,013,013_0151,4,1
30252,013,013_0151,5,1
30253,013,013_0151,6,1
30254,013,013_0151,7,1
30255,013,013_0151,8,1
30256,013,013_0152,1,5
30257,013,013_0152,2,5
30258,013,013_0152,3,5
30259,013,013_0152,4,5
30260,013,013_0152,5,5
30261,013,013_0152,6,5
30262,013,013_0152,7,5
30263,013,013_0152,8,5
30264,013,013_0153,1,4
30265,013,013_0153,2,4
30266,013,013_0153,3,4
30267,013,013_0153,4,4
30268,013,013_0153,5,4
30269,013,013_0153,6,4
30270,013,013_0153,7,4
30271,013,013_0153,8,4
30272,013,013_0154,1,3
30273,013,013_0154,2,3
30274,013,013_0154,3,3
30275,013,013_0154,4,3
30276,013,013_0154,5,3
30277,013,013_0154,6,3
30278,013,013_0154,7,3
30279,013,013_0154,8,3
30280,013,013_0155,1,2
30281,013,013_0155,2,2
30282,013,013_0155,3,2
30283,013,013_0155,4,2
30284,013,013_0155,5,2
30285,013,013_0155,6,2
30286,013,013_0155,7,2
30287,013,013_0155,8,2
30288,013,013_0156,1,1
30289,013,013_0156,2,1
30290,013,013_0156,3,1
30291,013,013_0156,4,1
30292,013,013_0156,5,1
30293,013,013_0156,6,1
30294,013,013_0156,7,1
30295,013,013_0156,8,1
30296,013,013_0157,1,5
30297,013,013_0157,2,5
30298,013,013_0157,3,5
30299,013,013_0157,4,5
30300,013,013_0157,5,5
30301,013,013_0157,6,5
30302,013,013_0157,7,5
30303,013,013_0157,8,5
30304,013,013_0158,1,4
30305,013,013_0158,2,4
30306,013,013_0158,3,4
30307,013,013_0158,4,4
30308,013,013_0158,5,4
30309,013,013_0158,6,4
30310,013,013_0158,7,4
30311,013,013_0158,8,4
30312,013,013_0159,1,3
30313,013,013_0159,2,3
30314,013,013_0159,3,3
30315,013,013_0159,4,3
30316,013,013_0159,5,3
30317,013,013_0159,6,3
30318,013,013_0159,7,3
30319,013,013_0159,8,3
30320,013,013_0160,1,2
30321,013,013_0160,2,2
30322,013,013_0160,3,2
30323,013,013_0160,4,2
30324,013,013_0160,5,2
30325,013,013_0160,6,2
30326,013,013_0160,7,2
30327,013,013_0160,8,2
30328,013,013_0161,1,1
30329,013,013_0161,2,1
30330,013,013_0161,3,1
30331,013,013_0161,4,1
30332,013,013_0161,5,1
30333,013,013_0161,6,1
30334,013,013_0161,7,1
30335,013,013_0161,8,1
30336,013,013_0162,1,5
30337,013,013_0162,2,5
30338,013,013_0162,3,5
30339,013,013_0162,4,5
30340,013,013_0162,5,5
30341,013,013_0162,6,5
30342,013,013_0162,7,5
30343,013,013_0162,8,5
30344,013,013_0163,1,4
30345,013,013_0163,2,4
30346,013,013_0163,3,4
30347,013,013_0163,4,4
30348,013,013_0163,5,4
30349,013,013_0163,6,4
30350,013,013_0163,7,4
30351,013,013_0163,8,4
30352,013,013_0164,1,3
30353,013,013_0164,2,3
30354,013,013_0164,3,3
30355,013,013_0164,4,3
30356,013,013_0164,5,3
30357,013,013_0164,6,3
30358,013,013_0164,7,3
30359,013,013_0164,8,3
30360,013,013_0165,1,2
30361,013,013_0165,2,2
30362,013,013_0165,3,2
30363,013,013_0165,4,2
30364,013,013_0165,5,2
30365,013,013_0165,6,2
30366,013,013_0165,7,2
30367,013,013_0165,8,2
30368,013,013_0166,1,1
30369,013,013_0166,2,1
30370,013,013_0166,3,1
30371,013,013_0166,4,1
30372,013,013_0166,5,1
30373,013,013_0166,6,1
30374,013,013_0166,7,1
30375,013,013_0166,8,1
30376,013,013_0167,1,5
30377,013,013_0167,2,5
30378,013,013_0167,3,5
30379,013,013_0167,4,5
30380,013,013_0167,5,5
30381,013,013_0167,6,5
30382,013,013_0167,7,5
30383,013,013_0167,8,5
30384,013,013_0168,1,4
30385,013,013_0168,2,4
30386,013,013_0168,3,4
30387,013,013_0168,4,4
30388,013,013_0168,5,4
30389,013,013_0168,6,4
30390,013,013_0168,7,4
30391,013,013_0168,8,4
30392,013,013_0169,1,3
30393,013,013_0169,2,3
30394,013,013_0169,3,3
30395,013,013_0169,4,3
30396,013,013_0169,5,3
30397,013,013_0169,6,3
30398,013,013_0169,7,3
30399,013,013_0169,8,3
30400,013,013_0170,1,2
30401,013,013_0170,2,2
30402,013,013_0170,3,2
30403,013,013_0170,4,2
30404,013,013_0170,5,2
30405,013,013_0170,6,2
30406,013,013_0170,7,2
30407,013,013_0170,8,2
30408,013,013_0171,1,1
30409,013,013_0171,2,1
30410,013,013_0171,3,1
30411,013,013_0171,4,1
30412,013,013_0171,5,1
30413,013,013_0171,6,1
30414,013,013_0171,7,1
30415,013,013_0171,8,1
30416,013,013_0172,1,5
30417,013,013_0172,2,5
30418,013,013_0172,3,5
30419,013,013_0172,4,5
30420,013,013_0172,5,5
30421,013,013_0172,6,5
30422,013,013_0172,7,5
30423,013,013_0172,8,5
30424,013,013_0173,1,4
30425,013,013_0173,2,4
30426,013,013_0173,3,4
30427,013,013_0173,4,4
30428,013,013_0173,5,4
30429,013,013_0173,6,4
30430,013,013_0173,7,4
30431,013,013_0173,8,4
30432,013,013_0174,1,3
30433,013,013_0174,2,3
30434,013,013_0174,3,3
30435,013,013_0174,4,3
30436,013,013_0174,5,3
30437,013,013_0174,6,3
30438,013,013_0174,7,3
30439,013,013_0174,8,3
30440,013,013_0175,1,2
30441,013,013_0175,2,2
30442,013,013_0175,3,2
30443,013,013_0175,4,2
30444,013,013_0175,5,2
30445,013,013_0175,6,2
30446,013,013_0175,7,2
30447,013,013_0175,8,2
30448,013,013_0176,1,1
30449,013,013_0176,2,1
30450,013,013_0176,3,1
30451,013,013_0176,4,1
30452,013,013_0176,5,1
30453,013,013_0176,6,1
30454,013,013_0176,7,1
30455,013,013_0176,8,1
30456,013,013_0177,1,5
30457,013,013_0177,2,5
30458,013,013_0177,3,5
30459,013,013_0177,4,5
30460,013,013_0177,5,5
30461,013,013_0177,6,5
30462,013,013_0177,7,5
30463,013,013_0177,8,5
30464,013,013_0178,1,4
30465,013,013_0178,2,4
30466,013,013_0178,3,4
30467,013,013_0178,4,4
30468,013,013_0178,5,4
30469,013,013_0178,6,4
30470,013,013_0178,7,4
30471,013,013_0178,8,4
30472,013,013_0179,1,3
30473,013,013_0179,2,3
30474,013,013_0179,3,3
30475,013,013_0179,4,3
30476,013,013_0179,5,3
30477,013,013_0179,6,3
30478,013,013_0179,7,3
30479,013,013_0179,8,3
30480,013,013_0180,1,2
30481,013,013_0180,2,2
30482,013,013_0180,3,2
30483,013,013_0180,4,2
30484,013,013_0180,5,2
30485,013,013_0180,6,2
30486,013,013_0180,7,2
30487,013,013_0180,8,2
30488,013,013_0181,1,1
30489,013,013_0181,2,1
30490,013,013_0181,3,1
30491,013,013_0181,4,1
30492,013,013_0181,5,1
30493,013,013_0181,6,1
30494,013,013_0181,7,1
30495,013,013_0181,8,1
30496,013,013_0182,1,5
30497,013,013_0182,2,5
30498,013,013_0182,3,5
30499,013,013_0182,4,5
30500,013,013_0182,5,5
30501,013,013_0182,6,5
30502,013,013_0182,7,5
30503,013,013_0182,8,5
30504,013,013_0183,1,4
30505,013,013_0183,2,4
30506,013,013_0183,3,4
30507,013,013_0183,4,4
30508,013,013_0183,5,4
30509,013,013_0183,6,4
30510,013,013_0183,7,4
30511,013,013_0183,8,4
30512,013,013_0184,1,3
30513,013,013_0184,2,3
30514,013,013_0184,3,3
30515,013,013_0184,4,3
30516,013,013_0184,5,3
30517,013,013_0184,6,3
30518,013,013_0184,7,3
30519,013,013_0184,8,3
30520,013,013_0185,1,2
30521,013,013_0185,2,2
30522,013,013_0185,3,2
30523,013,013_0185,4,2
30524,013,013_0185,5,2
30525,013,013_0185,6,2
30526,013,013_0185,7,2
30527,013,013_0185,8,2
30528,013,013_0186,1,1
30529,013,013_0186,2,1
30530,013,013_0186,3,1
30531,013,013_0186,4,1
30532,013,013_0186,5,1
30533,013,013_0186,6,1
30534,013,013_0186,7,1
30535,013,013_0186,8,1
30536,013,013_0187,1,5
30537,013,013_0187,2,5
30538,013,013_0187,3,5
30539,013,013_0187,4,5
30540,013,013_0187,5,5
30541,013,013_0187,6,5
30542,013,013_0187,7,5
30543,013,013_0187,8,5
30544,013,013_0188,1,4
30545,013,013_0188,2,4
30546,013,013_0188,3,4
30547,013,013_0188,4,4
30548,013,013_0188,5,4
30549,013,013_0188,6,4
30550,013,013_0188,7,4
30551,013,013_0188,8,4
30552,013,013_0189,1,3
30553,013,013_0189,2,3
30554,013,013_0189,3,3
30555,013,013_0189,4,3
30556,013,013_0189,5,3
30557,013,013_0189,6,3
30558,013,013_0189,7,3
30559,013,013_0189,8,3
30560,013,013_0190,1,2
30561,013,013_0190,2,2
30562,013,013_0190,3,2
30563,013,013_0190,4,2
30564,013,013_0190,5,2
30565,013,013_0190,6,2
30566,013,013_0190,7,2
30567,013,013_0190,8,2
30568,013,013_0191,1,1
30569,013,013_0191,2,1
30570,013,013_0191,3,1
30571,013,013_0191,4,1
30572,013,013_0191,5,1
30573,013,013_0191,6,1
30574,013,013_0191,7,1
30575,013,013_0191,8,1
30576,013,013_0192,1,5
30577,013,013_0192,2,5
30578,013,013_0192,3,5
30579,013,013_0192,4,5
30580,013,013_0192,5,5
30581,013,013_0192,6,5
30582,013,013_0192,7,5
30583,013,013_0192,8,5
30584,013,013_0193,1,4
30585,013,013_0193,2,4
30586,013,013_0193,3,4
30587,013,013_0193,4,4
30588,013,013_0193,5,4
30589,013,013_0193,6,4
30590,013,013_0193,7,4
30591,013,013_0193,8,4
30592,013,013_0194,1,3
30593,013,013_0194,2,3
30594,013,013_0194,3,3
30595,013,013_0194,4,3
30596,013,013_0194,5,3
30597,013,013_0194,6,3
30598,013,013_0194,7,3
30599,013,013_0194,8,3
30600,013,013_0195,1,2
30601,013,013_0195,2,2
30602,013,013_0195,3,2
30603,013,013_0195,4,2
30604,013,013_0195,5,2
30605,013,013_0195,6,2
30606,013,013_0195,7,2
30607,013,013_0195,8,2
30608,013,013_0196,1,1
30609,013,013_0196,2,1
30610,013,013_0196,3,1
30611,013,013_0196,4,1
30612,013,013_0196,5,1
30613,013,013_0196,6,1
30614,013,013_0196,7,1
30615,013,013_0196,8,1
30616,013,013_0197,1,5
30617,013,013_0197,2,5
30618,013,013_0197,3,5
30619,013,013_0197,4,5
30620,013,013_0197,5,5
30621,013,013_0197,6,5
30622,013,013_0197,7,5
30623,013,013_0197,8,5
30624,013,013_0198,1,4
30625,013,013_0198,2,4
30626,013,013_0198,3,4
30627,013,013_0198,4,4
30628,013,013_0198,5,4
30629,013,013_0198,6,4
30630,013,013_0198,7,4
30631,013,013_0198,8,4
30632,013,013_0199,1,3
30633,013,013_0199,2,3
30634,013,013_0199,3,3
30635,013,013_0199,4,3
30636,013,013_0199,5,3
30637,013,013_0199,6,3
30638,013,013_0199,7,3
30639,013,013_0199,8,3
30640,013,013_0200,1,2
30641,013,013_0200,2,2
30642,013,013_0200,3,2
30643,013,013_0200,4,2
30644,013,013_0200,5,2
30645,013,013_0200,6,2
30646,013,013_0200,7,2
30647,013,013_0200,8,2
30648,013,013_0201,1,1
30649,013,013_0201,2,1
30650,013,013_0201,3,1
30651,013,013_0201,4,1
30652,013,013_0201,5,1
30653,013,013_0201,6,1
30654,013,013_0201,7,1
30655,013,013_0201,8,1
30656,013,013_0202,1,5
30657,013,013_0202,2,5
30658,013,013_0202,3,5
30659,013,013_0202,4,5
30660,013,013_0202,5,5
30661,013,013_0202,6,5
30662,013,013_0202,7,5
30663,013,013_0202,8,5
30664,013,013_0203,1,4
30665,013,013_0203,2,4
30666,013,013_0203,3,4
30667,013,013_0203,4,4
30668,013,013_0203,5,4
30669,013,013_0203,6,4
30670,013,013_0203,7,4
30671,013,013_0203,8,4
30672,013,013_0204,1,3
30673,013,013_0204,2,3
30674,013,013_0204,3,3
30675,013,013_0204,4,3
30676,013,013_0204,5,3
30677,013,013_0204,6,3
30678,013,013_0204,7,3
30679,013,013_0204,8,3
30680,013,013_0205,1,2
30681,013,013_0205,2,2
30682,013,013_0205,3,2
30683,013,013_0205,4,2
30684,013,013_0205,5,2
30685,013,013_0205,6,2
30686,013,013_0205,7,2
30687,013,013_0205,8,2
30688,013,013_0206,1,1
30689,013,013_0206,2,1
30690,013,013_0206,3,1
30691,013,013_0206,4,1
30692,013,013_0206,5,1
30693,013,013_0206,6,1
30694,013,013_0206,7,1
30695,013,013_0206,8,1
30696,013,013_0207,1,5
30697,013,013_0207,2,5
30698,013,013_0207,3,5
30699,013,013_0207,4,5
30700,013,013_0207,5,5
30701,013,013_0207,6,5
30702,013,013_0207,7,5
30703,013,013_0207,8,5
30704,013,013_0208,1,4
30705,013,013_0208,2,4
30706,013,013_0208,3,4
30707,013,013_0208,4,4
30708,013,013_0208,5,4
30709,013,013_0208,6,4
30710,013,013_0208,7,4
30711,013,013_0208,8,4
30712,013,013_0209,1,3
30713,013,013_0209,2,3
30714,013,013_0209,3,3
30715,013,013_0209,4,3
30716,013,013_0209,5,3
30717,013,013_0209,6,3
30718,013,013_0209,7,3
30719,013,013_0209,8,3
30720,013,013_0210,1,2
30721,013,013_0210,2,2
30722,013,013_0210,3,2
30723,013,013_0210,4,2
30724,013,013_0210,5,2
30725,013,013_0210,6,2
30726,013,013_0210,7,2
30727,013,013_0210,8,2
30728,013,013_0211,1,1
30729,013,013_0211,2,1
30730,013,013_0211,3,1
30731,013,013_0211,4,1
30732,013,013_0211,5,1
30733,013,013_0211,6,1
30734,013,013_0211,7,1
30735,013,013_0211,8,1
30736,013,013_0212,1,5
30737,013,013_0212,2,5
30738,013,013_0212,3,5
30739,013,013_0212,4,5
30740,013,013_0212,5,5
30741,013,013_0212,6,5
30742,013,013_0212,7,5
30743,013,013_0212,8,5
30744,013,013_0213,1,4
30745,013,013_0213,2,4
30746,013,013_0213,3,4
30747,013,013_0213,4,4
30748,013,013_0213,5,4
30749,013,013_0213,6,4
30750,013,013_0213,7,4
30751,013,013_0213,8,4
30752,013,013_0214,1,3
30753,013,013_0214,2,3
30754,013,013_0214,3,3
30755,013,013_0214,4,3
30756,013,013_0214,5,3
30757,013,013_0214,6,3
30758,013,013_0214,7,3
30759,013,013_0214,8,3
30760,013,013_0215,1,2
30761,013,013_0215,2,2
30762,013,013_0215,3,2
30763,013,013_0215,4,2
30764,013,013_0215,5,2
30765,013,013_0215,6,2
30766,013,013_0215,7,2
30767,013,013_0215,8,2
30768,013,013_0216,1,1
30769,013,013_0216,2,1
30770,013,013_0216,3,1
30771,013,013_0216,4,1
30772,013,013_0216,5,1
30773,013,013_0216,6,1
30774,013,013_0216,7,1
30775,013,013_0216,8,1
30776,013,013_0217,1,5
30777,013,013_0217,2,5
30778,013,013_0217,3,5
30779,013,013_0217,4,5
30780,013,013_0217,5,5
30781,013,013_0217,6,5
30782,013,013_0217,7,5
30783,013,013_0217,8,5
30784,013,013_0218,1,4
30785,013,013_0218,2,4
30786,013,013_0218,3,4
30787,013,013_0218,4,4
30788,013,013_0218,5,4
30789,013,013_0218,6,4
30790,013,013_0218,7,4
30791,013,013_0218,8,4
30792,013,013_0219,1,3
30793,013,013_0219,2,3
30794,013,013_0219,3,3
30795,013,013_0219,4,3
30796,013,013_0219,5,3
30797,013,013_0219,6,3
30798,013,013_0219,7,3
30799,013,013_0219,8,3
30800,013,013_0220,1,2
30801,013,013_0220,2,2
30802,013,013_0220,3,2
30803,013,013_0220,4,2
30804,013,013_0220,5,2
30805,013,013_0220,6,2
30806,013,013_0220,7,2
30807,013,013_0220,8,2
30808,013,013_0221,1,1
30809,013,013_0221,2,1
30810,013,013_0221,3,1
30811,013,013_0221,4,1
30812,013,013_0221,5,1
30813,013,013_0221,6,1
30814,013,013_0221,7,1
30815,013,013_0221,8,1
30816,013,013_0222,1,5
30817,013,013_0222,2,5
30818,013,013_0222,3,5
30819,013,013_0222,4,5
30820,013,013_0222,5,5
30821,013,013_0222,6,5
30822,013,013_0222,7,5
30823,013,013_0222,8,5
30824,013,013_0223,1,4
30825,013,013_0223,2,4
30826,013,013_0223,3,4
30827,013,013_0223,4,4
30828,013,013_0223,5,4
30829,013,013_0223,6,4
30830,013,013_0223,7,4
30831,013,013_0223,8,4
30832,013,013_0224,1,3
30833,013,013_0224,2,3
30834,013,013_0224,3,3
30835,013,013_0224,4,3
30836,013,013_0224,5,3
30837,013,013_0224,6,3
30838,013,013_0224,7,3
30839,013,013_0224,8,3
30840,013,013_0225,1,2
30841,013,013_0225,2,2
30842,013,013_0225,3,2
30843,013,013_0225,4,2
30844,013,013_0225,5,2
30845,013,013_0225,6,2
30846,013,013_0225,7,2
30847,013,013_0225,8,2
30848,013,013_0226,1,1
30849,013,013_0226,2,1
30850,013,013_0226,3,1
30851,013,013_0226,4,1
30852,013,013_0226,5,1
30853,013,013_0226,6,1
30854,013,013_0226,7,1
30855,013,013_0226,8,1
30856,013,013_0227,1,5
30857,013,013_0227,2,5
30858,013,013_0227,3,5
30859,013,013_0227,4,5
30860,013,013_0227,5,5
30861,013,013_0227,6,5
30862,013,013_0227,7,5
30863,013,013_0227,8,5
30864,013,013_0228,1,4
30865,013,013_0228,2,4
30866,013,013_0228,3,4
30867,013,013_0228,4,4
30868,013,013_0228,5,4
30869,013,013_0228,6,4
30870,013,013_0228,7,4
30871,013,013_0228,8,4
30872,013,013_0229,1,3
30873,013,013_0229,2,3
30874,013,013_0229,3,3
30875,013,013_0229,4,3
30876,013,013_0229,5,3
30877,013,013_0229,6,3
30878,013,013_0229,7,3
30879,013,013_0229,8,3
30880,013,013_0230,1,2
30881,013,013_0230,2,2
30882,013,013_0230,3,2
30883,013,013_0230,4,2
30884,013,013_0230,5,2
30885,013,013_0230,6,2
30886,013,013_0230,7,2
30887,013,013_0230,8,2
30888,013,013_0231,1,1
30889,013,013_0231,2,1
30890,013,013_0231,3,1
30891,013,013_0231,4,1
30892,013,013_0231,5,1
30893,013,013_0231,6,1
30894,013,013_0231,7,1
30895,013,013_0231,8,1
30896,013,013_0232,1,5
30897,013,013_0232,2,5
30898,013,013_0232,3,5
30899,013,013_0232,4,5
30900,013,013_0232,5,5
30901,013,013_0232,6,5
30902,013,013_0232,7,5
30903,013,013_0232,8,5
30904,013,013_0233,1,4
30905,013,013_0233,2,4
30906,013,013_0233,3,4
30907,013,013_0233,4,4
30908,013,013_0233,5,4
30909,013,013_0233,6,4
30910,013,013_0233,7,4
30911,013,013_0233,8,4
30912,013,013_0234,1,3
30913,013,013_0234,2,3
30914,013,013_0234,3,3
30915,013,013_0234,4,3
30916,013,013_0234,5,3
30917,013,013_0234,6,3
30918,013,013_0234,7,3
30919,013,013_0234,8,3
30920,013,013_0235,1,2
30921,013,013_0235,2,2
30922,013,013_0235,3,2
30923,013,013_0235,4,2
30924,013,013_0235,5,2
30925,013,013_0235,6,2
30926,013,013_0235,7,2
30927,013,013_0235,8,2
30928,013,013_0236,1,1
30929,013,013_0236,2,1
30930,013,013_0236,3,1
30931,013,013_0236,4,1
30932,013,013_0236,5,1
30933,013,013_0236,6,1
30934,013,013_0236,7,1
30935,013,013_0236,8,1
30936,013,013_0237,1,5
30937,013,013_0237,2,5
30938,013,013_0237,3,5
30939,013,013_0237,4,5
30940,013,013_0237,5,5
30941,013,013_0237,6,5
30942,013,013_0237,7,5
30943,013,013_0237,8,5
30944,013,013_0238,1,4
30945,013,013_0238,2,4
30946,013,013_0238,3,4
30947,013,013_0238,4,4
30948,013,013_0238,5,4
30949,013,013_0238,6,4
30950,013,013_0238,7,4
30951,013,013_0238,8,4
30952,013,013_0239,1,3
30953,013,013_0239,2,3
30954,013,013_0239,3,3
30955,013,013_0239,4,3
30956,013,013_0239,5,3
30957,013,013_0239,6,3
30958,013,013_0239,7,3
30959,013,013_0239,8,3
30960,013,013_0240,1,2
30961,013,013_0240,2,2
30962,013,013_0240,3,2
30963,013,013_0240,4,2
30964,013,013_0240,5,2
30965,013,013_0240,6,2
30966,013,013_0240,7,2
30967,013,013_0240,8,2
30968,013,013_0241,1,1
30969,013,013_0241,2,1
30970,013,013_0241,3,1
30971,013,013_0241,4,1
30972,013,013_0241,5,1
30973,013,013_0241,6,1
30974,013,013_0241,7,1
30975,013,013_0241,8,1
30976,013,013_0242,1,5
30977,013,013_0242,2,5
30978,013,013_0242,3,5
30979,013,013_0242,4,5
30980,013,013_0242,5,5
30981,013,013_0242,6,5
30982,013,013_0242,7,5
30983,013,013_0242,8,5
30984,013,013_0243,1,4
30985,013,013_0243,2,4
30986,013,013_0243,3,4
30987,013,013_0243,4,4
30988,013,013_0243,5,4
30989,013,013_0243,6,4
30990,013,013_0243,7,4
30991,013,013_0243,8,4
30992,013,013_0244,1,3
30993,013,013_0244,2,3
30994,013,013_0244,3,3
30995,013,013_0244,4,3
30996,013,013_0244,5,3
30997,013,013_0244,6,3
30998,013,013_0244,7,3
30999,013,013_0244,8,3
31000,013,013_0245,1,2
31001,013,013_0245,2,2
31002,013,013_0245,3,2
31003,013,013_0245,4,2
31004,013,013_0245,5,2
31005,013,013_0245,6,2
31006,013,013_0245,7,2
31007,013,013_0245,8,2
31008,013,013_0246,1,1
31009,013,013_0246,2,1
31010,013,013_0246,3,1
31011,013,013_0246,4,1
31012,013,013_0246,5,1
31013,013,013_0246,6,1
31014,013,013_0246,7,1
31015,013,013_0246,8,1
31016,013,013_0247,1,5
31017,013,013_0247,2,5
31018,013,013_0247,3,5
31019,013,013_0247,4,5
31020,013,013_0247,5,5
31021,013,013_0247,6,5
31022,013,013_0247,7,5
31023,013,013_0247,8,5
31024,013,013_0248,1,4
31025,013,013_0248,2,4
31026,013,013_0248,3,4
31027,013,013_0248,4,4
31028,013,013_0248,5,4
31029,013,013_0248,6,4
31030,013,013_0248,7,4
31031,013,013_0248,8,4
31032,013,013_0249,1,3
31033,013,013_0249,2,3
31034,013,013_0249,3,3
31035,013,013_0249,4,3
31036,013,013_0249,5,3
31037,013,013_0249,6,3
31038,013,013_0249,7,3
31039,013,013_0249,8,3
31040,013,013_0250,1,2
31041,013,013_0250,2,2
31042,013,013_0250,3,2
31043,013,013_0250,4,2
31044,013,013_0250,5,2
31045,013,013_0250,6,2
31046,013,013_0250,7,2
31047,013,013_0250,8,2
31048,013,013_0251,1,1
31049,013,013_0251,2,1
31050,013,013_0251,3,1
31051,013,013_0251,4,1
31052,013,013_0251,5,1
31053,013,013_0251,6,1
31054,013,013_0251,7,1
31055,013,013_0251,8,1
31056,013,013_0252,1,5
31057,013,013_0252,2,5
31058,013,013_0252,3,5
31059,013,013_0252,4,5
31060,013,013_0252,5,5
31061,013,013_0252,6,5
31062,013,013_0252,7,5
31063,013,013_0252,8,5
31064,013,013_0253,1,4
31065,013,013_0253,2,4
31066,013,013_0253,3,4
31067,013,013_0253,4,4
31068,013,013_0253,5,4
31069,013,013_0253,6,4
31070,013,013_0253,7,4
31071,013,013_0253,8,4
31072,013,013_0254,1,3
31073,013,013_0254,2,3
31074,013,013_0254,3,3
31075,013,013_0254,4,3
31076,013,013_0254,5,3
31077,013,013_0254,6,3
31078,013,013_0254,7,3
31079,013,013_0254,8,3
31080,013,013_0255,1,2
31081,013,013_0255,2,2
31082,013,013_0255,3,2
31083,013,013_0255,4,2
31084,013,013_0255,5,2
31085,013,013_0255,6,2
31086,013,013_0255,7,2
31087,013,013_0255,8,2
31088,013,013_0256,1,1
31089,013,013_0256,2,1
31090,013,013_0256,3,1
31091,013,013_0256,4,1
31092,013,013_0256,5,1
31093,013,013_0256,6,1
31094,013,013_0256,7,1
31095,013,013_0256,8,1
31096,013,013_0257,1,5
31097,013,013_0257,2,5
31098,013,013_0257,3,5
31099,013,013_0257,4,5
31100,013,013_0257,5,5
31101,013,013_0257,6,5
31102,013,013_0257,7,5
31103,013,013_0257,8,5
31104,013,013_0258,1,4
31105,013,013_0258,2,4
31106,013,013_0258,3,4
31107,013,013_0258,4,4
31108,013,013_0258,5,4
31109,013,013_0258,6,4
31110,013,013_0258,7,4
31111,013,013_0258,8,4
31112,013,013_0259,1,3
31113,013,013_0259,2,3
31114,013,013_0259,3,3
31115,013,013_0259,4,3
31116,013,013_0259,5,3
31117,013,013_0259,6,3
31118,013,013_0259,7,3
31119,013,013_0259,8,3
31120,013,013_0260,1,2
31121,013,013_0260,2,2
31122,013,013_0260,3,2
31123,013,013_0260,4,2
31124,013,013_0260,5,2
31125,013,013_0260,6,2
31126,013,013_0260,7,2
31127,013,013_0260,8,2
31128,013,013_0261,1,1
31129,013,013_0261,2,1
31130,013,013_0261,3,1
31131,013,013_0261,4,1
31132,013,013_0261,5,1
31133,013,013_0261,6,1
31134,013,013_0261,7,1
31135,013,013_0261,8,1
31136,013,013_0262,1,5
31137,013,013_0262,2,5
31138,013,013_0262,3,5
31139,013,013_0262,4,5
31140,013,013_0262,5,5
31141,013,013_0262,6,5
31142,013,013_0262,7,5
31143,013,013_0262,8,5
31144,013,013_0263,1,4
31145,013,013_0263,2,4
31146,013,013_0263,3,4
31147,013,013_0263,4,4
31148,013,013_0263,5,4
31149,013,013_0263,6,4
31150,013,013_0263,7,4
31151,013,013_0263,8,4
31152,013,013_0264,1,3
31153,013,013_0264,2,3
31154,013,013_0264,3,3
31155,013,013_0264,4,3
31156,013,013_0264,5,3
31157,013,013_0264,6,3
31158,013,013_0264,7,3
31159,013,013_0264,8,3
31160,013,013_0265,1,2
31161,013,013_0265,2,2
31162,013,013_0265,3,2
31163,013,013_0265,4,2
31164,013,013_0265,5,2
31165,013,013_0265,6,2
31166,013,013_0265,7,2
31167,013,013_0265,8,2
31168,013,013_0266,1,1
31169,013,013_0266,2,1
31170,013,013_0266,3,1
31171,013,013_0266,4,1
31172,013,013_0266,5,1
31173,013,013_0266,6,1
31174,013,013_0266,7,1
31175,013,013_0266,8,1
31176,013,013_0267,1,5
31177,013,013_0267,2,5
31178,013,013_0267,3,5
31179,013,013_0267,4,5
31180,013,013_0267,5,5
31181,013,013_0267,6,5
31182,013,013_0267,7,5
31183,013,013_0267,8,5
31184,013,013_0268,1,4
31185,013,013_0268,2,4
31186,013,013_0268,3,4
31187,013,013_0268,4,4
31188,013,013_0268,5,4
31189,013,013_0268,6,4
31190,013,013_0268,7,4
31191,013,013_0268,8,4
31192,013,013_0269,1,3
31193,013,013_0269,2,3
31194,013,013_0269,3,3
31195,013,013_0269,4,3
31196,013,013_0269,5,3
31197,013,013_0269,6,3
31198,013,013_0269,7,3
31199,013,013_0269,8,3
31200,013,013_0270,1,2
31201,013,013_0270,2,2
31202,013,013_0270,3,2
31203,013,013_0270,4,2
31204,013,013_0270,5,2
31205,013,013_0270,6,2
31206,013,013_0270,7,2
31207,013,013_0270,8,2
31208,013,013_0271,1,1
31209,013,013_0271,2,1
31210,013,013_0271,3,1
31211,013,013_0271,4,1
31212,013,013_0271,5,1
31213,013,013_0271,6,1
31214,013,013_0271,7,1
31215,013,013_0271,8,1
31216,013,013_0272,1,5
31217,013,013_0272,2,5
31218,013,013_0272,3,5
31219,013,013_0272,4,5
31220,013,013_0272,5,5
31221,013,013_0272,6,5
31222,013,013_0272,7,5
31223,013,013_0272,8,5
31224,013,013_0273,1,4
31225,013,013_0273,2,4
31226,013,013_0273,3,4
31227,013,013_0273,4,4
31228,013,013_0273,5,4
31229,013,013_0273,6,4
31230,013,013_0273,7,4
31231,013,013_0273,8,4
31232,013,013_0274,1,3
31233,013,013_0274,2,3
31234,013,013_0274,3,3
31235,013,013_0274,4,3
31236,013,013_0274,5,3
31237,013,013_0274,6,3
31238,013,013_0274,7,3
31239,013,013_0274,8,3
31240,013,013_0275,1,2
31241,013,013_0275,2,2
31242,013,013_0275,3,2
31243,013,013_0275,4,2
31244,013,013_0275,5,2
31245,013,013_0275,6,2
31246,013,013_0275,7,2
31247,013,013_0275,8,2
31248,013,013_0276,1,1
31249,013,013_0276,2,1
31250,013,013_0276,3,1
31251,013,013_0276,4,1
31252,013,013_0276,5,1
31253,013,013_0276,6,1
31254,013,013_0276,7,1
31255,013,013_0276,8,1
31256,013,013_0277,1,5
31257,013,013_0277,2,5
31258,013,013_0277,3,5
31259,013,013_0277,4,5
31260,013,013_0277,5,5
31261,013,013_0277,6,5
31262,013,013_0277,7,5
31263,013,013_0277,8,5
31264,013,013_0278,1,4
31265,013,013_0278,2,4
31266,013,013_0278,3,4
31267,013,013_0278,4,4
31268,013,013_0278,5,4
31269,013,013_0278,6,4
31270,013,013_0278,7,4
31271,013,013_0278,8,4
31272,013,013_0279,1,3
31273,013,013_0279,2,3
31274,013,013_0279,3,3
31275,013,013_0279,4,3
31276,013,013_0279,5,3
31277,013,013_0279,6,3
31278,013,013_0279,7,3
31279,013,013_0279,8,3
31280,013,013_0280,1,2
31281,013,013_0280,2,2
31282,013,013_0280,3,2
31283,013,013_0280,4,2
31284,013,013_0280,5,2
31285,013,013_0280,6,2
31286,013,013_0280,7,2
31287,013,013_0280,8,2
31288,013,013_0281,1,1
31289,013,013_0281,2,1
31290,013,013_0281,3,1
31291,013,013_0281,4,1
31292,013,013_0281,5,1
31293,013,013_0281,6,1
31294,013,013_0281,7,1
31295,013,013_0281,8,1
31296,013,013_0282,1,5
31297,013,013_0282,2,5
31298,013,013_0282,3,5
31299,013,013_0282,4,5
31300,013,013_0282,5,5
31301,013,013_0282,6,5
31302,013,013_0282,7,5
31303,013,013_0282,8,5
31304,013,013_0283,1,4
31305,013,013_0283,2,4
31306,013,013_0283,3,4
31307,013,013_0283,4,4
31308,013,013_0283,5,4
31309,013,013_0283,6,4
31310,013,013_0283,7,4
31311,013,013_0283,8,4
31312,013,013_0284,1,3
31313,013,013_0284,2,3
31314,013,013_0284,3,3
31315,013,013_0284,4,3
31316,013,013_0284,5,3
31317,013,013_0284,6,3
31318,013,013_0284,7,3
31319,013,013_0284,8,3
31320,013,013_0285,1,2
31321,013,013_0285,2,2
31322,013,013_0285,3,2
31323,013,013_0285,4,2
31324,013,013_0285,5,2
31325,013,013_0285,6,2
31326,013,013_0285,7,2
31327,013,013_0285,8,2
31328,013,013_0286,1,1
31329,013,013_0286,2,1
31330,013,013_0286,3,1
31331,013,013_0286,4,1
31332,013,013_0286,5,1
31333,013,013_0286,6,1
31334,013,013_0286,7,1
31335,013,013_0286,8,1
31336,013,013_0287,1,5
31337,013,013_0287,2,5
31338,013,013_0287,3,5
31339,013,013_0287,4,5
31340,013,013_0287,5,5
31341,013,013_0287,6,5
31342,013,013_0287,7,5
31343,013,013_0287,8,5
31344,013,013_0288,1,4
31345,013,013_0288,2,4
31346,013,013_0288,3,4
31347,013,013_0288,4,4
31348,013,013_0288,5,4
31349,013,013_0288,6,4
31350,013,013_0288,7,4
31351,013,013_0288,8,4
31352,013,013_0289,1,3
31353,013,013_0289,2,3
31354,013,013_0289,3,3
31355,013,013_0289,4,3
31356,013,013_0289,5,3
31357,013,013_0289,6,3
31358,013,013_0289,7,3
31359,013,013_0289,8,3
31360,013,013_0290,1,2
31361,013,013_0290,2,2
31362,013,013_0290,3,2
31363,013,013_0290,4,2
31364,013,013_0290,5,2
31365,013,013_0290,6,2
31366,013,013_0290,7,2
31367,013,013_0290,8,2
31368,013,013_0291,1,1
31369,013,013_0291,2,1
31370,013,013_0291,3,1
31371,013,013_0291,4,1
31372,013,013_0291,5,1
31373,013,013_0291,6,1
31374,013,013_0291,7,1
31375,013,013_0291,8,1
31376,013,013_0292,1,5
31377,013,013_0292,2,5
31378,013,013_0292,3,5
31379,013,013_0292,4,5
31380,013,013_0292,5,5
31381,013,013_0292,6,5
31382,013,013_0292,7,5
31383,013,013_0292,8,5
31384,013,013_0293,1,4
31385,013,013_0293,2,4
31386,013,013_0293,3,4
31387,013,013_0293,4,4
31388,013,013_0293,5,4
31389,013,013_0293,6,4
31390,013,013_0293,7,4
31391,013,013_0293,8,4
31392,013,013_0294,1,3
31393,013,013_0294,2,3
31394,013,013_0294,3,3
31395,013,013_0294,4,3
31396,013,013_0294,5,3
31397,013,013_0294,6,3
31398,013,013_0294,7,3
31399,013,013_0294,8,3
31400,013,013_0295,1,2
31401,013,013_0295,2,2
31402,013,013_0295,3,2
31403,013,013_0295,4,2
31404,013,013_0295,5,2
31405,013,013_0295,6,2
31406,013,013_0295,7,2
31407,013,013_0295,8,2
31408,013,013_0296,1,1
31409,013,013_0296,2,1
31410,013,013_0296,3,1
31411,013,013_0296,4,1
31412,013,013_0296,5,1
31413,013,013_0296,6,1
31414,013,013_0296,7,1
31415,013,013_0296,8,1
31416,013,013_0297,1,5
31417,013,013_0297,2,5
31418,013,013_0297,3,5
31419,013,013_0297,4,5
31420,013,013_0297,5,5
31421,013,013_0297,6,5
31422,013,013_0297,7,5
31423,013,013_0297,8,5
31424,013,013_0298,1,4
31425,013,013_0298,2,4
31426,013,013_0298,3,4
31427,013,013_0298,4,4
31428,013,013_0298,5,4
31429,013,013_0298,6,4
31430,013,013_0298,7,4
31431,013,013_0298,8,4
31432,013,013_0299,1,3
31433,013,013_0299,2,3
31434,013,013_0299,3,3
31435,013,013_0299,4,3
31436,013,013_0299,5,3
31437,013,013_0299,6,3
31438,013,013_0299,7,3
31439,013,013_0299,8,3
31440,013,013_0300,1,2
31441,013,013_0300,2,2
31442,013,013_0300,3,2
31443,013,013_0300,4,2
31444,013,013_0300,5,2
31445,013,013_0300,6,2
31446,013,013_0300,7,2
31447,013,013_0300,8,2
31448,013,013_0301,1,1
31449,013,013_0301,2,1
31450,013,013_0301,3,1
31451,013,013_0301,4,1
31452,013,013_0301,5,1
31453,013,013_0301,6,1
31454,013,013_0301,7,1
31455,013,013_0301,8,1
31456,013,013_0302,1,5
31457,013,013_0302,2,5
31458,013,013_0302,3,5
31459,013,013_0302,4,5
31460,013,013_0302,5,5
31461,013,013_0302,6,5
31462,013,013_0302,7,5
31463,013,013_0302,8,5
31464,013,013_0303,1,4
31465,013,013_0303,2,4
31466,013,013_0303,3,4
31467,013,013_0303,4,4
31468,013,013_0303,5,4
31469,013,013_0303,6,4
31470,013,013_0303,7,4
31471,013,013_0303,8,4
31472,013,013_0304,1,3
31473,013,013_0304,2,3
31474,013,013_0304,3,3
31475,013,013_0304,4,3
31476,013,013_0304,5,3
31477,013,013_0304,6,3
31478,013,013_0304,7,3
31479,013,013_0304,8,3
31480,013,013_0305,1,2
31481,013,013_0305,2,2
31482,013,013_0305,3,2
31483,013,013_0305,4,2
31484,013,013_0305,5,2
31485,013,013_0305,6,2
31486,013,013_0305,7,2
31487,013,013_0305,8,2
31488,013,013_0306,1,1
31489,013,013_0306,2,1
31490,013,013_0306,3,1
31491,013,013_0306,4,1
31492,013,013_0306,5,1
31493,013,013_0306,6,1
31494,013,013_0306,7,1
31495,013,013_0306,8,1
31496,013,013_0307,1,5
31497,013,013_0307,2,5
31498,013,013_0307,3,5
31499,013,013_0307,4,5
31500,013,013_0307,5,5
31501,013,013_0307,6,5
31502,013,013_0307,7,5
31503,013,013_0307,8,5
31504,013,013_0308,1,4
31505,013,013_0308,2,4
31506,013,013_0308,3,4
31507,013,013_0308,4,4
31508,013,013_0308,5,4
31509,013,013_0308,6,4
31510,013,013_0308,7,4
31511,013,013_0308,8,4
31512,013,013_0309,1,3
31513,013,013_0309,2,3
31514,013,013_0309,3,3
31515,013,013_0309,4,3
31516,013,013_0309,5,3
31517,013,013_0309,6,3
31518,013,013_0309,7,3
31519,013,013_0309,8,3
31520,013,013_0310,1,2
31521,013,013_0310,2,2
31522,013,013_0310,3,2
31523,013,013_0310,4,2
31524,013,013_0310,5,2
31525,013,013_0310,6,2
31526,013,013_0310,7,2
31527,013,013_0310,8,2
31528,013,013_0311,1,1
31529,013,013_0311,2,1
31530,013,013_0311,3,1
31531,013,013_0311,4,1
31532,013,013_0311,5,1
31533,013,013_0311,6,1
31534,013,013_0311,7,1
31535,013,013_0311,8,1
31536,013,013_0312,1,5
31537,013,013_0312,2,5
31538,013,013_0312,3,5
31539,013,013_0312,4,5
31540,013,013_0312,5,5
31541,013,013_0312,6,5
31542,013,013_0312,7,5
31543,013,013_0312,8,5
31544,013,013_0313,1,4
31545,013,013_0313,2,4
31546,013,013_0313,3,4
31547,013,013_0313,4,4
31548,013,013_0313,5,4
31549,013,013_0313,6,4
31550,013,013_0313,7,4
31551,013,013_0313,8,4
31552,015,015_0001,1,3
31553,015,015_0001,2,3
31554,015,015_0001,3,3
31555,015,015_0001,4,3
31556,015,015_0001,5,3
31557,015,015_0001,6,3
31558,015,015_0001,7,3
31559,015,015_0001,8,3
31560,015,015_0002,1,2
31561,015,015_0002,2,2
31562,015,015_0002,3,2
31563,015,015_0002,4,2
31564,015,015_0002,5,2
31565,015,015_0002,6,2
31566,015,015_0002,7,2
31567,015,015_0002,8,2
31568,015,015_0003,1,1
31569,015,015_0003,2,1
31570,015,015_0003,3,1
31571,015,015_0003,4,1
31572,015,015_0003,5,1
31573,015,015_0003,6,1
31574,015,015_0003,7,1
31575,015,015_0003,8,1
31576,015,015_0004,1,5
31577,015,015_0004,2,5
31578,015,015_0004,3,5
31579,015,015_0004,4,5
31580,015,015_0004,5,5
31581,015,015_0004,6,5
31582,015,015_0004,7,5
31583,015,015_0004,8,5
31584,015,015_0005,1,4
31585,015,015_0005,2,4
31586,015,015_0005,3,4
31587,015,015_0005,4,4
31588,015,015_0005,5,4
31589,015,015_0005,6,4
31590,015,015_0005,7,4
31591,015,015_0005,8,4
31592,015,015_0006,1,3
31593,015,015_0006,2,3
31594,015,015_0006,3,3
31595,015,015_0006,4,3
31596,015,015_0006,5,3
31597,015,015_0006,6,3
31598,015,015_0006,7,3
31599,015,015_0006,8,3
31600,015,015_0007,1,2
31601,015,015_0007,2,2
31602,015,015_0007,3,2
31603,015,015_0007,4,2
31604,015,015_0007,5,2
31605,015,015_0007,6,2
31606,015,015_0007,7,2
31607,015,015_0007,8,2
31608,015,015_0008,1,1
31609,015,015_0008,2,1
31610,015,015_0008,3,1
31611,015,015_0008,4,1
31612,015,015_0008,5,1
31613,015,015_0008,6,1
31614,015,015_0008,7,1
31615,015,015_0008,8,1
31616,015,015_0009,1,5
31617,015,015_0009,2,5
31618,015,015_0009,3,5
31619,015,015_0009,4,5
31620,015,015_0009,5,5
31621,015,015_0009,6,5
31622,015,015_0009,7,5
31623,015,015_0009,8,5
31624,015,015_0010,1,4
31625,015,015_0010,2,4
31626,015,015_0010,3,4
31627,015,015_0010,4,4
31628,015,015_0010,5,4
31629,015,015_0010,6,4
31630,015,015_0010,7,4
31631,015,015_0010,8,4
31632,015,015_0011,1,3
31633,015,015_0011,2,3
31634,015,015_0011,3,3
31635,015,015_0011,4,3
31636,015,015_0011,5,3
31637,015,015_0011,6,3
31638,015,015_0011,7,3
31639,015,015_0011,8,3
31640,015,015_0012,1,2
31641,015,015_0012,2,2
31642,015,015_0012,3,2
31643,015,015_0012,4,2
31644,015,015_0012,5,2
31645,015,015_0012,6,2
31646,015,015_0012,7,2
31647,015,015_0012,8,2
31648,015,015_0013,1,1
31649,015,015_0013,2,1
31650,015,015_0013,3,1
31651,015,015_0013,4,1
31652,015,015_0013,5,1
31653,015,015_0013,6,1
31654,015,015_0013,7,1
31655,015,015_0013,8,1
31656,015,015_0014,1,5
31657,015,015_0014,2,5
31658,015,015_0014,3,5
31659,015,015_0014,4,5
31660,015,015_0014,5,5
31661,015,015_0014,6,5
31662,015,015_0014,7,5
31663,015,015_0014,8,5
31664,015,015_0015,1,4
31665,015,015_0015,2,4
31666,015,015_0015,3,4
31667,015,015_0015,4,4
31668,015,015_0015,5,4
31669,015,015_0015,6,4
31670,015,015_0015,7,4
31671,015,015_0015,8,4
31672,015,015_0016,1,3
31673,015,015_0016,2,3
31674,015,015_0016,3,3
31675,015,015_0016,4,3
31676,015,015_0016,5,3
31677,015,015_0016,6,3
31678,015,015_0016,7,3
31679,015,015_0016,8,3
31680,015,015_0017,1,2
31681,015,015_0017,2,2
31682,015,015_0017,3,2
31683,015,015_0017,4,2
31684,015,015_0017,5,2
31685,015,015_0017,6,2
31686,015,015_0017,7,2
31687,015,015_0017,8,2
31688,015,015_0018,1,1
31689,015,015_0018,2,1
31690,015,015_0018,3,1
31691,015,015_0018,4,1
31692,015,015_0018,5,1
31693,015,015_0018,6,1
31694,015,015_0018,7,1
31695,015,015_0018,8,1
31696,015,015_0019,1,5
31697,015,015_0019,2,5
31698,015,015_0019,3,5
31699,015,015_0019,4,5
31700,015,015_0019,5,5
31701,015,015_0019,6,5
31702,015,015_0019,7,5
31703,015,015_0019,8,5
31704,015,015_0020,1,4
31705,015,015_0020,2,4
31706,015,015_0020,3,4
31707,015,015_0020,4,4
31708,015,015_0020,5,4
31709,015,015_0020,6,4
31710,015,015_0020,7,4
31711,015,015_0020,8,4
31712,015,015_0021,1,3
31713,015,015_0021,2,3
31714,015,015_0021,3,3
31715,015,015_0021,4,3
31716,015,015_0021,5,3
31717,015,015_0021,6,3
31718,015,015_0021,7,3
31719,015,015_0021,8,3
31720,015,015_0022,1,2
31721,015,015_0022,2,2
31722,015,015_0022,3,2
31723,015,015_0022,4,2
31724,015,015_0022,5,2
31725,015,015_0022,6,2
31726,015,015_0022,7,2
31727,015,015_0022,8,2
31728,015,015_0023,1,1
31729,015,015_0023,2,1
31730,015,015_0023,3,1
31731,015,015_0023,4,1
31732,015,015_0023,5,1
31733,015,015_0023,6,1
31734,015,015_0023,7,1
31735,015,015_0023,8,1
31736,015,015_0024,1,5
31737,015,015_0024,2,5
31738,015,015_0024,3,5
31739,015,015_0024,4,5
31740,015,015_0024,5,5
31741,015,015_0024,6,5
31742,015,015_0024,7,5
31743,015,015_0024,8,5
31744,015,015_0025,1,4
31745,015,015_0025,2,4
31746,015,015_0025,3,4
31747,015,015_0025,4,4
31748,015,015_0025,5,4
31749,015,015_0025,6,4
31750,015,015_0025,7,4
31751,015,015_0025,8,4
31752,015,015_0026,1,3
31753,015,015_0026,2,3
31754,015,015_0026,3,3
31755,015,015_0026,4,3
31756,015,015_0026,5,3
31757,015,015_0026,6,3
31758,015,015_0026,7,3
31759,015,015_0026,8,3
31760,015,015_0027,1,2
31761,015,015_0027,2,2
31762,015,015_0027,3,2
31763,015,015_0027,4,2
31764,015,015_0027,5,2
31765,015,015_0027,6,2
31766,015,015_0027,7,2
31767,015,015_0027,8,2
31768,015,015_0028,1,1
31769,015,015_0028,2,1
31770,015,015_0028,3,1
31771,015,015_0028,4,1
31772,015,015_0028,5,1
31773,015,015_0028,6,1
31774,015,015_0028,7,1
31775,015,015_0028,8,1
31776,015,015_0029,1,5
31777,015,015_0029,2,5
31778,015,015_0029,3,5
31779,015,015_0029,4,5
31780,015,015_0029,5,5
31781,015,015_0029,6,5
31782,015,015_0029,7,5
31783,015,015_0029,8,5
31784,015,015_0030,1,4
31785,015,015_0030,2,4
31786,015,015_0030,3,4
31787,015,015_0030,4,4
31788,015,015_0030,5,4
31789,015,015_0030,6,4
31790,015,015_0030,7,4
31791,015,015_0030,8,4
31792,015,015_0031,1,3
31793,015,015_0031,2,3
31794,015,015_0031,3,3
31795,015,015_0031,4,3
31796,015,015_0031,5,3
31797,015,015_0031,6,3
31798,015,015_0031,7,3
31799,015,015_0031,8,3
31800,015,015_0032,1,2
31801,015,015_0032,2,2
31802,015,015_0032,3,2
31803,015,015_0032,4,2
31804,015,015_0032,5,2
31805,015,015_0032,6,2
31806,015,015_0032,7,2
31807,015,015_0032,8,2
31808,015,015_0033,1,1
31809,015,015_0033,2,1
31810,015,015_0033,3,1
31811,015,015_0033,4,1
31812,015,015_0033,5,1
31813,015,015_0033,6,1
31814,015,015_0033,7,1
31815,015,015_0033,8,1
31816,015,015_0034,1,5
31817,015,015_0034,2,5
31818,015,015_0034,3,5
31819,015,015_0034,4,5
31820,015,015_0034,5,5
31821,015,015_0034,6,5
31822,015,015_0034,7,5
31823,015,015_0034,8,5
31824,015,015_0035,1,4
31825,015,015_0035,2,4
31826,015,015_0035,3,4
31827,015,015_0035,4,4
31828,015,015_0035,5,4
31829,015,015_0035,6,4
31830,015,015_0035,7,4
31831,015,015_0035,8,4
31832,015,015_0036,1,3
31833,015,015_0036,2,3
31834,015,015_0036,3,3
31835,015,015_0036,4,3
31836,015,015_0036,5,3
31837,015,015_0036,6,3
31838,015,015_0036,7,3
31839,015,015_0036,8,3
31840,015,015_0037,1,2
31841,015,015_0037,2,2
31842,015,015_0037,3,2
31843,015,015_0037,4,2
31844,015,015_0037,5,2
31845,015,015_0037,6,2
31846,015,015_0037,7,2
31847,015,015_0037,8,2
31848,015,015_0038,1,1
31849,015,015_0038,2,1
31850,015,015_0038,3,1
31851,015,015_0038,4,1
31852,015,015_0038,5,1
31853,015,015_0038,6,1
31854,015,015_0038,7,1
31855,015,015_0038,8,1
31856,015,015_0039,1,5
31857,015,015_0039,2,5
31858,015,015_0039,3,5
31859,015,015_0039,4,5
31860,015,015_0039,5,5
31861,015,015_0039,6,5
31862,015,015_0039,7,5
31863,015,015_0039,8,5
31864,015,015_0040,1,4
31865,015,015_0040,2,4
31866,015,015_0040,3,4
31867,015,015_0040,4,4
31868,015,015_0040,5,4
31869,015,015_0040,6,4
31870,015,015_0040,7,4
31871,015,015_0040,8,4
31872,015,015_0041,1,3
31873,015,015_0041,2,3
31874,015,015_0041,3,3
31875,015,015_0041,4,3
31876,015,015_0041,5,3
31877,015,015_0041,6,3
31878,015,015_0041,7,3
31879,015,015_0041,8,3
31880,015,015_0042,1,2
31881,015,015_0042,2,2
31882,015,015_0042,3,2
31883,015,015_0042,4,2
31884,015,015_0042,5,2
31885,015,015_0042,6,2
31886,015,015_0042,7,2
31887,015,015_0042,8,2
31888,015,015_0043,1,1
31889,015,015_0043,2,1
31890,015,015_0043,3,1
31891,015,015_0043,4,1
31892,015,015_0043,5,1
31893,015,015_0043,6,1
31894,015,015_0043,7,1
31895,015,015_0043,8,1
31896,015,015_0044,1,5
31897,015,015_0044,2,5
31898,015,015_0044,3,5
31899,015,015_0044,4,5
31900,015,015_0044,5,5
31901,015,015_0044,6,5
31902,015,015_0044,7,5
31903,015,015_0044,8,5
31904,015,015_0045,1,4
31905,015,015_0045,2,4
31906,015,015_0045,3,4
31907,015,015_0045,4,4
31908,015,015_0045,5,4
31909,015,015_0045,6,4
31910,015,015_0045,7,4
31911,015,015_0045,8,4
31912,015,015_0046,1,3
31913,015,015_0046,2,3
31914,015,015_0046,3,3
31915,015,015_0046,4,3
31916,015,015_0046,5,3
31917,015,015_0046,6,3
31918,015,015_0046,7,3
31919,015,015_0046,8,3
31920,015,015_0047,1,2
31921,015,015_0047,2,2
31922,015,015_0047,3,2
31923,015,015_0047,4,2
31924,015,015_0047,5,2
31925,015,015_0047,6,2
31926,015,015_0047,7,2
31927,015,015_0047,8,2
31928,015,015_0048,1,1
31929,015,015_0048,2,1
31930,015,015_0048,3,1
31931,015,015_0048,4,1
31932,015,015_0048,5,1
31933,015,015_0048,6,1
31934,015,015_0048,7,1
31935,015,015_0048,8,1
31936,015,015_0049,1,5
31937,015,015_0049,2,5
31938,015,015_0049,3,5
31939,015,015_0049,4,5
31940,015,015_0049,5,5
31941,015,015_0049,6,5
31942,015,015_0049,7,5
31943,015,015_0049,8,5
31944,015,015_0050,1,4
31945,015,015_0050,2,4
31946,015,015_0050,3,4
31947,015,015_0050,4,4
31948,015,015_0050,5,4
31949,015,015_0050,6,4
31950,015,015_0050,7,4
31951,015,015_0050,8,4
31952,015,015_0051,1,3
31953,015,015_0051,2,3
31954,015,015_0051,3,3
31955,015,015_0051,4,3
31956,015,015_0051,5,3
31957,015,015_0051,6,3
31958,015,015_0051,7,3
31959,015,015_0051,8,3
31960,015,015_0052,1,2
31961,015,015_0052,2,2
31962,015,015_0052,3,2
31963,015,015_0052,4,2
31964,015,015_0052,5,2
31965,015,015_0052,6,2
31966,015,015_0052,7,2
31967,015,015_0052,8,2
31968,015,015_0053,1,1
31969,015,015_0053,2,1
31970,015,015_0053,3,1
31971,015,015_0053,4,1
31972,015,015_0053,5,1
31973,015,015_0053,6,1
31974,015,015_0053,7,1
31975,015,015_0053,8,1
31976,015,015_0054,1,5
31977,015,015_0054,2,5
31978,015,015_0054,3,5
31979,015,015_0054,4,5
31980,015,015_0054,5,5
31981,015,015_0054,6,5
31982,015,015_0054,7,5
31983,015,015_0054,8,5
31984,015,015_0055,1,4
31985,015,015_0055,2,4
31986,015,015_0055,3,4
31987,015,015_0055,4,4
31988,015,015_0055,5,4
31989,015,015_0055,6,4
31990,015,015_0055,7,4
31991,015,015_0055,8,4
31992,015,015_0056,1,3
31993,015,015_0056,2,3
31994,015,015_0056,3,3
31995,015,015_0056,4,3
31996,015,015_0056,5,3
31997,015,015_0056,6,3
31998,015,015_0056,7,3
31999,015,015_0056,8,3
32000,015,015_0057,1,2
32001,015,015_0057,2,2
32002,015,015_0057,3,2
32003,015,015_0057,4,2
32004,015,015_0057,5,2
32005,015,015_0057,6,2
32006,015,015_0057,7,2
32007,015,015_0057,8,2
32008,015,015_0058,1,1
32009,015,015_0058,2,1
32010,015,015_0058,3,1
32011,015,015_0058,4,1
32012,015,015_0058,5,1
32013,015,015_0058,6,1
32014,015,015_0058,7,1
32015,015,015_0058,8,1
32016,015,015_0059,1,5
32017,015,015_0059,2,5
32018,015,015_0059,3,5
32019,015,015_0059,4,5
32020,015,015_0059,5,5
32021,015,015_0059,6,5
32022,015,015_0059,7,5
32023,015,015_0059,8,5
32024,015,015_0060,1,4
32025,015,015_0060,2,4
32026,015,015_0060,3,4
32027,015,015_0060,4,4
32028,015,015_0060,5,4
32029,015,015_0060,6,4
32030,015,015_0060,7,4
32031,015,015_0060,8,4
32032,015,015_0061,1,3
32033,015,015_0061,2,3
32034,015,015_0061,3,3
32035,015,015_0061,4,3
32036,015,015_0061,5,3
32037,015,015_0061,6,3
32038,015,015_0061,7,3
32039,015,015_0061,8,3
32040,015,015_0062,1,2
32041,015,015_0062,2,2
32042,015,015_0062,3,2
32043,015,015_0062,4,2
32044,015,015_0062,5,2
32045,015,015_0062,6,2
32046,015,015_0062,7,2
32047,015,015_0062,8,2
32048,015,015_0063,1,1
32049,015,015_0063,2,1
32050,015,015_0063,3,1
32051,015,015_0063,4,1
32052,015,015_0063,5,1
32053,015,015_0063,6,1
32054,015,015_0063,7,1
32055,015,015_0063,8,1
32056,015,015_0064,1,5
32057,015,015_0064,2,5
32058,015,015_0064,3,5
32059,015,015_0064,4,5
32060,015,015_0064,5,5
32061,015,015_0064,6,5
32062,015,015_0064,7,5
32063,015,015_0064,8,5
32064,015,015_0065,1,4
32065,015,015_0065,2,4
32066,015,015_0065,3,4
32067,015,015_0065,4,4
32068,015,015_0065,5,4
32069,015,015_0065,6,4
32070,015,015_0065,7,4
32071,015,015_0065,8,4
32072,015,015_0066,1,3
32073,015,015_0066,2,3
32074,015,015_0066,3,3
32075,015,015_0066,4,3
32076,015,015_0066,5,3
32077,015,015_0066,6,3
32078,015,015_0066,7,3
32079,015,015_0066,8,3
32080,015,015_0067,1,2
32081,015,015_0067,2,2
32082,015,015_0067,3,2
32083,015,015_0067,4,2
32084,015,015_0067,5,2
32085,015,015_0067,6,2
32086,015,015_0067,7,2
32087,015,015_0067,8,2
32088,015,015_0068,1,1
32089,015,015_0068,2,1
32090,015,015_0068,3,1
32091,015,015_0068,4,1
32092,015,015_0068,5,1
32093,015,015_0068,6,1
32094,015,015_0068,7,1
32095,015,015_0068,8,1
32096,015,015_0069,1,5
32097,015,015_0069,2,5
32098,015,015_0069,3,5
32099,015,015_0069,4,5
32100,015,015_0069,5,5
32101,015,015_0069,6,5
32102,015,015_0069,7,5
32103,015,015_0069,8,5
32104,015,015_0070,1,4
32105,015,015_0070,2,4
32106,015,015_0070,3,4
32107,015,015_0070,4,4
32108,015,015_0070,5,4
32109,015,015_0070,6,4
32110,015,015_0070,7,4
32111,015,015_0070,8,4
32112,015,015_0071,1,3
32113,015,015_0071,2,3
32114,015,015_0071,3,3
32115,015,015_0071,4,3
32116,015,015_0071,5,3
32117,015,015_0071,6,3
32118,015,015_0071,7,3
32119,015,015_0071,8,3
32120,015,015_0072,1,2
32121,015,015_0072,2,2
32122,015,015_0072,3,2
32123,015,015_0072,4,2
32124,015,015_0072,5,2
32125,015,015_0072,6,2
32126,015,015_0072,7,2
32127,015,015_0072,8,2
32128,015,015_0073,1,1
32129,015,015_0073,2,1
32130,015,015_0073,3,1
32131,015,015_0073,4,1
32132,015,015_0073,5,1
32133,015,015_0073,6,1
32134,015,015_0073,7,1
32135,015,015_0073,8,1
32136,015,015_0074,1,5
32137,015,015_0074,2,5
32138,015,015_0074,3,5
32139,015,015_0074,4,5
32140,015,015_0074,5,5
32141,015,015_0074,6,5
32142,015,015_0074,7,5
32143,015,015_0074,8,5
32144,015,015_0075,1,4
32145,015,015_0075,2,4
32146,015,015_0075,3,4
32147,015,015_0075,4,4
32148,015,015_0075,5,4
32149,015,015_0075,6,4
32150,015,015_0075,7,4
32151,015,015_0075,8,4
32152,015,015_0076,1,3
32153,015,015_0076,2,3
32154,015,015_0076,3,3
32155,015,015_0076,4,3
32156,015,015_0076,5,3
32157,015,015_0076,6,3
32158,015,015_0076,7,3
32159,015,015_0076,8,3
32160,015,015_0077,1,2
32161,015,015_0077,2,2
32162,015,015_0077,3,2
32163,015,015_0077,4,2
32164,015,015_0077,5,2
32165,015,015_0077,6,2
32166,015,015_0077,7,2
32167,015,015_0077,8,2
32168,015,015_0078,1,1
32169,015,015_0078,2,1
32170,015,015_0078,3,1
32171,015,015_0078,4,1
32172,015,015_0078,5,1
32173,015,015_0078,6,1
32174,015,015_0078,7,1
32175,015,015_0078,8,1
32176,015,015_0079,1,5
32177,015,015_0079,2,5
32178,015,015_0079,3,5
32179,015,015_0079,4,5
32180,015,015_0079,5,5
32181,015,015_0079,6,5
32182,015,015_0079,7,5
32183,015,015_0079,8,5
32184,015,015_0080,1,4
32185,015,015_0080,2,4
32186,015,015_0080,3,4
32187,015,015_0080,4,4
32188,015,015_0080,5,4
32189,015,015_0080,6,4
32190,015,015_0080,7,4
32191,015,015_0080,8,4
32192,015,015_0081,1,3
32193,015,015_0081,2,3
32194,015,015_0081,3,3
32195,015,015_0081,4,3
32196,015,015_0081,5,3
32197,015,015_0081,6,3
32198,015,015_0081,7,3
32199,015,015_0081,8,3
32200,015,015_0082,1,2
32201,015,015_0082,2,2
32202,015,015_0082,3,2
32203,015,015_0082,4,2
32204,015,015_0082,5,2
32205,015,015_0082,6,2
32206,015,015_0082,7,2
32207,015,015_0082,8,2
32208,015,015_0083,1,1
32209,015,015_0083,2,1
32210,015,015_0083,3,1
32211,015,015_0083,4,1
32212,015,015_0083,5,1
32213,015,015_0083,6,1
32214,015,015_0083,7,1
32215,015,015_0083,8,1
32216,015,015_0084,1,5
32217,015,015_0084,2,5
32218,015,015_0084,3,5
32219,015,015_0084,4,5
32220,015,015_0084,5,5
32221,015,015_0084,6,5
32222,015,015_0084,7,5
32223,015,015_0084,8,5
32224,015,015_0085,1,4
32225,015,015_0085,2,4
32226,015,015_0085,3,4
32227,015,015_0085,4,4
32228,015,015_0085,5,4
32229,015,015_0085,6,4
32230,015,015_0085,7,4
32231,015,015_0085,8,4
32232,015,015_0086,1,3
32233,015,015_0086,2,3
32234,015,015_0086,3,3
32235,015,015_0086,4,3
32236,015,015_0086,5,3
32237,015,015_0086,6,3
32238,015,015_0086,7,3
32239,015,015_0086,8,3
32240,015,015_0087,1,2
32241,015,015_0087,2,2
32242,015,015_0087,3,2
32243,015,015_0087,4,2
32244,015,015_0087,5,2
32245,015,015_0087,6,2
32246,015,015_0087,7,2
32247,015,015_0087,8,2
32248,015,015_0088,1,1
32249,015,015_0088,2,1
32250,015,015_0088,3,1
32251,015,015_0088,4,1
32252,015,015_0088,5,1
32253,015,015_0088,6,1
32254,015,015_0088,7,1
32255,015,015_0088,8,1
32256,015,015_0089,1,5
32257,015,015_0089,2,5
32258,015,015_0089,3,5
32259,015,015_0089,4,5
32260,015,015_0089,5,5
32261,015,015_0089,6,5
32262,015,015_0089,7,5
32263,015,015_0089,8,5
32264,015,015_0090,1,4
32265,015,015_0090,2,4
32266,015,015_0090,3,4
32267,015,015_0090,4,4
32268,015,015_0090,5,4
32269,015,015_0090,6,4
32270,015,015_0090,7,4
32271,015,015_0090,8,4
32272,015,015_0091,1,3
32273,015,015_0091,2,3
32274,015,015_0091,3,3
32275,015,015_0091,4,3
32276,015,015_0091,5,3
32277,015,015_0091,6,3
32278,015,015_0091,7,3
32279,015,015_0091,8,3
32280,015,015_0092,1,2
32281,015,015_0092,2,2
32282,015,015_0092,3,2
32283,015,015_0092,4,2
32284,015,015_0092,5,2
32285,015,015_0092,6,2
32286,015,015_0092,7,2
32287,015,015_0092,8,2
32288,015,015_0093,1,1
32289,015,015_0093,2,1
32290,015,015_0093,3,1
32291,015,015_0093,4,1
32292,015,015_0093,5,1
32293,015,015_0093,6,1
32294,015,015_0093,7,1
32295,015,015_0093,8,1
32296,015,015_0094,1,5
32297,015,015_0094,2,5
32298,015,015_0094,3,5
32299,015,015_0094,4,5
32300,015,015_0094,5,5
32301,015,015_0094,6,5
32302,015,015_0094,7,5
32303,015,015_0094,8,5
32304,015,015_0095,1,4
32305,015,015_0095,2,4
32306,015,015_0095,3,4
32307,015,015_0095,4,4
32308,015,015_0095,5,4
32309,015,015_0095,6,4
32310,015,015_0095,7,4
32311,015,015_0095,8,4
32312,015,015_0096,1,3
32313,015,015_0096,2,3
32314,015,015_0096,3,3
32315,015,015_0096,4,3
32316,015,015_0096,5,3
32317,015,015_0096,6,3
32318,015,015_0096,7,3
32319,015,015_0096,8,3
32320,015,015_0097,1,2
32321,015,015_0097,2,2
32322,015,015_0097,3,2
32323,015,015_0097,4,2
32324,015,015_0097,5,2
32325,015,015_0097,6,2
32326,015,015_0097,7,2
32327,015,015_0097,8,2
32328,015,015_0098,1,1
32329,015,015_0098,2,1
32330,015,015_0098,3,1
32331,015,015_0098,4,1
32332,015,015_0098,5,1
32333,015,015_0098,6,1
32334,015,015_0098,7,1
32335,015,015_0098,8,1
32336,015,015_0099,1,5
32337,015,015_0099,2,5
32338,015,015_0099,3,5
32339,015,015_0099,4,5
32340,015,015_0099,5,5
32341,015,015_0099,6,5
32342,015,015_0099,7,5
32343,015,015_0099,8,5
32344,015,015_0100,1,4
32345,015,015_0100,2,4
32346,015,015_0100,3,4
32347,015,015_0100,4,4
32348,015,015_0100,5,4
32349,015,015_0100,6,4
32350,015,015_0100,7,4
32351,015,015_0100,8,4
32352,015,015_0101,1,3
32353,015,015_0101,2,3
32354,015,015_0101,3,3
32355,015,015_0101,4,3
32356,015,015_0101,5,3
32357,015,015_0101,6,3
32358,015,015_0101,7,3
32359,015,015_0101,8,3
32360,015,015_0102,1,2
32361,015,015_0102,2,2
32362,015,015_0102,3,2
32363,015,015_0102,4,2
32364,015,015_0102,5,2
32365,015,015_0102,6,2
32366,015,015_0102,7,2
32367,015,015_0102,8,2
32368,015,015_0103,1,1
32369,015,015_0103,2,1
32370,015,015_0103,3,1
32371,015,015_0103,4,1
32372,015,015_0103,5,1
32373,015,015_0103,6,1
32374,015,015_0103,7,1
32375,015,015_0103,8,1
32376,015,015_0104,1,5
32377,015,015_0104,2,5
32378,015,015_0104,3,5
32379,015,015_0104,4,5
32380,015,015_0104,5,5
32381,015,015_0104,6,5
32382,015,015_0104,7,5
32383,015,015_0104,8,5
32384,015,015_0105,1,4
32385,015,015_0105,2,4
32386,015,015_0105,3,4
32387,015,015_0105,4,4
32388,015,015_0105,5,4
32389,015,015_0105,6,4
32390,015,015_0105,7,4
32391,015,015_0105,8,4
32392,015,015_0106,1,3
32393,015,015_0106,2,3
32394,015,015_0106,3,3
32395,015,015_0106,4,3
32396,015,015_0106,5,3
32397,015,015_0106,6,3
32398,015,015_0106,7,3
32399,015,015_0106,8,3
32400,015,015_0107,1,2
32401,015,015_0107,2,2
32402,015,015_0107,3,2
32403,015,015_0107,4,2
32404,015,015_0107,5,2
32405,015,015_0107,6,2
32406,015,015_0107,7,2
32407,015,015_0107,8,2
32408,015,015_0108,1,1
32409,015,015_0108,2,1
32410,015,015_0108,3,1
32411,015,015_0108,4,1
32412,015,015_0108,5,1
32413,015,015_0108,6,1
32414,015,015_0108,7,1
32415,015,015_0108,8,1
32416,015,015_0109,1,5
32417,015,015_0109,2,5
32418,015,015_0109,3,5
32419,015,015_0109,4,5
32420,015,015_0109,5,5
32421,015,015_0109,6,5
32422,015,015_0109,7,5
32423,015,015_0109,8,5
32424,015,015_0110,1,4
32425,015,015_0110,2,4
32426,015,015_0110,3,4
32427,015,015_0110,4,4
32428,015,015_0110,5,4
32429,015,015_0110,6,4
32430,015,015_0110,7,4
32431,015,015_0110,8,4
32432,015,015_0111,1,3
32433,015,015_0111,2,3
32434,015,015_0111,3,3
32435,015,015_0111,4,3
32436,015,015_0111,5,3
32437,015,015_0111,6,3
32438,015,015_0111,7,3
32439,015,015_0111,8,3
32440,015,015_0112,1,2
32441,015,015_0112,2,2
32442,015,015_0112,3,2
32443,015,015_0112,4,2
32444,015,015_0112,5,2
32445,015,015_0112,6,2
32446,015,015_0112,7,2
32447,015,015_0112,8,2
32448,015,015_0113,1,1
32449,015,015_0113,2,1
32450,015,015_0113,3,1
32451,015,015_0113,4,1
32452,015,015_0113,5,1
32453,015,015_0113,6,1
32454,015,015_0113,7,1
32455,015,015_0113,8,1
32456,015,015_0114,1,5
32457,015,015_0114,2,5
32458,015,015_0114,3,5
32459,015,015_0114,4,5
32460,015,015_0114,5,5
32461,015,015_0114,6,5
32462,015,015_0114,7,5
32463,015,015_0114,8,5
32464,015,015_0115,1,4
32465,015,015_0115,2,4
32466,015,015_0115,3,4
32467,015,015_0115,4,4
32468,015,015_0115,5,4
32469,015,015_0115,6,4
32470,015,015_0115,7,4
32471,015,015_0115,8,4
32472,015,015_0116,1,3
32473,015,015_0116,2,3
32474,015,015_0116,3,3
32475,015,015_0116,4,3
32476,015,015_0116,5,3
32477,015,015_0116,6,3
32478,015,015_0116,7,3
32479,015,015_0116,8,3
32480,015,015_0117,1,2
32481,015,015_0117,2,2
32482,015,015_0117,3,2
32483,015,015_0117,4,2
32484,015,015_0117,5,2
32485,015,015_0117,6,2
32486,015,015_0117,7,2
32487,015,015_0117,8,2
32488,015,015_0118,1,1
32489,015,015_0118,2,1
32490,015,015_0118,3,1
32491,015,015_0118,4,1
32492,015,015_0118,5,1
32493,015,015_0118,6,1
32494,015,015_0118,7,1
32495,015,015_0118,8,1
32496,015,015_0119,1,5
32497,015,015_0119,2,5
32498,015,015_0119,3,5
32499,015,015_0119,4,5
32500,015,015_0119,5,5
32501,015,015_0119,6,5
32502,015,015_0119,7,5
32503,015,015_0119,8,5
32504,015,015_0120,1,4
32505,015,015_0120,2,4
32506,015,015_0120,3,4
32507,015,015_0120,4,4
32508,015,015_0120,5,4
32509,015,015_0120,6,4
32510,015,015_0120,7,4
32511,015,015_0120,8,4
32512,015,015_0121,1,3
32513,015,015_0121,2,3
32514,015,015_0121,3,3
32515,015,015_0121,4,3
32516,015,015_0121,5,3
32517,015,015_0121,6,3
32518,015,015_0121,7,3
32519,015,015_0121,8,3
32520,015,015_0122,1,2
32521,015,015_0122,2,2
32522,015,015_0122,3,2
32523,015,015_0122,4,2
32524,015,015_0122,5,2
32525,015,015_0122,6,2
32526,015,015_0122,7,2
32527,015,015_0122,8,2
32528,015,015_0123,1,1
32529,015,015_0123,2,1
32530,015,015_0123,3,1
32531,015,015_0123,4,1
32532,015,015_0123,5,1
32533,015,015_0123,6,1
32534,015,015_0123,7,1
32535,015,015_0123,8,1
32536,015,015_0124,1,5
32537,015,015_0124,2,5
32538,015,015_0124,3,5
32539,015,015_0124,4,5
32540,015,015_0124,5,5
32541,015,015_0124,6,5
32542,015,015_0124,7,5
32543,015,015_0124,8,5
32544,015,015_0125,1,4
32545,015,015_0125,2,4
32546,015,015_0125,3,4
32547,015,015_0125,4,4
32548,015,015_0125,5,4
32549,015,015_0125,6,4
32550,015,015_0125,7,4
32551,015,015_0125,8,4
32552,015,015_0126,1,3
32553,015,015_0126,2,3
32554,015,015_0126,3,3
32555,015,015_0126,4,3
32556,015,015_0126,5,3
32557,015,015_0126,6,3
32558,015,015_0126,7,3
32559,015,015_0126,8,3
32560,015,015_0127,1,2
32561,015,015_0127,2,2
32562,015,015_0127,3,2
32563,015,015_0127,4,2
32564,015,015_0127,5,2
32565,015,015_0127,6,2
32566,015,015_0127,7,2
32567,015,015_0127,8,2
32568,015,015_0128,1,1
32569,015,015_0128,2,1
32570,015,015_0128,3,1
32571,015,015_0128,4,1
32572,015,015_0128,5,1
32573,015,015_0128,6,1
32574,015,015_0128,7,1
32575,015,015_0128,8,1
32576,015,015_0129,1,5
32577,015,015_0129,2,5
32578,015,015_0129,3,5
32579,015,015_0129,4,5
32580,015,015_0129,5,5
32581,015,015_0129,6,5
32582,015,015_0129,7,5
32583,015,015_0129,8,5
32584,015,015_0130,1,4
32585,015,015_0130,2,4
32586,015,015_0130,3,4
32587,015,015_0130,4,4
32588,015,015_0130,5,4
32589,015,015_0130,6,4
32590,015,015_0130,7,4
32591,015,015_0130,8,4
32592,015,015_0131,1,3
32593,015,015_0131,2,3
32594,015,015_0131,3,3
32595,015,015_0131,4,3
32596,015,015_0131,5,3
32597,015,015_0131,6,3
32598,015,015_0131,7,3
32599,015,015_0131,8,3
32600,015,015_0132,1,2
32601,015,015_0132,2,2
32602,015,015_0132,3,2
32603,015,015_0132,4,2
32604,015,015_0132,5,2
32605,015,015_0132,6,2
32606,015,015_0132,7,2
32607,015,015_0132,8,2
32608,015,015_0133,1,1
32609,015,015_0133,2,1
32610,015,015_0133,3,1
32611,015,015_0133,4,1
32612,015,015_0133,5,1
32613,015,015_0133,6,1
32614,015,015_0133,7,1
32615,015,015_0133,8,1
32616,015,015_0134,1,5
32617,015,015_0134,2,5
32618,015,015_0134,3,5
32619,015,015_0134,4,5
32620,015,015_0134,5,5
32621,015,015_0134,6,5
32622,015,015_0134,7,5
32623,015,015_0134,8,5
32624,015,015_0135,1,4
32625,015,015_0135,2,4
32626,015,015_0135,3,4
32627,015,015_0135,4,4
32628,015,015_0135,5,4
32629,015,015_0135,6,4
32630,015,015_0135,7,4
32631,015,015_0135,8,4
32632,015,015_0136,1,3
32633,015,015_0136,2,3
32634,015,015_0136,3,3
32635,015,015_0136,4,3
32636,015,015_0136,5,3
32637,015,015_0136,6,3
32638,015,015_0136,7,3
32639,015,015_0136,8,3
32640,015,015_0137,1,2
32641,015,015_0137,2,2
32642,015,015_0137,3,2
32643,015,015_0137,4,2
32644,015,015_0137,5,2
32645,015,015_0137,6,2
32646,015,015_0137,7,2
32647,015,015_0137,8,2
32648,015,015_0138,1,1
32649,015,015_0138,2,1
32650,015,015_0138,3,1
32651,015,015_0138,4,1
32652,015,015_0138,5,1
32653,015,015_0138,6,1
32654,015,015_0138,7,1
32655,015,015_0138,8,1
32656,015,015_0139,1,5
32657,015,015_0139,2,5
32658,015,015_0139,3,5
32659,015,015_0139,4,5
32660,015,015_0139,5,5
32661,015,015_0139,6,5
32662,015,015_0139,7,5
32663,015,015_0139,8,5
32664,015,015_0140,1,4
32665,015,015_0140,2,4
32666,015,015_0140,3,4
32667,015,015_0140,4,4
32668,015,015_0140,5,4
32669,015,015_0140,6,4
32670,015,015_0140,7,4
32671,015,015_0140,8,4
32672,015,015_0141,1,3
32673,015,015_0141,2,3
32674,015,015_0141,3,3
32675,015,015_0141,4,3
32676,015,015_0141,5,3
32677,015,015_0141,6,3
32678,015,015_0141,7,3
32679,015,015_0141,8,3
32680,015,015_0142,1,2
32681,015,015_0142,2,2
32682,015,015_0142,3,2
32683,015,015_0142,4,2
32684,015,015_0142,5,2
32685,015,015_0142,6,2
32686,015,015_0142,7,2
32687,015,015_0142,8,2
32688,015,015_0143,1,1
32689,015,015_0143,2,1
32690,015,015_0143,3,1
32691,015,015_0143,4,1
32692,015,015_0143,5,1
32693,015,015_0143,6,1
32694,015,015_0143,7,1
32695,015,015_0143,8,1
32696,015,015_0144,1,5
32697,015,015_0144,2,5
32698,015,015_0144,3,5
32699,015,015_0144,4,5
32700,015,015_0144,5,5
32701,015,015_0144,6,5
32702,015,015_0144,7,5
32703,015,015_0144,8,5
32704,015,015_0145,1,4
32705,015,015_0145,2,4
32706,015,015_0145,3,4
32707,015,015_0145,4,4
32708,015,015_0145,5,4
32709,015,015_0145,6,4
32710,015,015_0145,7,4
32711,015,015_0145,8,4
32712,015,015_0146,1,3
32713,015,015_0146,2,3
32714,015,015_0146,3,3
32715,015,015_0146,4,3
32716,015,015_0146,5,3
32717,015,015_0146,6,3
32718,015,015_0146,7,3
32719,015,015_0146,8,3
32720,015,015_0147,1,2
32721,015,015_0147,2,2
32722,015,015_0147,3,2
32723,015,015_0147,4,2
32724,015,015_0147,5,2
32725,015,015_0147,6,2
32726,015,015_0147,7,2
32727,015,015_0147,8,2
32728,015,015_0148,1,1
32729,015,015_0148,2,1
32730,015,015_0148,3,1
32731,015,015_0148,4,1
32732,015,015_0148,5,1
32733,015,015_0148,6,1
32734,015,015_0148,7,1
32735,015,015_0148,8,1
32736,015,015_0149,1,5
32737,015,015_0149,2,5
32738,015,015_0149,3,5
32739,015,015_0149,4,5
32740,015,015_0149,5,5
32741,015,015_0149,6,5
32742,015,015_0149,7,5
32743,015,015_0149,8,5
32744,015,015_0150,1,4
32745,015,015_0150,2,4
32746,015,015_0150,3,4
32747,015,015_0150,4,4
32748,015,015_0150,5,4
32749,015,015_0150,6,4
32750,015,015_0150,7,4
32751,015,015_0150,8,4
32752,015,015_0151,1,3
32753,015,015_0151,2,3
32754,015,015_0151,3,3
32755,015,015_0151,4,3
32756,015,015_0151,5,3
32757,015,015_0151,6,3
32758,015,015_0151,7,3
32759,015,015_0151,8,3
32760,015,015_0152,1,2
32761,015,015_0152,2,2
32762,015,015_0152,3,2
32763,015,015_0152,4,2
32764,015,015_0152,5,2
32765,015,015_0152,6,2
32766,015,015_0152,7,2
32767,015,015_0152,8,2
32768,015,015_0153,1,1
32769,015,015_0153,2,1
32770,015,015_0153,3,1
32771,015,015_0153,4,1
32772,015,015_0153,5,1
32773,015,015_0153,6,1
32774,015,015_0153,7,1
32775,015,015_0153,8,1
32776,015,015_0154,1,5
32777,015,015_0154,2,5
32778,015,015_0154,3,5
32779,015,015_0154,4,5
32780,015,015_0154,5,5
32781,015,015_0154,6,5
32782,015,015_0154,7,5
32783,015,015_0154,8,5
32784,015,015_0155,1,4
32785,015,015_0155,2,4
32786,015,015_0155,3,4
32787,015,015_0155,4,4
32788,015,015_0155,5,4
32789,015,015_0155,6,4
32790,015,015_0155,7,4
32791,015,015_0155,8,4
32792,015,015_0156,1,3
32793,015,015_0156,2,3
32794,015,015_0156,3,3
32795,015,015_0156,4,3
32796,015,015_0156,5,3
32797,015,015_0156,6,3
32798,015,015_0156,7,3
32799,015,015_0156,8,3
32800,015,015_0157,1,2
32801,015,015_0157,2,2
32802,015,015_0157,3,2
32803,015,015_0157,4,2
32804,015,015_0157,5,2
32805,015,015_0157,6,2
32806,015,015_0157,7,2
32807,015,015_0157,8,2
32808,015,015_0158,1,1
32809,015,015_0158,2,1
32810,015,015_0158,3,1
32811,015,015_0158,4,1
32812,015,015_0158,5,1
32813,015,015_0158,6,1
32814,015,015_0158,7,1
32815,015,015_0158,8,1
32816,015,015_0159,1,5
32817,015,015_0159,2,5
32818,015,015_0159,3,5
32819,015,015_0159,4,5
32820,015,015_0159,5,5
32821,015,015_0159,6,5
32822,015,015_0159,7,5
32823,015,015_0159,8,5
32824,015,015_0160,1,4
32825,015,015_0160,2,4
32826,015,015_0160,3,4
32827,015,015_0160,4,4
32828,015,015_0160,5,4
32829,015,015_0160,6,4
32830,015,015_0160,7,4
32831,015,015_0160,8,4
32832,015,015_0161,1,3
32833,015,015_0161,2,3
32834,015,015_0161,3,3
32835,015,015_0161,4,3
32836,015,015_0161,5,3
32837,015,015_0161,6,3
32838,015,015_0161,7,3
32839,015,015_0161,8,3
32840,015,015_0162,1,2
32841,015,015_0162,2,2
32842,015,015_0162,3,2
32843,015,015_0162,4,2
32844,015,015_0162,5,2
32845,015,015_0162,6,2
32846,015,015_0162,7,2
32847,015,015_0162,8,2
32848,015,015_0163,1,1
32849,015,015_0163,2,1
32850,015,015_0163,3,1
32851,015,015_0163,4,1
32852,015,015_0163,5,1
32853,015,015_0163,6,1
32854,015,015_0163,7,1
32855,015,015_0163,8,1
32856,015,015_0164,1,5
32857,015,015_0164,2,5
32858,015,015_0164,3,5
32859,015,015_0164,4,5
32860,015,015_0164,5,5
32861,015,015_0164,6,5
32862,015,015_0164,7,5
32863,015,015_0164,8,5
32864,015,015_0165,1,4
32865,015,015_0165,2,4
32866,015,015_0165,3,4
32867,015,015_0165,4,4
32868,015,015_0165,5,4
32869,015,015_0165,6,4
32870,015,015_0165,7,4
32871,015,015_0165,8,4
32872,015,015_0166,1,3
32873,015,015_0166,2,3
32874,015,015_0166,3,3
32875,015,015_0166,4,3
32876,015,015_0166,5,3
32877,015,015_0166,6,3
32878,015,015_0166,7,3
32879,015,015_0166,8,3
32880,015,015_0167,1,2
32881,015,015_0167,2,2
32882,015,015_0167,3,2
32883,015,015_0167,4,2
32884,015,015_0167,5,2
32885,015,015_0167,6,2
32886,015,015_0167,7,2
32887,015,015_0167,8,2
32888,015,015_0168,1,1
32889,015,015_0168,2,1
32890,015,015_0168,3,1
32891,015,015_0168,4,1
32892,015,015_0168,5,1
32893,015,015_0168,6,1
32894,015,015_0168,7,1
32895,015,015_0168,8,1
32896,015,015_0169,1,5
32897,015,015_0169,2,5
32898,015,015_0169,3,5
32899,015,015_0169,4,5
32900,015,015_0169,5,5
32901,015,015_0169,6,5
32902,015,015_0169,7,5
32903,015,015_0169,8,5
32904,015,015_0170,1,4
32905,015,015_0170,2,4
32906,015,015_0170,3,4
32907,015,015_0170,4,4
32908,015,015_0170,5,4
32909,015,015_0170,6,4
32910,015,015_0170,7,4
32911,015,015_0170,8,4
32912,015,015_0171,1,3
32913,015,015_0171,2,3
32914,015,015_0171,3,3
32915,015,015_0171,4,3
32916,015,015_0171,5,3
32917,015,015_0171,6,3
32918,015,015_0171,7,3
32919,015,015_0171,8,3
32920,015,015_0172,1,2
32921,015,015_0172,2,2
32922,015,015_0172,3,2
32923,015,015_0172,4,2
32924,015,015_0172,5,2
32925,015,015_0172,6,2
32926,015,015_0172,7,2
32927,015,015_0172,8,2
32928,015,015_0173,1,1
32929,015,015_0173,2,1
32930,015,015_0173,3,1
32931,015,015_0173,4,1
32932,015,015_0173,5,1
32933,015,015_0173,6,1
32934,015,015_0173,7,1
32935,015,015_0173,8,1
32936,015,015_0174,1,5
32937,015,015_0174,2,5
32938,015,015_0174,3,5
32939,015,015_0174,4,5
32940,015,015_0174,5,5
32941,015,015_0174,6,5
32942,015,015_0174,7,5
32943,015,015_0174,8,5
32944,015,015_0175,1,4
32945,015,015_0175,2,4
32946,015,015_0175,3,4
32947,015,015_0175,4,4
32948,015,015_0175,5,4
32949,015,015_0175,6,4
32950,015,015_0175,7,4
32951,015,015_0175,8,4
32952,015,015_0176,1,3
32953,015,015_0176,2,3
32954,015,015_0176,3,3
32955,015,015_0176,4,3
32956,015,015_0176,5,3
32957,015,015_0176,6,3
32958,015,015_0176,7,3
32959,015,015_0176,8,3
32960,015,015_0177,1,2
32961,015,015_0177,2,2
32962,015,015_0177,3,2
32963,015,015_0177,4,2
32964,015,015_0177,5,2
32965,015,015_0177,6,2
32966,015,015_0177,7,2
32967,015,015_0177,8,2
32968,015,015_0178,1,1
32969,015,015_0178,2,1
32970,015,015_0178,3,1
32971,015,015_0178,4,1
32972,015,015_0178,5,1
32973,015,015_0178,6,1
32974,015,015_0178,7,1
32975,015,015_0178,8,1
32976,015,015_0179,1,5
32977,015,015_0179,2,5
32978,015,015_0179,3,5
32979,015,015_0179,4,5
32980,015,015_0179,5,5
32981,015,015_0179,6,5
32982,015,015_0179,7,5
32983,015,015_0179,8,5
32984,015,015_0180,1,4
32985,015,015_0180,2,4
32986,015,015_0180,3,4
32987,015,015_0180,4,4
32988,015,015_0180,5,4
32989,015,015_0180,6,4
32990,015,015_0180,7,4
32991,015,015_0180,8,4
32992,015,015_0181,1,3
32993,015,015_0181,2,3
32994,015,015_0181,3,3
32995,015,015_0181,4,3
32996,015,015_0181,5,3
32997,015,015_0181,6,3
32998,015,015_0181,7,3
32999,015,015_0181,8,3
33000,015,015_0182,1,2
33001,015,015_0182,2,2
33002,015,015_0182,3,2
33003,015,015_0182,4,2
33004,015,015_0182,5,2
33005,015,015_0182,6,2
33006,015,015_0182,7,2
33007,015,015_0182,8,2
33008,015,015_0183,1,1
33009,015,015_0183,2,1
33010,015,015_0183,3,1
33011,015,015_0183,4,1
33012,015,015_0183,5,1
33013,015,015_0183,6,1
33014,015,015_0183,7,1
33015,015,015_0183,8,1
33016,015,015_0184,1,5
33017,015,015_0184,2,5
33018,015,015_0184,3,5
33019,015,015_0184,4,5
33020,015,015_0184,5,5
33021,015,015_0184,6,5
33022,015,015_0184,7,5
33023,015,015_0184,8,5
33024,015,015_0185,1,4
33025,015,015_0185,2,4
33026,015,015_0185,3,4
33027,015,015_0185,4,4
33028,015,015_0185,5,4
33029,015,015_0185,6,4
33030,015,015_0185,7,4
33031,015,015_0185,8,4
33032,015,015_0186,1,3
33033,015,015_0186,2,3
33034,015,015_0186,3,3
33035,015,015_0186,4,3
33036,015,015_0186,5,3
33037,015,015_0186,6,3
33038,015,015_0186,7,3
33039,015,015_0186,8,3
33040,015,015_0187,1,2
33041,015,015_0187,2,2
33042,015,015_0187,3,2
33043,015,015_0187,4,2
33044,015,015_0187,5,2
33045,015,015_0187,6,2
33046,015,015_0187,7,2
33047,015,015_0187,8,2
33048,015,015_0188,1,1
33049,015,015_0188,2,1
33050,015,015_0188,3,1
33051,015,015_0188,4,1
33052,015,015_0188,5,1
33053,015,015_0188,6,1
33054,015,015_0188,7,1
33055,015,015_0188,8,1
33056,015,015_0189,1,5
33057,015,015_0189,2,5
33058,015,015_0189,3,5
33059,015,015_0189,4,5
33060,015,015_0189,5,5
33061,015,015_0189,6,5
33062,015,015_0189,7,5
33063,015,015_0189,8,5
33064,015,015_0190,1,4
33065,015,015_0190,2,4
33066,015,015_0190,3,4
33067,015,015_0190,4,4
33068,015,015_0190,5,4
33069,015,015_0190,6,4
33070,015,015_0190,7,4
33071,015,015_0190,8,4
33072,015,015_0191,1,3
33073,015,015_0191,2,3
33074,015,015_0191,3,3
33075,015,015_0191,4,3
33076,015,015_0191,5,3
33077,015,015_0191,6,3
33078,015,015_0191,7,3
33079,015,015_0191,8,3
33080,015,015_0192,1,2
33081,015,015_0192,2,2
33082,015,015_0192,3,2
33083,015,015_0192,4,2
33084,015,015_0192,5,2
33085,015,015_0192,6,2
33086,015,015_0192,7,2
33087,015,015_0192,8,2
33088,015,015_0193,1,1
33089,015,015_0193,2,1
33090,015,015_0193,3,1
33091,015,015_0193,4,1
33092,015,015_0193,5,1
33093,015,015_0193,6,1
33094,015,015_0193,7,1
33095,015,015_0193,8,1
33096,015,015_0194,1,5
33097,015,015_0194,2,5
33098,015,015_0194,3,5
33099,015,015_0194,4,5
33100,015,015_0194,5,5
33101,015,015_0194,6,5
33102,015,015_0194,7,5
33103,015,015_0194,8,5
33104,015,015_0195,1,4
33105,015,015_0195,2,4
33106,015,015_0195,3,4
33107,015,015_0195,4,4
33108,015,015_0195,5,4
33109,015,015_0195,6,4
33110,015,015_0195,7,4
33111,015,015_0195,8,4
33112,015,015_0196,1,3
33113,015,015_0196,2,3
33114,015,015_0196,3,3
33115,015,015_0196,4,3
33116,015,015_0196,5,3
33117,015,015_0196,6,3
33118,015,015_0196,7,3
33119,015,015_0196,8,3
33120,015,015_0197,1,2
33121,015,015_0197,2,2
33122,015,015_0197,3,2
33123,015,015_0197,4,2
33124,015,015_0197,5,2
33125,015,015_0197,6,2
33126,015,015_0197,7,2
33127,015,015_0197,8,2
33128,015,015_0198,1,1
33129,015,015_0198,2,1
33130,015,015_0198,3,1
33131,015,015_0198,4,1
33132,015,015_0198,5,1
33133,015,015_0198,6,1
33134,015,015_0198,7,1
33135,015,015_0198,8,1
33136,015,015_0199,1,5
33137,015,015_0199,2,5
33138,015,015_0199,3,5
33139,015,015_0199,4,5
33140,015,015_0199,5,5
33141,015,015_0199,6,5
33142,015,015_0199,7,5
33143,015,015_0199,8,5
33144,015,015_0200,1,4
33145,015,015_0200,2,4
33146,015,015_0200,3,4
33147,015,015_0200,4,4
33148,015,015_0200,5,4
33149,015,015_0200,6,4
33150,015,015_0200,7,4
33151,015,015_0200,8,4
33152,015,015_0201,1,3
33153,015,015_0201,2,3
33154,015,015_0201,3,3
33155,015,015_0201,4,3
33156,015,015_0201,5,3
33157,015,015_0201,6,3
33158,015,015_0201,7,3
33159,015,015_0201,8,3
33160,015,015_0202,1,2
33161,015,015_0202,2,2
33162,015,015_0202,3,2
33163,015,015_0202,4,2
33164,015,015_0202,5,2
33165,015,015_0202,6,2
33166,015,015_0202,7,2
33167,015,015_0202,8,2
33168,015,015_0203,1,1
33169,015,015_0203,2,1
33170,015,015_0203,3,1
33171,015,015_0203,4,1
33172,015,015_0203,5,1
33173,015,015_0203,6,1
33174,015,015_0203,7,1
33175,015,015_0203,8,1
33176,015,015_0204,1,5
33177,015,015_0204,2,5
33178,015,015_0204,3,5
33179,015,015_0204,4,5
33180,015,015_0204,5,5
33181,015,015_0204,6,5
33182,015,015_0204,7,5
33183,015,015_0204,8,5
33184,015,015_0205,1,4
33185,015,015_0205,2,4
33186,015,015_0205,3,4
33187,015,015_0205,4,4
33188,015,015_0205,5,4
33189,015,015_0205,6,4
33190,015,015_0205,7,4
33191,015,015_0205,8,4
33192,015,015_0206,1,3
33193,015,015_0206,2,3
33194,015,015_0206,3,3
33195,015,015_0206,4,3
33196,015,015_0206,5,3
33197,015,015_0206,6,3
33198,015,015_0206,7,3
33199,015,015_0206,8,3
33200,015,015_0207,1,2
33201,015,015_0207,2,2
33202,015,015_0207,3,2
33203,015,015_0207,4,2
33204,015,015_0207,5,2
33205,015,015_0207,6,2
33206,015,015_0207,7,2
33207,015,015_0207,8,2
33208,015,015_0208,1,1
33209,015,015_0208,2,1
33210,015,015_0208,3,1
33211,015,015_0208,4,1
33212,015,015_0208,5,1
33213,015,015_0208,6,1
33214,015,015_0208,7,1
33215,015,015_0208,8,1
33216,015,015_0209,1,5
33217,015,015_0209,2,5
33218,015,015_0209,3,5
33219,015,015_0209,4,5
33220,015,015_0209,5,5
33221,015,015_0209,6,5
33222,015,015_0209,7,5
33223,015,015_0209,8,5
33224,015,015_0210,1,4
33225,015,015_0210,2,4
33226,015,015_0210,3,4
33227,015,015_0210,4,4
33228,015,015_0210,5,4
33229,015,015_0210,6,4
33230,015,015_0210,7,4
33231,015,015_0210,8,4
33232,015,015_0211,1,3
33233,015,015_0211,2,3
33234,015,015_0211,3,3
33235,015,015_0211,4,3
33236,015,015_0211,5,3
33237,015,015_0211,6,3
33238,015,015_0211,7,3
33239,015,015_0211,8,3
33240,015,015_0212,1,2
33241,015,015_0212,2,2
33242,015,015_0212,3,2
33243,015,015_0212,4,2
33244,015,015_0212,5,2
33245,015,015_0212,6,2
33246,015,015_0212,7,2
33247,015,015_0212,8,2
33248,015,015_0213,1,1
33249,015,015_0213,2,1
33250,015,015_0213,3,1
33251,015,015_0213,4,1
33252,015,015_0213,5,1
33253,015,015_0213,6,1
33254,015,015_0213,7,1
33255,015,015_0213,8,1
33256,015,015_0214,1,5
33257,015,015_0214,2,5
33258,015,015_0214,3,5
33259,015,015_0214,4,5
33260,015,015_0214,5,5
33261,015,015_0214,6,5
33262,015,015_0214,7,5
33263,015,015_0214,8,5
33264,015,015_0215,1,4
33265,015,015_0215,2,4
33266,015,015_0215,3,4
33267,015,015_0215,4,4
33268,015,015_0215,5,4
33269,015,015_0215,6,4
33270,015,015_0215,7,4
33271,015,015_0215,8,4
33272,015,015_0216,1,3
33273,015,015_0216,2,3
33274,015,015_0216,3,3
33275,015,015_0216,4,3
33276,015,015_0216,5,3
33277,015,015_0216,6,3
33278,015,015_0216,7,3
33279,015,015_0216,8,3
33280,015,015_0217,1,2
33281,015,015_0217,2,2
33282,015,015_0217,3,2
33283,015,015_0217,4,2
33284,015,015_0217,5,2
33285,015,015_0217,6,2
33286,015,015_0217,7,2
33287,015,015_0217,8,2
33288,015,015_0218,1,1
33289,015,015_0218,2,1
33290,015,015_0218,3,1
33291,015,015_0218,4,1
33292,015,015_0218,5,1
33293,015,015_0218,6,1
33294,015,015_0218,7,1
33295,015,015_0218,8,1
33296,015,015_0219,1,5
33297,015,015_0219,2,5
33298,015,015_0219,3,5
33299,015,015_0219,4,5
33300,015,015_0219,5,5
33301,015,015_0219,6,5
33302,015,015_0219,7,5
33303,015,015_0219,8,5
33304,015,015_0220,1,4
33305,015,015_0220,2,4
33306,015,015_0220,3,4
33307,015,015_0220,4,4
33308,015,015_0220,5,4
33309,015,015_0220,6,4
33310,015,015_0220,7,4
33311,015,015_0220,8,4
33312,015,015_0221,1,3
33313,015,015_0221,2,3
33314,015,015_0221,3,3
33315,015,015_0221,4,3
33316,015,015_0221,5,3
33317,015,015_0221,6,3
33318,015,015_0221,7,3
33319,015,015_0221,8,3
33320,015,015_0222,1,2
33321,015,015_0222,2,2
33322,015,015_0222,3,2
33323,015,015_0222,4,2
33324,015,015_0222,5,2
33325,015,015_0222,6,2
33326,015,015_0222,7,2
33327,015,015_0222,8,2
33328,015,015_0223,1,1
33329,015,015_0223,2,1
33330,015,015_0223,3,1
33331,015,015_0223,4,1
33332,015,015_0223,5,1
33333,015,015_0223,6,1
33334,015,015_0223,7,1
33335,015,015_0223,8,1
33336,015,015_0224,1,5
33337,015,015_0224,2,5
33338,015,015_0224,3,5
33339,015,015_0224,4,5
33340,015,015_0224,5,5
33341,015,015_0224,6,5
33342,015,015_0224,7,5
33343,015,015_0224,8,5
33344,015,015_0225,1,4
33345,015,015_0225,2,4
33346,015,015_0225,3,4
33347,015,015_0225,4,4
33348,015,015_0225,5,4
33349,015,015_0225,6,4
33350,015,015_0225,7,4
33351,015,015_0225,8,4
33352,015,015_0226,1,3
33353,015,015_0226,2,3
33354,015,015_0226,3,3
33355,015,015_0226,4,3
33356,015,015_0226,5,3
33357,015,015_0226,6,3
33358,015,015_0226,7,3
33359,015,015_0226,8,3
33360,015,015_0227,1,2
33361,015,015_0227,2,2
33362,015,015_0227,3,2
33363,015,015_0227,4,2
33364,015,015_0227,5,2
33365,015,015_0227,6,2
33366,015,015_0227,7,2
33367,015,015_0227,8,2
33368,015,015_0228,1,1
33369,015,015_0228,2,1
33370,015,015_0228,3,1
33371,015,015_0228,4,1
33372,015,015_0228,5,1
33373,015,015_0228,6,1
33374,015,015_0228,7,1
33375,015,015_0228,8,1
33376,015,015_0229,1,5
33377,015,015_0229,2,5
33378,015,015_0229,3,5
33379,015,015_0229,4,5
33380,015,015_0229,5,5
33381,015,015_0229,6,5
33382,015,015_0229,7,5
33383,015,015_0229,8,5
33384,015,015_0230,1,4
33385,015,015_0230,2,4
33386,015,015_0230,3,4
33387,015,015_0230,4,4
33388,015,015_0230,5,4
33389,015,015_0230,6,4
33390,015,015_0230,7,4
33391,015,015_0230,8,4
33392,015,015_0231,1,3
33393,015,015_0231,2,3
33394,015,015_0231,3,3
33395,015,015_0231,4,3
33396,015,015_0231,5,3
33397,015,015_0231,6,3
33398,015,015_0231,7,3
33399,015,015_0231,8,3
33400,015,015_0232,1,2
33401,015,015_0232,2,2
33402,015,015_0232,3,2
33403,015,015_0232,4,2
33404,015,015_0232,5,2
33405,015,015_0232,6,2
33406,015,015_0232,7,2
33407,015,015_0232,8,2
33408,015,015_0233,1,1
33409,015,015_0233,2,1
33410,015,015_0233,3,1
33411,015,015_0233,4,1
33412,015,015_0233,5,1
33413,015,015_0233,6,1
33414,015,015_0233,7,1
33415,015,015_0233,8,1
33416,015,015_0234,1,5
33417,015,015_0234,2,5
33418,015,015_0234,3,5
33419,015,015_0234,4,5
33420,015,015_0234,5,5
33421,015,015_0234,6,5
33422,015,015_0234,7,5
33423,015,015_0234,8,5
33424,015,015_0235,1,4
33425,015,015_0235,2,4
33426,015,015_0235,3,4
33427,015,015_0235,4,4
33428,015,015_0235,5,4
33429,015,015_0235,6,4
33430,015,015_0235,7,4
33431,015,015_0235,8,4
33432,015,015_0236,1,3
33433,015,015_0236,2,3
33434,015,015_0236,3,3
33435,015,015_0236,4,3
33436,015,015_0236,5,3
33437,015,015_0236,6,3
33438,015,015_0236,7,3
33439,015,015_0236,8,3
33440,015,015_0237,1,2
33441,015,015_0237,2,2
33442,015,015_0237,3,2
33443,015,015_0237,4,2
33444,015,015_0237,5,2
33445,015,015_0237,6,2
33446,015,015_0237,7,2
33447,015,015_0237,8,2
33448,015,015_0238,1,1
33449,015,015_0238,2,1
33450,015,015_0238,3,1
33451,015,015_0238,4,1
33452,015,015_0238,5,1
33453,015,015_0238,6,1
33454,015,015_0238,7,1
33455,015,015_0238,8,1
33456,015,015_0239,1,5
33457,015,015_0239,2,5
33458,015,015_0239,3,5
33459,015,015_0239,4,5
33460,015,015_0239,5,5
33461,015,015_0239,6,5
33462,015,015_0239,7,5
33463,015,015_0239,8,5
33464,015,015_0240,1,4
33465,015,015_0240,2,4
33466,015,015_0240,3,4
33467,015,015_0240,4,4
33468,015,015_0240,5,4
33469,015,015_0240,6,4
33470,015,015_0240,7,4
33471,015,015_0240,8,4
33472,015,015_0241,1,3
33473,015,015_0241,2,3
33474,015,015_0241,3,3
33475,015,015_0241,4,3
33476,015,015_0241,5,3
33477,015,015_0241,6,3
33478,015,015_0241,7,3
33479,015,015_0241,8,3
33480,015,015_0242,1,2
33481,015,015_0242,2,2
33482,015,015_0242,3,2
33483,015,015_0242,4,2
33484,015,015_0242,5,2
33485,015,015_0242,6,2
33486,015,015_0242,7,2
33487,015,015_0242,8,2
33488,015,015_0243,1,1
33489,015,015_0243,2,1
33490,015,015_0243,3,1
33491,015,015_0243,4,1
33492,015,015_0243,5,1
33493,015,015_0243,6,1
33494,015,015_0243,7,1
33495,015,015_0243,8,1
33496,015,015_0244,1,5
33497,015,015_0244,2,5
33498,015,015_0244,3,5
33499,015,015_0244,4,5
33500,015,015_0244,5,5
33501,015,015_0244,6,5
33502,015,015_0244,7,5
33503,015,015_0244,8,5
33504,015,015_0245,1,4
33505,015,015_0245,2,4
33506,015,015_0245,3,4
33507,015,015_0245,4,4
33508,015,015_0245,5,4
33509,015,015_0245,6,4
33510,015,015_0245,7,4
33511,015,015_0245,8,4
33512,015,015_0246,1,3
33513,015,015_0246,2,3
33514,015,015_0246,3,3
33515,015,015_0246,4,3
33516,015,015_0246,5,3
33517,015,015_0246,6,3
33518,015,015_0246,7,3
33519,015,015_0246,8,3
33520,015,015_0247,1,2
33521,015,015_0247,2,2
33522,015,015_0247,3,2
33523,015,015_0247,4,2
33524,015,015_0247,5,2
33525,015,015_0247,6,2
33526,015,015_0247,7,2
33527,015,015_0247,8,2
33528,015,015_0248,1,1
33529,015,015_0248,2,1
33530,015,015_0248,3,1
33531,015,015_0248,4,1
33532,015,015_0248,5,1
33533,015,015_0248,6,1
33534,015,015_0248,7,1
33535,015,015_0248,8,1
33536,015,015_0249,1,5
33537,015,015_0249,2,5
33538,015,015_0249,3,5
33539,015,015_0249,4,5
33540,015,015_0249,5,5
33541,015,015_0249,6,5
33542,015,015_0249,7,5
33543,015,015_0249,8,5
33544,015,015_0250,1,4
33545,015,015_0250,2,4
33546,015,015_0250,3,4
33547,015,015_0250,4,4
33548,015,015_0250,5,4
33549,015,015_0250,6,4
33550,015,015_0250,7,4
33551,015,015_0250,8,4
33552,015,015_0251,1,3
33553,015,015_0251,2,3
33554,015,015_0251,3,3
33555,015,015_0251,4,3
33556,015,015_0251,5,3
33557,015,015_0251,6,3
33558,015,015_0251,7,3
33559,015,015_0251,8,3
33560,015,015_0252,1,2
33561,015,015_0252,2,2
33562,015,015_0252,3,2
33563,015,015_0252,4,2
33564,015,015_0252,5,2
33565,015,015_0252,6,2
33566,015,015_0252,7,2
33567,015,015_0252,8,2
33568,015,015_0253,1,1
33569,015,015_0253,2,1
33570,015,015_0253,3,1
33571,015,015_0253,4,1
33572,015,015_0253,5,1
33573,015,015_0253,6,1
33574,015,015_0253,7,1
33575,015,015_0253,8,1
33576,015,015_0254,1,5
33577,015,015_0254,2,5
33578,015,015_0254,3,5
33579,015,015_0254,4,5
33580,015,015_0254,5,5
33581,015,015_0254,6,5
33582,015,015_0254,7,5
33583,015,015_0254,8,5
33584,015,015_0255,1,4
33585,015,015_0255,2,4
33586,015,015_0255,3,4
33587,015,015_0255,4,4
33588,015,015_0255,5,4
33589,015,015_0255,6,4
33590,015,015_0255,7,4
33591,015,015_0255,8,4
33592,015,015_0256,1,3
33593,015,015_0256,2,3
33594,015,015_0256,3,3
33595,015,015_0256,4,3
33596,015,015_0256,5,3
33597,015,015_0256,6,3
33598,015,015_0256,7,3
33599,015,015_0256,8,3
33600,015,015_0257,1,2
33601,015,015_0257,2,2
33602,015,015_0257,3,2
33603,015,015_0257,4,2
33604,015,015_0257,5,2
33605,015,015_0257,6,2
33606,015,015_0257,7,2
33607,015,015_0257,8,2
33608,015,015_0258,1,1
33609,015,015_0258,2,1
33610,015,015_0258,3,1
33611,015,015_0258,4,1
33612,015,015_0258,5,1
33613,015,015_0258,6,1
33614,015,015_0258,7,1
33615,015,015_0258,8,1
33616,015,015_0259,1,5
33617,015,015_0259,2,5
33618,015,015_0259,3,5
33619,015,015_0259,4,5
33620,015,015_0259,5,5
33621,015,015_0259,6,5
33622,015,015_0259,7,5
33623,015,015_0259,8,5
33624,015,015_0260,1,4
33625,015,015_0260,2,4
33626,015,015_0260,3,4
33627,015,015_0260,4,4
33628,015,015_0260,5,4
33629,015,015_0260,6,4
33630,015,015_0260,7,4
33631,015,015_0260,8,4
33632,015,015_0261,1,3
33633,015,015_0261,2,3
33634,015,015_0261,3,3
33635,015,015_0261,4,3
33636,015,015_0261,5,3
33637,015,015_0261,6,3
33638,015,015_0261,7,3
33639,015,015_0261,8,3
33640,015,015_0262,1,2
33641,015,015_0262,2,2
33642,015,015_0262,3,2
33643,015,015_0262,4,2
33644,015,015_0262,5,2
33645,015,015_0262,6,2
33646,015,015_0262,7,2
33647,015,015_0262,8,2
33648,015,015_0263,1,1
33649,015,015_0263,2,1
33650,015,015_0263,3,1
33651,015,015_0263,4,1
33652,015,015_0263,5,1
33653,015,015_0263,6,1
33654,015,015_0263,7,1
33655,015,015_0263,8,1
33656,015,015_0264,1,5
33657,015,015_0264,2,5
33658,015,015_0264,3,5
33659,015,015_0264,4,5
33660,015,015_0264,5,5
33661,015,015_0264,6,5
33662,015,015_0264,7,5
33663,015,015_0264,8,5
33664,015,015_0265,1,4
33665,015,015_0265,2,4
33666,015,015_0265,3,4
33667,015,015_0265,4,4
33668,015,015_0265,5,4
33669,015,015_0265,6,4
33670,015,015_0265,7,4
33671,015,015_0265,8,4
33672,015,015_0266,1,3
33673,015,015_0266,2,3
33674,015,015_0266,3,3
33675,015,015_0266,4,3
33676,015,015_0266,5,3
33677,015,015_0266,6,3
33678,015,015_0266,7,3
33679,015,015_0266,8,3
33680,015,015_0267,1,2
33681,015,015_0267,2,2
33682,015,015_0267,3,2
33683,015,015_0267,4,2
33684,015,015_0267,5,2
33685,015,015_0267,6,2
33686,015,015_0267,7,2
33687,015,015_0267,8,2
33688,015,015_0268,1,1
33689,015,015_0268,2,1
33690,015,015_0268,3,1
33691,015,015_0268,4,1
33692,015,015_0268,5,1
33693,015,015_0268,6,1
33694,015,015_0268,7,1
33695,015,015_0268,8,1
33696,015,015_0269,1,5
33697,015,015_0269,2,5
33698,015,015_0269,3,5
33699,015,015_0269,4,5
33700,015,015_0269,5,5
33701,015,015_0269,6,5
33702,015,015_0269,7,5
33703,015,015_0269,8,5
33704,015,015_0270,1,4
33705,015,015_0270,2,4
33706,015,015_0270,3,4
33707,015,015_0270,4,4
33708,015,015_0270,5,4
33709,015,015_0270,6,4
33710,015,015_0270,7,4
33711,015,015_0270,8,4
33712,015,015_0271,1,3
33713,015,015_0271,2,3
33714,015,015_0271,3,3
33715,015,015_0271,4,3
33716,015,015_0271,5,3
33717,015,015_0271,6,3
33718,015,015_0271,7,3
33719,015,015_0271,8,3
33720,015,015_0272,1,2
33721,015,015_0272,2,2
33722,015,015_0272,3,2
33723,015,015_0272,4,2
33724,015,015_0272,5,2
33725,015,015_0272,6,2
33726,015,015_0272,7,2
33727,015,015_0272,8,2
33728,015,015_0273,1,1
33729,015,015_0273,2,1
33730,015,015_0273,3,1
33731,015,015_0273,4,1
33732,015,015_0273,5,1
33733,015,015_0273,6,1
33734,015,015_0273,7,1
33735,015,015_0273,8,1
33736,015,015_0274,1,5
33737,015,015_0274,2,5
33738,015,015_0274,3,5
33739,015,015_0274,4,5
33740,015,015_0274,5,5
33741,015,015_0274,6,5
33742,015,015_0274,7,5
33743,015,015_0274,8,5
33744,015,015_0275,1,4
33745,015,015_0275,2,4
33746,015,015_0275,3,4
33747,015,015_0275,4,4
33748,015,015_0275,5,4
33749,015,015_0275,6,4
33750,015,015_0275,7,4
33751,015,015_0275,8,4
33752,015,015_0276,1,3
33753,015,015_0276,2,3
33754,015,015_0276,3,3
33755,015,015_0276,4,3
33756,015,015_0276,5,3
33757,015,015_0276,6,3
33758,015,015_0276,7,3
33759,015,015_0276,8,3
33760,015,015_0277,1,2
33761,015,015_0277,2,2
33762,015,015_0277,3,2
33763,015,015_0277,4,2
33764,015,015_0277,5,2
33765,015,015_0277,6,2
33766,015,015_0277,7,2
33767,015,015_0277,8,2
33768,015,015_0278,1,1
33769,015,015_0278,2,1
33770,015,015_0278,3,1
33771,015,015_0278,4,1
33772,015,015_0278,5,1
33773,015,015_0278,6,1
33774,015,015_0278,7,1
33775,015,015_0278,8,1
33776,015,015_0279,1,5
33777,015,015_0279,2,5
33778,015,015_0279,3,5
33779,015,015_0279,4,5
33780,015,015_0279,5,5
33781,015,015_0279,6,5
33782,015,015_0279,7,5
33783,015,015_0279,8,5
33784,015,015_0280,1,4
33785,015,015_0280,2,4
33786,015,015_0280,3,4
33787,015,015_0280,4,4
33788,015,015_0280,5,4
33789,015,015_0280,6,4
33790,015,015_0280,7,4
33791,015,015_0280,8,4
33792,015,015_0281,1,3
33793,015,015_0281,2,3
33794,015,015_0281,3,3
33795,015,015_0281,4,3
33796,015,015_0281,5,3
33797,015,015_0281,6,3
33798,015,015_0281,7,3
33799,015,015_0281,8,3
33800,015,015_0282,1,2
33801,015,015_0282,2,2
33802,015,015_0282,3,2
33803,015,015_0282,4,2
33804,015,015_0282,5,2
33805,015,015_0282,6,2
33806,015,015_0282,7,2
33807,015,015_0282,8,2
33808,015,015_0283,1,1
33809,015,015_0283,2,1
33810,015,015_0283,3,1
33811,015,015_0283,4,1
33812,015,015_0283,5,1
33813,015,015_0283,6,1
33814,015,015_0283,7,1
33815,015,015_0283,8,1
33816,015,015_0284,1,5
33817,015,015_0284,2,5
33818,015,015_0284,3,5
33819,015,015_0284,4,5
33820,015,015_0284,5,5
33821,015,015_0284,6,5
33822,015,015_0284,7,5
33823,015,015_0284,8,5
33824,015,015_0285,1,4
33825,015,015_0285,2,4
33826,015,015_0285,3,4
33827,015,015_0285,4,4
33828,015,015_0285,5,4
33829,015,015_0285,6,4
33830,015,015_0285,7,4
33831,015,015_0285,8,4
33832,015,015_0286,1,3
33833,015,015_0286,2,3
33834,015,015_0286,3,3
33835,015,015_0286,4,3
33836,015,015_0286,5,3
33837,015,015_0286,6,3
33838,015,015_0286,7,3
33839,015,015_0286,8,3
33840,015,015_0287,1,2
33841,015,015_0287,2,2
33842,015,015_0287,3,2
33843,015,015_0287,4,2
33844,015,015_0287,5,2
33845,015,015_0287,6,2
33846,015,015_0287,7,2
33847,015,015_0287,8,2
33848,015,015_0288,1,1
33849,015,015_0288,2,1
33850,015,015_0288,3,1
33851,015,015_0288,4,1
33852,015,015_0288,5,1
33853,015,015_0288,6,1
33854,015,015_0288,7,1
33855,015,015_0288,8,1
33856,015,015_0289,1,5
33857,015,015_0289,2,5
33858,015,015_0289,3,5
33859,015,015_0289,4,5
33860,015,015_0289,5,5
33861,015,015_0289,6,5
33862,015,015_0289,7,5
33863,015,015_0289,8,5
33864,015,015_0290,1,4
33865,015,015_0290,2,4
33866,015,015_0290,3,4
33867,015,015_0290,4,4
33868,015,015_0290,5,4
33869,015,015_0290,6,4
33870,015,015_0290,7,4
33871,015,015_0290,8,4
33872,015,015_0291,1,3
33873,015,015_0291,2,3
33874,015,015_0291,3,3
33875,015,015_0291,4,3
33876,015,015_0291,5,3
33877,015,015_0291,6,3
33878,015,015_0291,7,3
33879,015,015_0291,8,3
33880,015,015_0292,1,2
33881,015,015_0292,2,2
33882,015,015_0292,3,2
33883,015,015_0292,4,2
33884,015,015_0292,5,2
33885,015,015_0292,6,2
33886,015,015_0292,7,2
33887,015,015_0292,8,2
33888,015,015_0293,1,1
33889,015,015_0293,2,1
33890,015,015_0293,3,1
33891,015,015_0293,4,1
33892,015,015_0293,5,1
33893,015,015_0293,6,1
33894,015,015_0293,7,1
33895,015,015_0293,8,1
33896,015,015_0294,1,5
33897,015,015_0294,2,5
33898,015,015_0294,3,5
33899,015,015_0294,4,5
33900,015,015_0294,5,5
33901,015,015_0294,6,5
33902,015,015_0294,7,5
33903,015,015_0294,8,5
33904,015,015_0295,1,4
33905,015,015_0295,2,4
33906,015,015_0295,3,4
33907,015,015_0295,4,4
33908,015,015_0295,5,4
33909,015,015_0295,6,4
33910,015,015_0295,7,4
33911,015,015_0295,8,4
33912,015,015_0296,1,3
33913,015,015_0296,2,3
33914,015,015_0296,3,3
33915,015,015_0296,4,3
33916,015,015_0296,5,3
33917,015,015_0296,6,3
33918,015,015_0296,7,3
33919,015,015_0296,8,3
33920,015,015_0297,1,2
33921,015,015_0297,2,2
33922,015,015_0297,3,2
33923,015,015_0297,4,2
33924,015,015_0297,5,2
33925,015,015_0297,6,2
33926,015,015_0297,7,2
33927,015,015_0297,8,2
33928,015,015_0298,1,1
33929,015,015_0298,2,1
33930,015,015_0298,3,1
33931,015,015_0298,4,1
33932,015,015_0298,5,1
33933,015,015_0298,6,1
33934,015,015_0298,7,1
33935,015,015_0298,8,1
33936,015,015_0299,1,5
33937,015,015_0299,2,5
33938,015,015_0299,3,5
33939,015,015_0299,4,5
33940,015,015_0299,5,5
33941,015,015_0299,6,5
33942,015,015_0299,7,5
33943,015,015_0299,8,5
33944,015,015_0300,1,4
33945,015,015_0300,2,4
33946,015,015_0300,3,4
33947,015,015_0300,4,4
33948,015,015_0300,5,4
33949,015,015_0300,6,4
33950,015,015_0300,7,4
33951,015,015_0300,8,4
33952,015,015_0301,1,3
33953,015,015_0301,2,3
33954,015,015_0301,3,3
33955,015,015_0301,4,3
33956,015,015_0301,5,3
33957,015,015_0301,6,3
33958,015,015_0301,7,3
33959,015,015_0301,8,3
33960,015,015_0302,1,2
33961,015,015_0302,2,2
33962,015,015_0302,3,2
33963,015,015_0302,4,2
33964,015,015_0302,5,2
33965,015,015_0302,6,2
33966,015,015_0302,7,2
33967,015,015_0302,8,2
33968,015,015_0303,1,1
33969,015,015_0303,2,1
33970,015,015_0303,3,1
33971,015,015_0303,4,1
33972,015,015_0303,5,1
33973,015,015_0303,6,1
33974,015,015_0303,7,1
33975,015,015_0303,8,1
33976,015,015_0304,1,5
33977,015,015_0304,2,5
33978,015,015_0304,3,5
33979,015,015_0304,4,5
33980,015,015_0304,5,5
33981,015,015_0304,6,5
33982,015,015_0304,7,5
33983,015,015_0304,8,5
33984,015,015_0305,1,4
33985,015,015_0305,2,4
33986,015,015_0305,3,4
33987,015,015_0305,4,4
33988,015,015_0305,5,4
33989,015,015_0305,6,4
33990,015,015_0305,7,4
33991,015,015_0305,8,4
33992,015,015_0306,1,3
33993,015,015_0306,2,3
33994,015,015_0306,3,3
33995,015,015_0306,4,3
33996,015,015_0306,5,3
33997,015,015_0306,6,3
33998,015,015_0306,7,3
33999,015,015_0306,8,3
34000,015,015_0307,1,2
34001,015,015_0307,2,2
34002,015,015_0307,3,2
34003,015,015_0307,4,2
34004,015,015_0307,5,2
34005,015,015_0307,6,2
34006,015,015_0307,7,2
34007,015,015_0307,8,2
34008,015,015_0308,1,1
34009,015,015_0308,2,1
34010,015,015_0308,3,1
34011,015,015_0308,4,1
34012,015,015_0308,5,1
34013,015,015_0308,6,1
34014,015,015_0308,7,1
34015,015,015_0308,8,1
34016,015,015_0309,1,5
34017,015,015_0309,2,5
34018,015,015_0309,3,5
34019,015,015_0309,4,5
34020,015,015_0309,5,5
34021,015,015_0309,6,5
34022,015,015_0309,7,5
34023,015,015_0309,8,5
34024,015,015_0310,1,4
34025,015,015_0310,2,4
34026,015,015_0310,3,4
34027,015,015_0310,4,4
34028,015,015_0310,5,4
34029,015,015_0310,6,4
34030,015,015_0310,7,4
34031,015,015_0310,8,4
34032,015,015_0311,1,3
34033,015,015_0311,2,3
34034,015,015_0311,3,3
34035,015,015_0311,4,3
34036,015,015_0311,5,3
34037,015,015_0311,6,3
34038,015,015_0311,7,3
34039,015,015_0311,8,3
34040,015,015_0312,1,2
34041,015,015_0312,2,2
34042,015,015_0312,3,2
34043,015,015_0312,4,2
34044,015,015_0312,5,2
34045,015,015_0312,6,2
34046,015,015_0312,7,2
34047,015,015_0312,8,2
34048,015,015_0313,1,1
34049,015,015_0313,2,1
34050,015,015_0313,3,1
34051,015,015_0313,4,1
34052,015,015_0313,5,1
34053,015,015_0313,6,1
34054,015,015_0313,7,1
34055,015,015_0313,8,1
